source,destination,relationship,anchor,priority,market
https://pixvo.tech/mx/,https://pixvo.tech/mx/sistema-crecimiento-digital/,parent_to_child,Sistema de crecimiento,P1,mx
https://pixvo.tech/mx/,https://pixvo.tech/mx/soluciones/seo-para-pymes/,internal,SEO para PyMEs,P1,mx
https://pixvo.tech/mx/,https://pixvo.tech/mx/auditoria-crecimiento-digital/,internal,Auditoría,P1,mx
https://pixvo.tech/mx/,https://pixvo.tech/mx/planes/,conversion,Planes,P1,mx
https://pixvo.tech/mx/,https://pixvo.tech/mx/casos-de-exito/,internal,Casos de éxito,P1,mx
https://pixvo.tech/mx/,https://pixvo.tech/mx/recursos/,internal,Recursos,P2,mx
https://pixvo.tech/mx/,https://pixvo.tech/mx/blog/,parent_to_child,Blog,P2,mx
https://pixvo.tech/mx/,https://pixvo.tech/mx/solicitar-diagnostico/,conversion,Solicitar diagnóstico,P1,mx
https://pixvo.tech/mx/,https://pixvo.tech/,child_to_parent,Inicio,P1,mx
https://pixvo.tech/mx/,https://pixvo.tech/mx/problemas/leads-no-convierten/,internal,¿Por qué tus leads no se convierten en clientes?,P1,mx
https://pixvo.tech/mx/,https://pixvo.tech/mx/problemas/reducir-tareas-manuales/,internal,Automatiza tareas repetitivas que frenan a tu equipo,P1,mx
https://pixvo.tech/mx/,https://pixvo.tech/mx/problemas/web-no-convierte/,internal,"Mi web recibe visitas, pero no vende ni genera oportunidades",P1,mx
https://pixvo.tech/mx/,https://pixvo.tech/mx/problemas/dependencia-publicidad-paga/,internal,Reduce la dependencia de la publicidad pagada,P1,mx
https://pixvo.tech/mx/,https://pixvo.tech/mx/problemas/medir-resultados-marketing/,internal,Mide qué acciones generan oportunidades,P1,mx
https://pixvo.tech/mx/,https://pixvo.tech/mx/problemas/conectar-marketing-y-ventas/,internal,Conecta marketing y ventas sin perder contexto,P1,mx
https://pixvo.tech/mx/,https://pixvo.tech/mx/soluciones/seo-para-pymes/,internal,SEO para PyMEs orientado a captar clientes,P1,mx
https://pixvo.tech/mx/,https://pixvo.tech/mx/soluciones/seo-wordpress/,internal,SEO para WordPress,P2,mx
https://pixvo.tech/mx/,https://pixvo.tech/mx/soluciones/contenido-seo/,internal,Servicio de contenido SEO,P2,mx
https://pixvo.tech/mx/,https://pixvo.tech/mx/soluciones/automatizacion-de-procesos/,internal,Automatización de procesos para PyMEs,P1,mx
https://pixvo.tech/mx/,https://pixvo.tech/mx/soluciones/automatizacion-de-marketing/,internal,Automatización de marketing,P2,mx
https://pixvo.tech/mx/,https://pixvo.tech/mx/soluciones/seguimiento-de-leads/,internal,Automatización del seguimiento de leads,P1,mx
https://pixvo.tech/mx/,https://pixvo.tech/mx/soluciones/analitica-digital/,internal,Consultoría de analítica digital,P2,mx
https://pixvo.tech/mx/,https://pixvo.tech/mx/soluciones/optimizacion-wordpress/,internal,Optimización WordPress para empresas,P2,mx
https://pixvo.tech/mx/,https://pixvo.tech/mx/soluciones/optimizacion-de-conversion/,internal,Optimización de conversión web,P2,mx
https://pixvo.tech/mx/,https://pixvo.tech/mx/casos-de-exito/,internal,Revisar casos y límites de evidencia,P1,mx
https://pixvo.tech/mx/,https://pixvo.tech/mx/recursos/,internal,Comparar alternativas,P2,mx
https://pixvo.tech/mx/,https://pixvo.tech/mx/planes/,conversion,Ver planes y precios,P1,mx
https://pixvo.tech/mx/,https://pixvo.tech/mx/soluciones/automatizacion-de-procesos/,internal,Automatización,P1,mx
https://pixvo.tech/mx/,https://pixvo.tech/mx/soluciones/seguimiento-de-leads/,internal,Seguimiento de leads,P1,mx
https://pixvo.tech/mx/,https://pixvo.tech/mx/nosotros/,parent_to_child,Nosotros,P3,mx
https://pixvo.tech/mx/,https://pixvo.tech/mx/contacto/,parent_to_child,Contacto,P3,mx
https://pixvo.tech/mx/,https://pixvo.tech/mx/,internal,México,P1,mx
https://pixvo.tech/mx/,https://pixvo.tech/ar/,internal,Argentina,P1,mx
https://pixvo.tech/mx/,https://pixvo.tech/es/,internal,España,P1,mx
https://pixvo.tech/mx/sistema-crecimiento-digital/,https://pixvo.tech/mx/sistema-crecimiento-digital/,internal,Sistema de crecimiento,P1,mx
https://pixvo.tech/mx/sistema-crecimiento-digital/,https://pixvo.tech/mx/soluciones/seo-para-pymes/,parent_to_child,SEO para PyMEs,P1,mx
https://pixvo.tech/mx/sistema-crecimiento-digital/,https://pixvo.tech/mx/auditoria-crecimiento-digital/,parent_to_child,Auditoría,P1,mx
https://pixvo.tech/mx/sistema-crecimiento-digital/,https://pixvo.tech/mx/planes/,parent_to_child,Planes,P1,mx
https://pixvo.tech/mx/sistema-crecimiento-digital/,https://pixvo.tech/mx/casos-de-exito/,parent_to_child,Casos de éxito,P1,mx
https://pixvo.tech/mx/sistema-crecimiento-digital/,https://pixvo.tech/mx/recursos/,parent_to_child,Recursos,P2,mx
https://pixvo.tech/mx/sistema-crecimiento-digital/,https://pixvo.tech/mx/blog/,internal,Blog,P2,mx
https://pixvo.tech/mx/sistema-crecimiento-digital/,https://pixvo.tech/mx/solicitar-diagnostico/,parent_to_child,Solicitar diagnóstico,P1,mx
https://pixvo.tech/mx/sistema-crecimiento-digital/,https://pixvo.tech/,internal,Inicio,P1,mx
https://pixvo.tech/mx/sistema-crecimiento-digital/,https://pixvo.tech/mx/,child_to_parent,México,P1,mx
https://pixvo.tech/mx/sistema-crecimiento-digital/,https://pixvo.tech/mx/problemas/leads-no-convierten/,internal,¿Por qué tus leads no se convierten en clientes?,P1,mx
https://pixvo.tech/mx/sistema-crecimiento-digital/,https://pixvo.tech/mx/problemas/reducir-tareas-manuales/,internal,Automatiza tareas repetitivas que frenan a tu equipo,P1,mx
https://pixvo.tech/mx/sistema-crecimiento-digital/,https://pixvo.tech/mx/problemas/web-no-convierte/,internal,"Mi web recibe visitas, pero no vende ni genera oportunidades",P1,mx
https://pixvo.tech/mx/sistema-crecimiento-digital/,https://pixvo.tech/mx/problemas/dependencia-publicidad-paga/,internal,Reduce la dependencia de la publicidad pagada,P1,mx
https://pixvo.tech/mx/sistema-crecimiento-digital/,https://pixvo.tech/mx/problemas/medir-resultados-marketing/,internal,Mide qué acciones generan oportunidades,P1,mx
https://pixvo.tech/mx/sistema-crecimiento-digital/,https://pixvo.tech/mx/problemas/conectar-marketing-y-ventas/,internal,Conecta marketing y ventas sin perder contexto,P1,mx
https://pixvo.tech/mx/sistema-crecimiento-digital/,https://pixvo.tech/mx/problemas/wordpress-lento/,internal,"WordPress lento: rendimiento, estabilidad y conversión",P1,mx
https://pixvo.tech/mx/sistema-crecimiento-digital/,https://pixvo.tech/mx/problemas/contenido-no-genera-clientes/,internal,"Contenido que no genera clientes: intención, rutas y conversión",P1,mx
https://pixvo.tech/mx/sistema-crecimiento-digital/,https://pixvo.tech/mx/soluciones/seo-para-pymes/,parent_to_child,SEO para PyMEs orientado a captar clientes,P1,mx
https://pixvo.tech/mx/sistema-crecimiento-digital/,https://pixvo.tech/mx/soluciones/seo-wordpress/,internal,SEO para WordPress,P2,mx
https://pixvo.tech/mx/sistema-crecimiento-digital/,https://pixvo.tech/mx/soluciones/contenido-seo/,internal,Servicio de contenido SEO,P2,mx
https://pixvo.tech/mx/sistema-crecimiento-digital/,https://pixvo.tech/mx/soluciones/automatizacion-de-procesos/,parent_to_child,Automatización de procesos para PyMEs,P1,mx
https://pixvo.tech/mx/sistema-crecimiento-digital/,https://pixvo.tech/mx/soluciones/automatizacion-de-marketing/,internal,Automatización de marketing,P2,mx
https://pixvo.tech/mx/sistema-crecimiento-digital/,https://pixvo.tech/mx/soluciones/seguimiento-de-leads/,parent_to_child,Automatización del seguimiento de leads,P1,mx
https://pixvo.tech/mx/sistema-crecimiento-digital/,https://pixvo.tech/mx/soluciones/analitica-digital/,parent_to_child,Consultoría de analítica digital,P2,mx
https://pixvo.tech/mx/sistema-crecimiento-digital/,https://pixvo.tech/mx/soluciones/optimizacion-wordpress/,parent_to_child,Optimización WordPress para empresas,P2,mx
https://pixvo.tech/mx/sistema-crecimiento-digital/,https://pixvo.tech/mx/soluciones/optimizacion-de-conversion/,parent_to_child,Optimización de conversión web,P2,mx
https://pixvo.tech/mx/sistema-crecimiento-digital/,https://pixvo.tech/mx/recursos/seo-vs-sistema-de-crecimiento/,internal,SEO vs sistema de crecimiento digital,P2,mx
https://pixvo.tech/mx/sistema-crecimiento-digital/,https://pixvo.tech/mx/recursos/seo-mensual-vs-auditoria/,internal,SEO mensual vs auditoría,P2,mx
https://pixvo.tech/mx/sistema-crecimiento-digital/,https://pixvo.tech/mx/casos-de-exito/microcuotas/,internal,Caso Microcuotas,P1,mx
https://pixvo.tech/mx/sistema-crecimiento-digital/,https://pixvo.tech/mx/solicitar-diagnostico/,parent_to_child,Diagnóstico,P1,mx
https://pixvo.tech/mx/sistema-crecimiento-digital/,https://pixvo.tech/mx/soluciones/automatizacion-de-procesos/,parent_to_child,Automatización,P1,mx
https://pixvo.tech/mx/sistema-crecimiento-digital/,https://pixvo.tech/mx/soluciones/seguimiento-de-leads/,parent_to_child,Seguimiento de leads,P1,mx
https://pixvo.tech/mx/sistema-crecimiento-digital/,https://pixvo.tech/mx/nosotros/,internal,Nosotros,P3,mx
https://pixvo.tech/mx/sistema-crecimiento-digital/,https://pixvo.tech/mx/contacto/,internal,Contacto,P3,mx
https://pixvo.tech/mx/sistema-crecimiento-digital/,https://pixvo.tech/ar/,internal,Argentina,P1,mx
https://pixvo.tech/mx/sistema-crecimiento-digital/,https://pixvo.tech/es/,internal,España,P1,mx
https://pixvo.tech/mx/planes/,https://pixvo.tech/mx/sistema-crecimiento-digital/,child_to_parent,Sistema de crecimiento,P1,mx
https://pixvo.tech/mx/planes/,https://pixvo.tech/mx/soluciones/seo-para-pymes/,internal,SEO para PyMEs,P1,mx
https://pixvo.tech/mx/planes/,https://pixvo.tech/mx/auditoria-crecimiento-digital/,internal,Auditoría,P1,mx
https://pixvo.tech/mx/planes/,https://pixvo.tech/mx/planes/,conversion,Planes,P1,mx
https://pixvo.tech/mx/planes/,https://pixvo.tech/mx/casos-de-exito/,internal,Casos de éxito,P1,mx
https://pixvo.tech/mx/planes/,https://pixvo.tech/mx/recursos/,internal,Recursos,P2,mx
https://pixvo.tech/mx/planes/,https://pixvo.tech/mx/blog/,internal,Blog,P2,mx
https://pixvo.tech/mx/planes/,https://pixvo.tech/mx/solicitar-diagnostico/,conversion,Solicitar diagnóstico,P1,mx
https://pixvo.tech/mx/planes/,https://pixvo.tech/,internal,Inicio,P1,mx
https://pixvo.tech/mx/planes/,https://pixvo.tech/mx/,internal,México,P1,mx
https://pixvo.tech/mx/planes/,https://pixvo.tech/mx/sistema-crecimiento-digital/,child_to_parent,Entender Pixvo Growth System,P1,mx
https://pixvo.tech/mx/planes/,https://pixvo.tech/mx/auditoria-crecimiento-digital/,internal,Solicitar una auditoría,P1,mx
https://pixvo.tech/mx/planes/,https://pixvo.tech/mx/recursos/seo-mensual-vs-auditoria/,internal,SEO mensual vs auditoría,P2,mx
https://pixvo.tech/mx/planes/,https://pixvo.tech/mx/casos-de-exito/microcuotas/,internal,Caso Microcuotas,P1,mx
https://pixvo.tech/mx/planes/,https://pixvo.tech/mx/solicitar-diagnostico/,conversion,Revisar qué plan encaja,P1,mx
https://pixvo.tech/mx/planes/,https://pixvo.tech/mx/soluciones/automatizacion-de-procesos/,internal,Automatización,P1,mx
https://pixvo.tech/mx/planes/,https://pixvo.tech/mx/soluciones/seguimiento-de-leads/,internal,Seguimiento de leads,P1,mx
https://pixvo.tech/mx/planes/,https://pixvo.tech/mx/nosotros/,internal,Nosotros,P3,mx
https://pixvo.tech/mx/planes/,https://pixvo.tech/mx/contacto/,internal,Contacto,P3,mx
https://pixvo.tech/mx/planes/,https://pixvo.tech/ar/,internal,Argentina,P1,mx
https://pixvo.tech/mx/planes/,https://pixvo.tech/es/,internal,España,P1,mx
https://pixvo.tech/mx/auditoria-crecimiento-digital/,https://pixvo.tech/mx/sistema-crecimiento-digital/,child_to_parent,Sistema de crecimiento,P1,mx
https://pixvo.tech/mx/auditoria-crecimiento-digital/,https://pixvo.tech/mx/soluciones/seo-para-pymes/,internal,SEO para PyMEs,P1,mx
https://pixvo.tech/mx/auditoria-crecimiento-digital/,https://pixvo.tech/mx/auditoria-crecimiento-digital/,internal,Auditoría,P1,mx
https://pixvo.tech/mx/auditoria-crecimiento-digital/,https://pixvo.tech/mx/planes/,conversion,Planes,P1,mx
https://pixvo.tech/mx/auditoria-crecimiento-digital/,https://pixvo.tech/mx/casos-de-exito/,internal,Casos de éxito,P1,mx
https://pixvo.tech/mx/auditoria-crecimiento-digital/,https://pixvo.tech/mx/recursos/,internal,Recursos,P2,mx
https://pixvo.tech/mx/auditoria-crecimiento-digital/,https://pixvo.tech/mx/blog/,internal,Blog,P2,mx
https://pixvo.tech/mx/auditoria-crecimiento-digital/,https://pixvo.tech/mx/solicitar-diagnostico/,conversion,Solicitar diagnóstico,P1,mx
https://pixvo.tech/mx/auditoria-crecimiento-digital/,https://pixvo.tech/,internal,Inicio,P1,mx
https://pixvo.tech/mx/auditoria-crecimiento-digital/,https://pixvo.tech/mx/,internal,México,P1,mx
https://pixvo.tech/mx/auditoria-crecimiento-digital/,https://pixvo.tech/mx/soluciones/automatizacion-de-procesos/,internal,Automatización de procesos,P1,mx
https://pixvo.tech/mx/auditoria-crecimiento-digital/,https://pixvo.tech/mx/soluciones/seguimiento-de-leads/,internal,Seguimiento de leads,P1,mx
https://pixvo.tech/mx/auditoria-crecimiento-digital/,https://pixvo.tech/mx/recursos/seo-mensual-vs-auditoria/,internal,SEO mensual vs auditoría,P2,mx
https://pixvo.tech/mx/auditoria-crecimiento-digital/,https://pixvo.tech/mx/casos-de-exito/microcuotas/,internal,Caso Microcuotas,P1,mx
https://pixvo.tech/mx/auditoria-crecimiento-digital/,https://pixvo.tech/mx/solicitar-diagnostico/,conversion,Solicitar la auditoría,P1,mx
https://pixvo.tech/mx/auditoria-crecimiento-digital/,https://pixvo.tech/mx/soluciones/automatizacion-de-procesos/,internal,Automatización,P1,mx
https://pixvo.tech/mx/auditoria-crecimiento-digital/,https://pixvo.tech/mx/nosotros/,internal,Nosotros,P3,mx
https://pixvo.tech/mx/auditoria-crecimiento-digital/,https://pixvo.tech/mx/contacto/,internal,Contacto,P3,mx
https://pixvo.tech/mx/auditoria-crecimiento-digital/,https://pixvo.tech/ar/,internal,Argentina,P1,mx
https://pixvo.tech/mx/auditoria-crecimiento-digital/,https://pixvo.tech/es/,internal,España,P1,mx
https://pixvo.tech/mx/solicitar-diagnostico/,https://pixvo.tech/mx/sistema-crecimiento-digital/,child_to_parent,Sistema de crecimiento,P1,mx
https://pixvo.tech/mx/solicitar-diagnostico/,https://pixvo.tech/mx/soluciones/seo-para-pymes/,internal,SEO para PyMEs,P1,mx
https://pixvo.tech/mx/solicitar-diagnostico/,https://pixvo.tech/mx/auditoria-crecimiento-digital/,internal,Auditoría,P1,mx
https://pixvo.tech/mx/solicitar-diagnostico/,https://pixvo.tech/mx/planes/,conversion,Planes,P1,mx
https://pixvo.tech/mx/solicitar-diagnostico/,https://pixvo.tech/mx/casos-de-exito/,internal,Casos de éxito,P1,mx
https://pixvo.tech/mx/solicitar-diagnostico/,https://pixvo.tech/mx/recursos/,internal,Recursos,P2,mx
https://pixvo.tech/mx/solicitar-diagnostico/,https://pixvo.tech/mx/blog/,internal,Blog,P2,mx
https://pixvo.tech/mx/solicitar-diagnostico/,https://pixvo.tech/mx/solicitar-diagnostico/,conversion,Solicitar diagnóstico,P1,mx
https://pixvo.tech/mx/solicitar-diagnostico/,https://pixvo.tech/,internal,Inicio,P1,mx
https://pixvo.tech/mx/solicitar-diagnostico/,https://pixvo.tech/mx/,internal,México,P1,mx
https://pixvo.tech/mx/solicitar-diagnostico/,https://pixvo.tech/mx/contacto/,internal,Consulta los canales de contacto,P3,mx
https://pixvo.tech/mx/solicitar-diagnostico/,https://pixvo.tech/legal/politica-de-privacidad/,internal,política de privacidad,,mx
https://pixvo.tech/mx/solicitar-diagnostico/,https://pixvo.tech/mx/casos-de-exito/microcuotas/,internal,Caso relacionado de automatización y seguimiento,P1,mx
https://pixvo.tech/mx/solicitar-diagnostico/,https://pixvo.tech/mx/auditoria-crecimiento-digital/,internal,Conocer el alcance de la auditoría,P1,mx
https://pixvo.tech/mx/solicitar-diagnostico/,https://pixvo.tech/mx/planes/,conversion,Revisar planes,P1,mx
https://pixvo.tech/mx/solicitar-diagnostico/,https://pixvo.tech/mx/soluciones/automatizacion-de-procesos/,internal,Automatización,P1,mx
https://pixvo.tech/mx/solicitar-diagnostico/,https://pixvo.tech/mx/soluciones/seguimiento-de-leads/,internal,Seguimiento de leads,P1,mx
https://pixvo.tech/mx/solicitar-diagnostico/,https://pixvo.tech/mx/nosotros/,internal,Nosotros,P3,mx
https://pixvo.tech/mx/solicitar-diagnostico/,https://pixvo.tech/mx/contacto/,internal,Contacto,P3,mx
https://pixvo.tech/mx/solicitar-diagnostico/,https://pixvo.tech/ar/,internal,Argentina,P1,mx
https://pixvo.tech/mx/solicitar-diagnostico/,https://pixvo.tech/es/,internal,España,P1,mx
https://pixvo.tech/mx/nosotros/,https://pixvo.tech/mx/sistema-crecimiento-digital/,internal,Sistema de crecimiento,P1,mx
https://pixvo.tech/mx/nosotros/,https://pixvo.tech/mx/soluciones/seo-para-pymes/,internal,SEO para PyMEs,P1,mx
https://pixvo.tech/mx/nosotros/,https://pixvo.tech/mx/auditoria-crecimiento-digital/,internal,Auditoría,P1,mx
https://pixvo.tech/mx/nosotros/,https://pixvo.tech/mx/planes/,conversion,Planes,P1,mx
https://pixvo.tech/mx/nosotros/,https://pixvo.tech/mx/casos-de-exito/,internal,Casos de éxito,P1,mx
https://pixvo.tech/mx/nosotros/,https://pixvo.tech/mx/recursos/,internal,Recursos,P2,mx
https://pixvo.tech/mx/nosotros/,https://pixvo.tech/mx/blog/,internal,Blog,P2,mx
https://pixvo.tech/mx/nosotros/,https://pixvo.tech/mx/solicitar-diagnostico/,conversion,Solicitar diagnóstico,P1,mx
https://pixvo.tech/mx/nosotros/,https://pixvo.tech/,internal,Inicio,P1,mx
https://pixvo.tech/mx/nosotros/,https://pixvo.tech/mx/,child_to_parent,México,P1,mx
https://pixvo.tech/mx/nosotros/,https://pixvo.tech/mx/casos-de-exito/,internal,Revisar experiencia y casos documentados,P1,mx
https://pixvo.tech/mx/nosotros/,https://pixvo.tech/mx/contacto/,internal,Contactar con Pixvo,P3,mx
https://pixvo.tech/mx/nosotros/,https://pixvo.tech/mx/soluciones/automatizacion-de-procesos/,internal,Automatización,P1,mx
https://pixvo.tech/mx/nosotros/,https://pixvo.tech/mx/soluciones/seguimiento-de-leads/,internal,Seguimiento de leads,P1,mx
https://pixvo.tech/mx/nosotros/,https://pixvo.tech/mx/nosotros/,internal,Nosotros,P3,mx
https://pixvo.tech/mx/nosotros/,https://pixvo.tech/mx/contacto/,internal,Contacto,P3,mx
https://pixvo.tech/mx/nosotros/,https://pixvo.tech/ar/,internal,Argentina,P1,mx
https://pixvo.tech/mx/nosotros/,https://pixvo.tech/es/,internal,España,P1,mx
https://pixvo.tech/mx/contacto/,https://pixvo.tech/mx/sistema-crecimiento-digital/,internal,Sistema de crecimiento,P1,mx
https://pixvo.tech/mx/contacto/,https://pixvo.tech/mx/soluciones/seo-para-pymes/,internal,SEO para PyMEs,P1,mx
https://pixvo.tech/mx/contacto/,https://pixvo.tech/mx/auditoria-crecimiento-digital/,internal,Auditoría,P1,mx
https://pixvo.tech/mx/contacto/,https://pixvo.tech/mx/planes/,conversion,Planes,P1,mx
https://pixvo.tech/mx/contacto/,https://pixvo.tech/mx/casos-de-exito/,internal,Casos de éxito,P1,mx
https://pixvo.tech/mx/contacto/,https://pixvo.tech/mx/recursos/,internal,Recursos,P2,mx
https://pixvo.tech/mx/contacto/,https://pixvo.tech/mx/blog/,internal,Blog,P2,mx
https://pixvo.tech/mx/contacto/,https://pixvo.tech/mx/solicitar-diagnostico/,conversion,Solicitar diagnóstico,P1,mx
https://pixvo.tech/mx/contacto/,https://pixvo.tech/,internal,Inicio,P1,mx
https://pixvo.tech/mx/contacto/,https://pixvo.tech/mx/,child_to_parent,México,P1,mx
https://pixvo.tech/mx/contacto/,https://pixvo.tech/mx/solicitar-diagnostico/,conversion,Aportar el contexto por escrito,P1,mx
https://pixvo.tech/mx/contacto/,https://pixvo.tech/mx/sistema-crecimiento-digital/,internal,Entender el sistema,P1,mx
https://pixvo.tech/mx/contacto/,https://pixvo.tech/mx/soluciones/automatizacion-de-procesos/,internal,Automatización,P1,mx
https://pixvo.tech/mx/contacto/,https://pixvo.tech/mx/soluciones/seguimiento-de-leads/,internal,Seguimiento de leads,P1,mx
https://pixvo.tech/mx/contacto/,https://pixvo.tech/mx/nosotros/,internal,Nosotros,P3,mx
https://pixvo.tech/mx/contacto/,https://pixvo.tech/mx/contacto/,internal,Contacto,P3,mx
https://pixvo.tech/mx/contacto/,https://pixvo.tech/ar/,internal,Argentina,P1,mx
https://pixvo.tech/mx/contacto/,https://pixvo.tech/es/,internal,España,P1,mx
https://pixvo.tech/mx/soluciones/seo-para-pymes/,https://pixvo.tech/mx/sistema-crecimiento-digital/,child_to_parent,Sistema de crecimiento,P1,mx
https://pixvo.tech/mx/soluciones/seo-para-pymes/,https://pixvo.tech/mx/soluciones/seo-para-pymes/,internal,SEO para PyMEs,P1,mx
https://pixvo.tech/mx/soluciones/seo-para-pymes/,https://pixvo.tech/mx/auditoria-crecimiento-digital/,internal,Auditoría,P1,mx
https://pixvo.tech/mx/soluciones/seo-para-pymes/,https://pixvo.tech/mx/planes/,conversion,Planes,P1,mx
https://pixvo.tech/mx/soluciones/seo-para-pymes/,https://pixvo.tech/mx/casos-de-exito/,internal,Casos de éxito,P1,mx
https://pixvo.tech/mx/soluciones/seo-para-pymes/,https://pixvo.tech/mx/recursos/,internal,Recursos,P2,mx
https://pixvo.tech/mx/soluciones/seo-para-pymes/,https://pixvo.tech/mx/blog/,internal,Blog,P2,mx
https://pixvo.tech/mx/soluciones/seo-para-pymes/,https://pixvo.tech/mx/solicitar-diagnostico/,conversion,Solicitar diagnóstico,P1,mx
https://pixvo.tech/mx/soluciones/seo-para-pymes/,https://pixvo.tech/,internal,Inicio,P1,mx
https://pixvo.tech/mx/soluciones/seo-para-pymes/,https://pixvo.tech/mx/,internal,México,P1,mx
https://pixvo.tech/mx/soluciones/seo-para-pymes/,https://pixvo.tech/mx/problemas/dependencia-publicidad-paga/,parent_to_child,Reduce la dependencia de la publicidad pagada,P1,mx
https://pixvo.tech/mx/soluciones/seo-para-pymes/,https://pixvo.tech/mx/problemas/contenido-no-genera-clientes/,internal,"Contenido que no genera clientes: intención, rutas y conversión",P1,mx
https://pixvo.tech/mx/soluciones/seo-para-pymes/,https://pixvo.tech/mx/soluciones/contenido-seo/,parent_to_child,Servicio de contenido SEO,P2,mx
https://pixvo.tech/mx/soluciones/seo-para-pymes/,https://pixvo.tech/mx/soluciones/seo-wordpress/,parent_to_child,SEO para WordPress,P2,mx
https://pixvo.tech/mx/soluciones/seo-para-pymes/,https://pixvo.tech/mx/soluciones/analitica-digital/,internal,Consultoría de analítica digital,P2,mx
https://pixvo.tech/mx/soluciones/seo-para-pymes/,https://pixvo.tech/mx/recursos/seo-vs-google-ads/,internal,SEO vs Google Ads,P2,mx
https://pixvo.tech/mx/soluciones/seo-para-pymes/,https://pixvo.tech/mx/recursos/agencia-seo-vs-consultor-seo/,internal,Agencia SEO vs consultor SEO,P2,mx
https://pixvo.tech/mx/soluciones/seo-para-pymes/,https://pixvo.tech/mx/auditoria-crecimiento-digital/,internal,Solicitar una auditoría,P1,mx
https://pixvo.tech/mx/soluciones/seo-para-pymes/,https://pixvo.tech/mx/planes/,conversion,Comparar planes y precios,P1,mx
https://pixvo.tech/mx/soluciones/seo-para-pymes/,https://pixvo.tech/mx/soluciones/automatizacion-de-procesos/,internal,Automatización,P1,mx
https://pixvo.tech/mx/soluciones/seo-para-pymes/,https://pixvo.tech/mx/soluciones/seguimiento-de-leads/,internal,Seguimiento de leads,P1,mx
https://pixvo.tech/mx/soluciones/seo-para-pymes/,https://pixvo.tech/mx/nosotros/,internal,Nosotros,P3,mx
https://pixvo.tech/mx/soluciones/seo-para-pymes/,https://pixvo.tech/mx/contacto/,internal,Contacto,P3,mx
https://pixvo.tech/mx/soluciones/seo-para-pymes/,https://pixvo.tech/ar/,internal,Argentina,P1,mx
https://pixvo.tech/mx/soluciones/seo-para-pymes/,https://pixvo.tech/es/,internal,España,P1,mx
https://pixvo.tech/mx/soluciones/seo-wordpress/,https://pixvo.tech/mx/sistema-crecimiento-digital/,internal,Sistema de crecimiento,P1,mx
https://pixvo.tech/mx/soluciones/seo-wordpress/,https://pixvo.tech/mx/soluciones/seo-para-pymes/,child_to_parent,SEO para PyMEs,P1,mx
https://pixvo.tech/mx/soluciones/seo-wordpress/,https://pixvo.tech/mx/auditoria-crecimiento-digital/,internal,Auditoría,P1,mx
https://pixvo.tech/mx/soluciones/seo-wordpress/,https://pixvo.tech/mx/planes/,conversion,Planes,P1,mx
https://pixvo.tech/mx/soluciones/seo-wordpress/,https://pixvo.tech/mx/casos-de-exito/,internal,Casos de éxito,P1,mx
https://pixvo.tech/mx/soluciones/seo-wordpress/,https://pixvo.tech/mx/recursos/,internal,Recursos,P2,mx
https://pixvo.tech/mx/soluciones/seo-wordpress/,https://pixvo.tech/mx/blog/,internal,Blog,P2,mx
https://pixvo.tech/mx/soluciones/seo-wordpress/,https://pixvo.tech/mx/solicitar-diagnostico/,conversion,Solicitar diagnóstico,P1,mx
https://pixvo.tech/mx/soluciones/seo-wordpress/,https://pixvo.tech/,internal,Inicio,P1,mx
https://pixvo.tech/mx/soluciones/seo-wordpress/,https://pixvo.tech/mx/,internal,México,P1,mx
https://pixvo.tech/mx/soluciones/seo-wordpress/,https://pixvo.tech/mx/problemas/wordpress-lento/,internal,"WordPress lento: rendimiento, estabilidad y conversión",P1,mx
https://pixvo.tech/mx/soluciones/seo-wordpress/,https://pixvo.tech/mx/soluciones/seo-para-pymes/,child_to_parent,SEO para PyMEs orientado a captar clientes,P1,mx
https://pixvo.tech/mx/soluciones/seo-wordpress/,https://pixvo.tech/mx/soluciones/contenido-seo/,internal,Servicio de contenido SEO,P2,mx
https://pixvo.tech/mx/soluciones/seo-wordpress/,https://pixvo.tech/mx/soluciones/optimizacion-wordpress/,internal,Optimización WordPress para empresas,P2,mx
https://pixvo.tech/mx/soluciones/seo-wordpress/,https://pixvo.tech/mx/recursos/seo-mensual-vs-auditoria/,internal,SEO mensual vs auditoría SEO,P2,mx
https://pixvo.tech/mx/soluciones/seo-wordpress/,https://pixvo.tech/mx/recursos/seo-vs-sistema-de-crecimiento/,internal,SEO vs sistema de crecimiento digital,P2,mx
https://pixvo.tech/mx/soluciones/seo-wordpress/,https://pixvo.tech/mx/casos-de-exito/sanidad-web/,solution_to_case,Sanidad Web,P2,mx
https://pixvo.tech/mx/soluciones/seo-wordpress/,https://pixvo.tech/mx/auditoria-crecimiento-digital/,internal,Solicitar una auditoría,P1,mx
https://pixvo.tech/mx/soluciones/seo-wordpress/,https://pixvo.tech/mx/planes/,conversion,Comparar planes y precios,P1,mx
https://pixvo.tech/mx/soluciones/seo-wordpress/,https://pixvo.tech/mx/soluciones/automatizacion-de-procesos/,internal,Automatización,P1,mx
https://pixvo.tech/mx/soluciones/seo-wordpress/,https://pixvo.tech/mx/soluciones/seguimiento-de-leads/,internal,Seguimiento de leads,P1,mx
https://pixvo.tech/mx/soluciones/seo-wordpress/,https://pixvo.tech/mx/nosotros/,internal,Nosotros,P3,mx
https://pixvo.tech/mx/soluciones/seo-wordpress/,https://pixvo.tech/mx/contacto/,internal,Contacto,P3,mx
https://pixvo.tech/mx/soluciones/seo-wordpress/,https://pixvo.tech/ar/,internal,Argentina,P1,mx
https://pixvo.tech/mx/soluciones/seo-wordpress/,https://pixvo.tech/es/,internal,España,P1,mx
https://pixvo.tech/mx/soluciones/contenido-seo/,https://pixvo.tech/mx/sistema-crecimiento-digital/,internal,Sistema de crecimiento,P1,mx
https://pixvo.tech/mx/soluciones/contenido-seo/,https://pixvo.tech/mx/soluciones/seo-para-pymes/,child_to_parent,SEO para PyMEs,P1,mx
https://pixvo.tech/mx/soluciones/contenido-seo/,https://pixvo.tech/mx/auditoria-crecimiento-digital/,internal,Auditoría,P1,mx
https://pixvo.tech/mx/soluciones/contenido-seo/,https://pixvo.tech/mx/planes/,conversion,Planes,P1,mx
https://pixvo.tech/mx/soluciones/contenido-seo/,https://pixvo.tech/mx/casos-de-exito/,internal,Casos de éxito,P1,mx
https://pixvo.tech/mx/soluciones/contenido-seo/,https://pixvo.tech/mx/recursos/,internal,Recursos,P2,mx
https://pixvo.tech/mx/soluciones/contenido-seo/,https://pixvo.tech/mx/blog/,internal,Blog,P2,mx
https://pixvo.tech/mx/soluciones/contenido-seo/,https://pixvo.tech/mx/solicitar-diagnostico/,conversion,Solicitar diagnóstico,P1,mx
https://pixvo.tech/mx/soluciones/contenido-seo/,https://pixvo.tech/,internal,Inicio,P1,mx
https://pixvo.tech/mx/soluciones/contenido-seo/,https://pixvo.tech/mx/,internal,México,P1,mx
https://pixvo.tech/mx/soluciones/contenido-seo/,https://pixvo.tech/mx/problemas/dependencia-publicidad-paga/,internal,Reduce la dependencia de la publicidad pagada,P1,mx
https://pixvo.tech/mx/soluciones/contenido-seo/,https://pixvo.tech/mx/problemas/contenido-no-genera-clientes/,parent_to_child,"Contenido que no genera clientes: intención, rutas y conversión",P1,mx
https://pixvo.tech/mx/soluciones/contenido-seo/,https://pixvo.tech/mx/soluciones/seo-para-pymes/,child_to_parent,SEO para PyMEs orientado a captar clientes,P1,mx
https://pixvo.tech/mx/soluciones/contenido-seo/,https://pixvo.tech/mx/soluciones/optimizacion-de-conversion/,internal,Optimización de conversión web,P2,mx
https://pixvo.tech/mx/soluciones/contenido-seo/,https://pixvo.tech/mx/soluciones/analitica-digital/,internal,Consultoría de analítica digital,P2,mx
https://pixvo.tech/mx/soluciones/contenido-seo/,https://pixvo.tech/mx/recursos/seo-vs-sistema-de-crecimiento/,internal,SEO vs sistema de crecimiento digital,P2,mx
https://pixvo.tech/mx/soluciones/contenido-seo/,https://pixvo.tech/mx/recursos/seo-mensual-vs-auditoria/,internal,SEO mensual vs auditoría SEO,P2,mx
https://pixvo.tech/mx/soluciones/contenido-seo/,https://pixvo.tech/mx/casos-de-exito/sanidad-web/,solution_to_case,Sanidad Web,P2,mx
https://pixvo.tech/mx/soluciones/contenido-seo/,https://pixvo.tech/mx/auditoria-crecimiento-digital/,internal,Solicitar una auditoría,P1,mx
https://pixvo.tech/mx/soluciones/contenido-seo/,https://pixvo.tech/mx/planes/,conversion,Comparar planes y precios,P1,mx
https://pixvo.tech/mx/soluciones/contenido-seo/,https://pixvo.tech/mx/soluciones/automatizacion-de-procesos/,internal,Automatización,P1,mx
https://pixvo.tech/mx/soluciones/contenido-seo/,https://pixvo.tech/mx/soluciones/seguimiento-de-leads/,internal,Seguimiento de leads,P1,mx
https://pixvo.tech/mx/soluciones/contenido-seo/,https://pixvo.tech/mx/nosotros/,internal,Nosotros,P3,mx
https://pixvo.tech/mx/soluciones/contenido-seo/,https://pixvo.tech/mx/contacto/,internal,Contacto,P3,mx
https://pixvo.tech/mx/soluciones/contenido-seo/,https://pixvo.tech/ar/,internal,Argentina,P1,mx
https://pixvo.tech/mx/soluciones/contenido-seo/,https://pixvo.tech/es/,internal,España,P1,mx
https://pixvo.tech/mx/soluciones/automatizacion-de-procesos/,https://pixvo.tech/mx/sistema-crecimiento-digital/,child_to_parent,Sistema de crecimiento,P1,mx
https://pixvo.tech/mx/soluciones/automatizacion-de-procesos/,https://pixvo.tech/mx/soluciones/seo-para-pymes/,internal,SEO para PyMEs,P1,mx
https://pixvo.tech/mx/soluciones/automatizacion-de-procesos/,https://pixvo.tech/mx/auditoria-crecimiento-digital/,internal,Auditoría,P1,mx
https://pixvo.tech/mx/soluciones/automatizacion-de-procesos/,https://pixvo.tech/mx/planes/,conversion,Planes,P1,mx
https://pixvo.tech/mx/soluciones/automatizacion-de-procesos/,https://pixvo.tech/mx/casos-de-exito/,internal,Casos de éxito,P1,mx
https://pixvo.tech/mx/soluciones/automatizacion-de-procesos/,https://pixvo.tech/mx/recursos/,internal,Recursos,P2,mx
https://pixvo.tech/mx/soluciones/automatizacion-de-procesos/,https://pixvo.tech/mx/blog/,internal,Blog,P2,mx
https://pixvo.tech/mx/soluciones/automatizacion-de-procesos/,https://pixvo.tech/mx/solicitar-diagnostico/,conversion,Solicitar diagnóstico,P1,mx
https://pixvo.tech/mx/soluciones/automatizacion-de-procesos/,https://pixvo.tech/,internal,Inicio,P1,mx
https://pixvo.tech/mx/soluciones/automatizacion-de-procesos/,https://pixvo.tech/mx/,internal,México,P1,mx
https://pixvo.tech/mx/soluciones/automatizacion-de-procesos/,https://pixvo.tech/mx/problemas/reducir-tareas-manuales/,parent_to_child,Automatiza tareas repetitivas que frenan a tu equipo,P1,mx
https://pixvo.tech/mx/soluciones/automatizacion-de-procesos/,https://pixvo.tech/mx/soluciones/seguimiento-de-leads/,internal,Automatización del seguimiento de leads,P1,mx
https://pixvo.tech/mx/soluciones/automatizacion-de-procesos/,https://pixvo.tech/mx/soluciones/analitica-digital/,internal,Consultoría de analítica digital,P2,mx
https://pixvo.tech/mx/soluciones/automatizacion-de-procesos/,https://pixvo.tech/mx/soluciones/automatizacion-de-marketing/,parent_to_child,Automatización de marketing,P2,mx
https://pixvo.tech/mx/soluciones/automatizacion-de-procesos/,https://pixvo.tech/mx/recursos/n8n-vs-zapier/,internal,n8n vs Zapier,P2,mx
https://pixvo.tech/mx/soluciones/automatizacion-de-procesos/,https://pixvo.tech/mx/recursos/crm-vs-automatizacion-de-leads/,internal,CRM vs automatización de leads,P2,mx
https://pixvo.tech/mx/soluciones/automatizacion-de-procesos/,https://pixvo.tech/mx/casos-de-exito/microcuotas/,solution_to_case,Microcuotas,P1,mx
https://pixvo.tech/mx/soluciones/automatizacion-de-procesos/,https://pixvo.tech/mx/casos-de-exito/hospital-metropolitano/,solution_to_case,Hospital Metropolitano,P2,mx
https://pixvo.tech/mx/soluciones/automatizacion-de-procesos/,https://pixvo.tech/mx/auditoria-crecimiento-digital/,internal,Solicitar una auditoría,P1,mx
https://pixvo.tech/mx/soluciones/automatizacion-de-procesos/,https://pixvo.tech/mx/planes/,conversion,Comparar planes y precios,P1,mx
https://pixvo.tech/mx/soluciones/automatizacion-de-procesos/,https://pixvo.tech/mx/soluciones/automatizacion-de-procesos/,internal,Automatización,P1,mx
https://pixvo.tech/mx/soluciones/automatizacion-de-procesos/,https://pixvo.tech/mx/soluciones/seguimiento-de-leads/,internal,Seguimiento de leads,P1,mx
https://pixvo.tech/mx/soluciones/automatizacion-de-procesos/,https://pixvo.tech/mx/nosotros/,internal,Nosotros,P3,mx
https://pixvo.tech/mx/soluciones/automatizacion-de-procesos/,https://pixvo.tech/mx/contacto/,internal,Contacto,P3,mx
https://pixvo.tech/mx/soluciones/automatizacion-de-procesos/,https://pixvo.tech/ar/,internal,Argentina,P1,mx
https://pixvo.tech/mx/soluciones/automatizacion-de-procesos/,https://pixvo.tech/es/,internal,España,P1,mx
https://pixvo.tech/mx/soluciones/automatizacion-de-marketing/,https://pixvo.tech/mx/sistema-crecimiento-digital/,internal,Sistema de crecimiento,P1,mx
https://pixvo.tech/mx/soluciones/automatizacion-de-marketing/,https://pixvo.tech/mx/soluciones/seo-para-pymes/,internal,SEO para PyMEs,P1,mx
https://pixvo.tech/mx/soluciones/automatizacion-de-marketing/,https://pixvo.tech/mx/auditoria-crecimiento-digital/,internal,Auditoría,P1,mx
https://pixvo.tech/mx/soluciones/automatizacion-de-marketing/,https://pixvo.tech/mx/planes/,conversion,Planes,P1,mx
https://pixvo.tech/mx/soluciones/automatizacion-de-marketing/,https://pixvo.tech/mx/casos-de-exito/,internal,Casos de éxito,P1,mx
https://pixvo.tech/mx/soluciones/automatizacion-de-marketing/,https://pixvo.tech/mx/recursos/,internal,Recursos,P2,mx
https://pixvo.tech/mx/soluciones/automatizacion-de-marketing/,https://pixvo.tech/mx/blog/,internal,Blog,P2,mx
https://pixvo.tech/mx/soluciones/automatizacion-de-marketing/,https://pixvo.tech/mx/solicitar-diagnostico/,conversion,Solicitar diagnóstico,P1,mx
https://pixvo.tech/mx/soluciones/automatizacion-de-marketing/,https://pixvo.tech/,internal,Inicio,P1,mx
https://pixvo.tech/mx/soluciones/automatizacion-de-marketing/,https://pixvo.tech/mx/,internal,México,P1,mx
https://pixvo.tech/mx/soluciones/automatizacion-de-marketing/,https://pixvo.tech/mx/problemas/conectar-marketing-y-ventas/,internal,Conecta marketing y ventas sin perder contexto,P1,mx
https://pixvo.tech/mx/soluciones/automatizacion-de-marketing/,https://pixvo.tech/mx/soluciones/seguimiento-de-leads/,internal,Automatización del seguimiento de leads,P1,mx
https://pixvo.tech/mx/soluciones/automatizacion-de-marketing/,https://pixvo.tech/mx/soluciones/contenido-seo/,internal,Servicio de contenido SEO,P2,mx
https://pixvo.tech/mx/soluciones/automatizacion-de-marketing/,https://pixvo.tech/mx/soluciones/analitica-digital/,internal,Consultoría de analítica digital,P2,mx
https://pixvo.tech/mx/soluciones/automatizacion-de-marketing/,https://pixvo.tech/mx/recursos/crm-vs-automatizacion-de-leads/,internal,CRM vs automatización de leads,P2,mx
https://pixvo.tech/mx/soluciones/automatizacion-de-marketing/,https://pixvo.tech/mx/recursos/n8n-vs-zapier/,internal,n8n vs Zapier,P2,mx
https://pixvo.tech/mx/soluciones/automatizacion-de-marketing/,https://pixvo.tech/mx/auditoria-crecimiento-digital/,internal,Solicitar una auditoría,P1,mx
https://pixvo.tech/mx/soluciones/automatizacion-de-marketing/,https://pixvo.tech/mx/planes/,conversion,Comparar planes y precios,P1,mx
https://pixvo.tech/mx/soluciones/automatizacion-de-marketing/,https://pixvo.tech/mx/soluciones/automatizacion-de-procesos/,child_to_parent,Automatización,P1,mx
https://pixvo.tech/mx/soluciones/automatizacion-de-marketing/,https://pixvo.tech/mx/soluciones/seguimiento-de-leads/,internal,Seguimiento de leads,P1,mx
https://pixvo.tech/mx/soluciones/automatizacion-de-marketing/,https://pixvo.tech/mx/nosotros/,internal,Nosotros,P3,mx
https://pixvo.tech/mx/soluciones/automatizacion-de-marketing/,https://pixvo.tech/mx/contacto/,internal,Contacto,P3,mx
https://pixvo.tech/mx/soluciones/automatizacion-de-marketing/,https://pixvo.tech/ar/,internal,Argentina,P1,mx
https://pixvo.tech/mx/soluciones/automatizacion-de-marketing/,https://pixvo.tech/es/,internal,España,P1,mx
https://pixvo.tech/mx/soluciones/seguimiento-de-leads/,https://pixvo.tech/mx/sistema-crecimiento-digital/,child_to_parent,Sistema de crecimiento,P1,mx
https://pixvo.tech/mx/soluciones/seguimiento-de-leads/,https://pixvo.tech/mx/soluciones/seo-para-pymes/,internal,SEO para PyMEs,P1,mx
https://pixvo.tech/mx/soluciones/seguimiento-de-leads/,https://pixvo.tech/mx/auditoria-crecimiento-digital/,internal,Auditoría,P1,mx
https://pixvo.tech/mx/soluciones/seguimiento-de-leads/,https://pixvo.tech/mx/planes/,conversion,Planes,P1,mx
https://pixvo.tech/mx/soluciones/seguimiento-de-leads/,https://pixvo.tech/mx/casos-de-exito/,internal,Casos de éxito,P1,mx
https://pixvo.tech/mx/soluciones/seguimiento-de-leads/,https://pixvo.tech/mx/recursos/,internal,Recursos,P2,mx
https://pixvo.tech/mx/soluciones/seguimiento-de-leads/,https://pixvo.tech/mx/blog/,internal,Blog,P2,mx
https://pixvo.tech/mx/soluciones/seguimiento-de-leads/,https://pixvo.tech/mx/solicitar-diagnostico/,conversion,Solicitar diagnóstico,P1,mx
https://pixvo.tech/mx/soluciones/seguimiento-de-leads/,https://pixvo.tech/,internal,Inicio,P1,mx
https://pixvo.tech/mx/soluciones/seguimiento-de-leads/,https://pixvo.tech/mx/,internal,México,P1,mx
https://pixvo.tech/mx/soluciones/seguimiento-de-leads/,https://pixvo.tech/mx/problemas/leads-no-convierten/,parent_to_child,¿Por qué tus leads no se convierten en clientes?,P1,mx
https://pixvo.tech/mx/soluciones/seguimiento-de-leads/,https://pixvo.tech/mx/problemas/reducir-tareas-manuales/,internal,Automatiza tareas repetitivas que frenan a tu equipo,P1,mx
https://pixvo.tech/mx/soluciones/seguimiento-de-leads/,https://pixvo.tech/mx/soluciones/automatizacion-de-procesos/,internal,Automatización de procesos para PyMEs,P1,mx
https://pixvo.tech/mx/soluciones/seguimiento-de-leads/,https://pixvo.tech/mx/soluciones/analitica-digital/,internal,Consultoría de analítica digital,P2,mx
https://pixvo.tech/mx/soluciones/seguimiento-de-leads/,https://pixvo.tech/mx/soluciones/optimizacion-de-conversion/,internal,Optimización de conversión web,P2,mx
https://pixvo.tech/mx/soluciones/seguimiento-de-leads/,https://pixvo.tech/mx/recursos/crm-vs-automatizacion-de-leads/,internal,CRM vs automatización de leads,P2,mx
https://pixvo.tech/mx/soluciones/seguimiento-de-leads/,https://pixvo.tech/mx/recursos/n8n-vs-zapier/,internal,n8n vs Zapier,P2,mx
https://pixvo.tech/mx/soluciones/seguimiento-de-leads/,https://pixvo.tech/mx/casos-de-exito/microcuotas/,solution_to_case,Microcuotas,P1,mx
https://pixvo.tech/mx/soluciones/seguimiento-de-leads/,https://pixvo.tech/mx/auditoria-crecimiento-digital/,internal,Solicitar una auditoría,P1,mx
https://pixvo.tech/mx/soluciones/seguimiento-de-leads/,https://pixvo.tech/mx/planes/,conversion,Comparar planes y precios,P1,mx
https://pixvo.tech/mx/soluciones/seguimiento-de-leads/,https://pixvo.tech/mx/soluciones/automatizacion-de-procesos/,internal,Automatización,P1,mx
https://pixvo.tech/mx/soluciones/seguimiento-de-leads/,https://pixvo.tech/mx/soluciones/seguimiento-de-leads/,internal,Seguimiento de leads,P1,mx
https://pixvo.tech/mx/soluciones/seguimiento-de-leads/,https://pixvo.tech/mx/nosotros/,internal,Nosotros,P3,mx
https://pixvo.tech/mx/soluciones/seguimiento-de-leads/,https://pixvo.tech/mx/contacto/,internal,Contacto,P3,mx
https://pixvo.tech/mx/soluciones/seguimiento-de-leads/,https://pixvo.tech/ar/,internal,Argentina,P1,mx
https://pixvo.tech/mx/soluciones/seguimiento-de-leads/,https://pixvo.tech/es/,internal,España,P1,mx
https://pixvo.tech/mx/soluciones/analitica-digital/,https://pixvo.tech/mx/sistema-crecimiento-digital/,child_to_parent,Sistema de crecimiento,P1,mx
https://pixvo.tech/mx/soluciones/analitica-digital/,https://pixvo.tech/mx/soluciones/seo-para-pymes/,internal,SEO para PyMEs,P1,mx
https://pixvo.tech/mx/soluciones/analitica-digital/,https://pixvo.tech/mx/auditoria-crecimiento-digital/,internal,Auditoría,P1,mx
https://pixvo.tech/mx/soluciones/analitica-digital/,https://pixvo.tech/mx/planes/,conversion,Planes,P1,mx
https://pixvo.tech/mx/soluciones/analitica-digital/,https://pixvo.tech/mx/casos-de-exito/,internal,Casos de éxito,P1,mx
https://pixvo.tech/mx/soluciones/analitica-digital/,https://pixvo.tech/mx/recursos/,internal,Recursos,P2,mx
https://pixvo.tech/mx/soluciones/analitica-digital/,https://pixvo.tech/mx/blog/,internal,Blog,P2,mx
https://pixvo.tech/mx/soluciones/analitica-digital/,https://pixvo.tech/mx/solicitar-diagnostico/,conversion,Solicitar diagnóstico,P1,mx
https://pixvo.tech/mx/soluciones/analitica-digital/,https://pixvo.tech/,internal,Inicio,P1,mx
https://pixvo.tech/mx/soluciones/analitica-digital/,https://pixvo.tech/mx/,internal,México,P1,mx
https://pixvo.tech/mx/soluciones/analitica-digital/,https://pixvo.tech/mx/problemas/leads-no-convierten/,internal,¿Por qué tus leads no se convierten en clientes?,P1,mx
https://pixvo.tech/mx/soluciones/analitica-digital/,https://pixvo.tech/mx/problemas/medir-resultados-marketing/,parent_to_child,Mide qué acciones generan oportunidades,P1,mx
https://pixvo.tech/mx/soluciones/analitica-digital/,https://pixvo.tech/mx/soluciones/seguimiento-de-leads/,internal,Automatización del seguimiento de leads,P1,mx
https://pixvo.tech/mx/soluciones/analitica-digital/,https://pixvo.tech/mx/soluciones/seo-para-pymes/,internal,SEO para PyMEs orientado a captar clientes,P1,mx
https://pixvo.tech/mx/soluciones/analitica-digital/,https://pixvo.tech/mx/soluciones/optimizacion-de-conversion/,internal,Optimización de conversión web,P2,mx
https://pixvo.tech/mx/soluciones/analitica-digital/,https://pixvo.tech/mx/recursos/seo-vs-google-ads/,internal,SEO vs Google Ads,P2,mx
https://pixvo.tech/mx/soluciones/analitica-digital/,https://pixvo.tech/mx/recursos/n8n-vs-zapier/,internal,n8n vs Zapier,P2,mx
https://pixvo.tech/mx/soluciones/analitica-digital/,https://pixvo.tech/mx/casos-de-exito/microcuotas/,solution_to_case,Microcuotas,P1,mx
https://pixvo.tech/mx/soluciones/analitica-digital/,https://pixvo.tech/mx/casos-de-exito/hospital-metropolitano/,solution_to_case,Hospital Metropolitano,P2,mx
https://pixvo.tech/mx/soluciones/analitica-digital/,https://pixvo.tech/mx/auditoria-crecimiento-digital/,internal,Solicitar una auditoría,P1,mx
https://pixvo.tech/mx/soluciones/analitica-digital/,https://pixvo.tech/mx/planes/,conversion,Comparar planes y precios,P1,mx
https://pixvo.tech/mx/soluciones/analitica-digital/,https://pixvo.tech/mx/soluciones/automatizacion-de-procesos/,internal,Automatización,P1,mx
https://pixvo.tech/mx/soluciones/analitica-digital/,https://pixvo.tech/mx/soluciones/seguimiento-de-leads/,internal,Seguimiento de leads,P1,mx
https://pixvo.tech/mx/soluciones/analitica-digital/,https://pixvo.tech/mx/nosotros/,internal,Nosotros,P3,mx
https://pixvo.tech/mx/soluciones/analitica-digital/,https://pixvo.tech/mx/contacto/,internal,Contacto,P3,mx
https://pixvo.tech/mx/soluciones/analitica-digital/,https://pixvo.tech/ar/,internal,Argentina,P1,mx
https://pixvo.tech/mx/soluciones/analitica-digital/,https://pixvo.tech/es/,internal,España,P1,mx
https://pixvo.tech/mx/soluciones/optimizacion-wordpress/,https://pixvo.tech/mx/sistema-crecimiento-digital/,child_to_parent,Sistema de crecimiento,P1,mx
https://pixvo.tech/mx/soluciones/optimizacion-wordpress/,https://pixvo.tech/mx/soluciones/seo-para-pymes/,internal,SEO para PyMEs,P1,mx
https://pixvo.tech/mx/soluciones/optimizacion-wordpress/,https://pixvo.tech/mx/auditoria-crecimiento-digital/,internal,Auditoría,P1,mx
https://pixvo.tech/mx/soluciones/optimizacion-wordpress/,https://pixvo.tech/mx/planes/,conversion,Planes,P1,mx
https://pixvo.tech/mx/soluciones/optimizacion-wordpress/,https://pixvo.tech/mx/casos-de-exito/,internal,Casos de éxito,P1,mx
https://pixvo.tech/mx/soluciones/optimizacion-wordpress/,https://pixvo.tech/mx/recursos/,internal,Recursos,P2,mx
https://pixvo.tech/mx/soluciones/optimizacion-wordpress/,https://pixvo.tech/mx/blog/,internal,Blog,P2,mx
https://pixvo.tech/mx/soluciones/optimizacion-wordpress/,https://pixvo.tech/mx/solicitar-diagnostico/,conversion,Solicitar diagnóstico,P1,mx
https://pixvo.tech/mx/soluciones/optimizacion-wordpress/,https://pixvo.tech/,internal,Inicio,P1,mx
https://pixvo.tech/mx/soluciones/optimizacion-wordpress/,https://pixvo.tech/mx/,internal,México,P1,mx
https://pixvo.tech/mx/soluciones/optimizacion-wordpress/,https://pixvo.tech/mx/problemas/web-no-convierte/,internal,"Mi web recibe visitas, pero no vende ni genera oportunidades",P1,mx
https://pixvo.tech/mx/soluciones/optimizacion-wordpress/,https://pixvo.tech/mx/problemas/wordpress-lento/,parent_to_child,"WordPress lento: rendimiento, estabilidad y conversión",P1,mx
https://pixvo.tech/mx/soluciones/optimizacion-wordpress/,https://pixvo.tech/mx/soluciones/optimizacion-de-conversion/,internal,Optimización de conversión web,P2,mx
https://pixvo.tech/mx/soluciones/optimizacion-wordpress/,https://pixvo.tech/mx/soluciones/seo-wordpress/,internal,SEO para WordPress,P2,mx
https://pixvo.tech/mx/soluciones/optimizacion-wordpress/,https://pixvo.tech/mx/soluciones/analitica-digital/,internal,Consultoría de analítica digital,P2,mx
https://pixvo.tech/mx/soluciones/optimizacion-wordpress/,https://pixvo.tech/mx/recursos/rediseno-web-vs-optimizacion-cro/,internal,Rediseño web vs optimización CRO,P2,mx
https://pixvo.tech/mx/soluciones/optimizacion-wordpress/,https://pixvo.tech/mx/recursos/seo-mensual-vs-auditoria/,internal,SEO mensual vs auditoría SEO,P2,mx
https://pixvo.tech/mx/soluciones/optimizacion-wordpress/,https://pixvo.tech/mx/casos-de-exito/sanidad-web/,solution_to_case,Sanidad Web,P2,mx
https://pixvo.tech/mx/soluciones/optimizacion-wordpress/,https://pixvo.tech/mx/auditoria-crecimiento-digital/,internal,Solicitar una auditoría,P1,mx
https://pixvo.tech/mx/soluciones/optimizacion-wordpress/,https://pixvo.tech/mx/planes/,conversion,Comparar planes y precios,P1,mx
https://pixvo.tech/mx/soluciones/optimizacion-wordpress/,https://pixvo.tech/mx/soluciones/automatizacion-de-procesos/,internal,Automatización,P1,mx
https://pixvo.tech/mx/soluciones/optimizacion-wordpress/,https://pixvo.tech/mx/soluciones/seguimiento-de-leads/,internal,Seguimiento de leads,P1,mx
https://pixvo.tech/mx/soluciones/optimizacion-wordpress/,https://pixvo.tech/mx/nosotros/,internal,Nosotros,P3,mx
https://pixvo.tech/mx/soluciones/optimizacion-wordpress/,https://pixvo.tech/mx/contacto/,internal,Contacto,P3,mx
https://pixvo.tech/mx/soluciones/optimizacion-wordpress/,https://pixvo.tech/ar/,internal,Argentina,P1,mx
https://pixvo.tech/mx/soluciones/optimizacion-wordpress/,https://pixvo.tech/es/,internal,España,P1,mx
https://pixvo.tech/mx/soluciones/optimizacion-de-conversion/,https://pixvo.tech/mx/sistema-crecimiento-digital/,child_to_parent,Sistema de crecimiento,P1,mx
https://pixvo.tech/mx/soluciones/optimizacion-de-conversion/,https://pixvo.tech/mx/soluciones/seo-para-pymes/,internal,SEO para PyMEs,P1,mx
https://pixvo.tech/mx/soluciones/optimizacion-de-conversion/,https://pixvo.tech/mx/auditoria-crecimiento-digital/,internal,Auditoría,P1,mx
https://pixvo.tech/mx/soluciones/optimizacion-de-conversion/,https://pixvo.tech/mx/planes/,conversion,Planes,P1,mx
https://pixvo.tech/mx/soluciones/optimizacion-de-conversion/,https://pixvo.tech/mx/casos-de-exito/,internal,Casos de éxito,P1,mx
https://pixvo.tech/mx/soluciones/optimizacion-de-conversion/,https://pixvo.tech/mx/recursos/,internal,Recursos,P2,mx
https://pixvo.tech/mx/soluciones/optimizacion-de-conversion/,https://pixvo.tech/mx/blog/,internal,Blog,P2,mx
https://pixvo.tech/mx/soluciones/optimizacion-de-conversion/,https://pixvo.tech/mx/solicitar-diagnostico/,conversion,Solicitar diagnóstico,P1,mx
https://pixvo.tech/mx/soluciones/optimizacion-de-conversion/,https://pixvo.tech/,internal,Inicio,P1,mx
https://pixvo.tech/mx/soluciones/optimizacion-de-conversion/,https://pixvo.tech/mx/,internal,México,P1,mx
https://pixvo.tech/mx/soluciones/optimizacion-de-conversion/,https://pixvo.tech/mx/problemas/web-no-convierte/,parent_to_child,"Mi web recibe visitas, pero no vende ni genera oportunidades",P1,mx
https://pixvo.tech/mx/soluciones/optimizacion-de-conversion/,https://pixvo.tech/mx/soluciones/analitica-digital/,internal,Consultoría de analítica digital,P2,mx
https://pixvo.tech/mx/soluciones/optimizacion-de-conversion/,https://pixvo.tech/mx/soluciones/optimizacion-wordpress/,internal,Optimización WordPress para empresas,P2,mx
https://pixvo.tech/mx/soluciones/optimizacion-de-conversion/,https://pixvo.tech/mx/soluciones/contenido-seo/,internal,Servicio de contenido SEO,P2,mx
https://pixvo.tech/mx/soluciones/optimizacion-de-conversion/,https://pixvo.tech/mx/recursos/rediseno-web-vs-optimizacion-cro/,internal,Rediseño web vs optimización CRO,P2,mx
https://pixvo.tech/mx/soluciones/optimizacion-de-conversion/,https://pixvo.tech/mx/auditoria-crecimiento-digital/,internal,Solicitar una auditoría,P1,mx
https://pixvo.tech/mx/soluciones/optimizacion-de-conversion/,https://pixvo.tech/mx/planes/,conversion,Comparar planes y precios,P1,mx
https://pixvo.tech/mx/soluciones/optimizacion-de-conversion/,https://pixvo.tech/mx/soluciones/automatizacion-de-procesos/,internal,Automatización,P1,mx
https://pixvo.tech/mx/soluciones/optimizacion-de-conversion/,https://pixvo.tech/mx/soluciones/seguimiento-de-leads/,internal,Seguimiento de leads,P1,mx
https://pixvo.tech/mx/soluciones/optimizacion-de-conversion/,https://pixvo.tech/mx/nosotros/,internal,Nosotros,P3,mx
https://pixvo.tech/mx/soluciones/optimizacion-de-conversion/,https://pixvo.tech/mx/contacto/,internal,Contacto,P3,mx
https://pixvo.tech/mx/soluciones/optimizacion-de-conversion/,https://pixvo.tech/ar/,internal,Argentina,P1,mx
https://pixvo.tech/mx/soluciones/optimizacion-de-conversion/,https://pixvo.tech/es/,internal,España,P1,mx
https://pixvo.tech/mx/problemas/leads-no-convierten/,https://pixvo.tech/mx/sistema-crecimiento-digital/,internal,Sistema de crecimiento,P1,mx
https://pixvo.tech/mx/problemas/leads-no-convierten/,https://pixvo.tech/mx/soluciones/seo-para-pymes/,problem_to_solution,SEO para PyMEs,P1,mx
https://pixvo.tech/mx/problemas/leads-no-convierten/,https://pixvo.tech/mx/auditoria-crecimiento-digital/,internal,Auditoría,P1,mx
https://pixvo.tech/mx/problemas/leads-no-convierten/,https://pixvo.tech/mx/planes/,conversion,Planes,P1,mx
https://pixvo.tech/mx/problemas/leads-no-convierten/,https://pixvo.tech/mx/casos-de-exito/,internal,Casos de éxito,P1,mx
https://pixvo.tech/mx/problemas/leads-no-convierten/,https://pixvo.tech/mx/recursos/,internal,Recursos,P2,mx
https://pixvo.tech/mx/problemas/leads-no-convierten/,https://pixvo.tech/mx/blog/,internal,Blog,P2,mx
https://pixvo.tech/mx/problemas/leads-no-convierten/,https://pixvo.tech/mx/solicitar-diagnostico/,conversion,Solicitar diagnóstico,P1,mx
https://pixvo.tech/mx/problemas/leads-no-convierten/,https://pixvo.tech/,internal,Inicio,P1,mx
https://pixvo.tech/mx/problemas/leads-no-convierten/,https://pixvo.tech/mx/,internal,México,P1,mx
https://pixvo.tech/mx/problemas/leads-no-convierten/,https://pixvo.tech/mx/soluciones/seguimiento-de-leads/,child_to_parent,Automatización del seguimiento de leads,P1,mx
https://pixvo.tech/mx/problemas/leads-no-convierten/,https://pixvo.tech/mx/soluciones/analitica-digital/,problem_to_solution,Consultoría de analítica digital,P2,mx
https://pixvo.tech/mx/problemas/leads-no-convierten/,https://pixvo.tech/mx/auditoria-crecimiento-digital/,internal,Auditoría de crecimiento digital,P1,mx
https://pixvo.tech/mx/problemas/leads-no-convierten/,https://pixvo.tech/mx/auditoria-crecimiento-digital/,internal,Auditar por qué tus leads no avanzan,P1,mx
https://pixvo.tech/mx/problemas/leads-no-convierten/,https://pixvo.tech/mx/soluciones/automatizacion-de-procesos/,problem_to_solution,Automatización,P1,mx
https://pixvo.tech/mx/problemas/leads-no-convierten/,https://pixvo.tech/mx/soluciones/seguimiento-de-leads/,child_to_parent,Seguimiento de leads,P1,mx
https://pixvo.tech/mx/problemas/leads-no-convierten/,https://pixvo.tech/mx/nosotros/,internal,Nosotros,P3,mx
https://pixvo.tech/mx/problemas/leads-no-convierten/,https://pixvo.tech/mx/contacto/,internal,Contacto,P3,mx
https://pixvo.tech/mx/problemas/leads-no-convierten/,https://pixvo.tech/ar/,internal,Argentina,P1,mx
https://pixvo.tech/mx/problemas/leads-no-convierten/,https://pixvo.tech/es/,internal,España,P1,mx
https://pixvo.tech/mx/problemas/reducir-tareas-manuales/,https://pixvo.tech/mx/sistema-crecimiento-digital/,internal,Sistema de crecimiento,P1,mx
https://pixvo.tech/mx/problemas/reducir-tareas-manuales/,https://pixvo.tech/mx/soluciones/seo-para-pymes/,problem_to_solution,SEO para PyMEs,P1,mx
https://pixvo.tech/mx/problemas/reducir-tareas-manuales/,https://pixvo.tech/mx/auditoria-crecimiento-digital/,internal,Auditoría,P1,mx
https://pixvo.tech/mx/problemas/reducir-tareas-manuales/,https://pixvo.tech/mx/planes/,conversion,Planes,P1,mx
https://pixvo.tech/mx/problemas/reducir-tareas-manuales/,https://pixvo.tech/mx/casos-de-exito/,internal,Casos de éxito,P1,mx
https://pixvo.tech/mx/problemas/reducir-tareas-manuales/,https://pixvo.tech/mx/recursos/,internal,Recursos,P2,mx
https://pixvo.tech/mx/problemas/reducir-tareas-manuales/,https://pixvo.tech/mx/blog/,internal,Blog,P2,mx
https://pixvo.tech/mx/problemas/reducir-tareas-manuales/,https://pixvo.tech/mx/solicitar-diagnostico/,conversion,Solicitar diagnóstico,P1,mx
https://pixvo.tech/mx/problemas/reducir-tareas-manuales/,https://pixvo.tech/,internal,Inicio,P1,mx
https://pixvo.tech/mx/problemas/reducir-tareas-manuales/,https://pixvo.tech/mx/,internal,México,P1,mx
https://pixvo.tech/mx/problemas/reducir-tareas-manuales/,https://pixvo.tech/mx/soluciones/automatizacion-de-procesos/,child_to_parent,Automatización de procesos para PyMEs,P1,mx
https://pixvo.tech/mx/problemas/reducir-tareas-manuales/,https://pixvo.tech/mx/soluciones/seguimiento-de-leads/,problem_to_solution,Automatización del seguimiento de leads,P1,mx
https://pixvo.tech/mx/problemas/reducir-tareas-manuales/,https://pixvo.tech/mx/auditoria-crecimiento-digital/,internal,Auditoría de crecimiento digital,P1,mx
https://pixvo.tech/mx/problemas/reducir-tareas-manuales/,https://pixvo.tech/mx/solicitar-diagnostico/,conversion,Detectar qué tareas conviene automatizar,P1,mx
https://pixvo.tech/mx/problemas/reducir-tareas-manuales/,https://pixvo.tech/mx/soluciones/automatizacion-de-procesos/,child_to_parent,Automatización,P1,mx
https://pixvo.tech/mx/problemas/reducir-tareas-manuales/,https://pixvo.tech/mx/soluciones/seguimiento-de-leads/,problem_to_solution,Seguimiento de leads,P1,mx
https://pixvo.tech/mx/problemas/reducir-tareas-manuales/,https://pixvo.tech/mx/nosotros/,internal,Nosotros,P3,mx
https://pixvo.tech/mx/problemas/reducir-tareas-manuales/,https://pixvo.tech/mx/contacto/,internal,Contacto,P3,mx
https://pixvo.tech/mx/problemas/reducir-tareas-manuales/,https://pixvo.tech/ar/,internal,Argentina,P1,mx
https://pixvo.tech/mx/problemas/reducir-tareas-manuales/,https://pixvo.tech/es/,internal,España,P1,mx
https://pixvo.tech/mx/problemas/web-no-convierte/,https://pixvo.tech/mx/sistema-crecimiento-digital/,internal,Sistema de crecimiento,P1,mx
https://pixvo.tech/mx/problemas/web-no-convierte/,https://pixvo.tech/mx/soluciones/seo-para-pymes/,problem_to_solution,SEO para PyMEs,P1,mx
https://pixvo.tech/mx/problemas/web-no-convierte/,https://pixvo.tech/mx/auditoria-crecimiento-digital/,internal,Auditoría,P1,mx
https://pixvo.tech/mx/problemas/web-no-convierte/,https://pixvo.tech/mx/planes/,conversion,Planes,P1,mx
https://pixvo.tech/mx/problemas/web-no-convierte/,https://pixvo.tech/mx/casos-de-exito/,internal,Casos de éxito,P1,mx
https://pixvo.tech/mx/problemas/web-no-convierte/,https://pixvo.tech/mx/recursos/,internal,Recursos,P2,mx
https://pixvo.tech/mx/problemas/web-no-convierte/,https://pixvo.tech/mx/blog/,internal,Blog,P2,mx
https://pixvo.tech/mx/problemas/web-no-convierte/,https://pixvo.tech/mx/solicitar-diagnostico/,conversion,Solicitar diagnóstico,P1,mx
https://pixvo.tech/mx/problemas/web-no-convierte/,https://pixvo.tech/,internal,Inicio,P1,mx
https://pixvo.tech/mx/problemas/web-no-convierte/,https://pixvo.tech/mx/,internal,México,P1,mx
https://pixvo.tech/mx/problemas/web-no-convierte/,https://pixvo.tech/mx/soluciones/optimizacion-de-conversion/,child_to_parent,Optimización de conversión web,P2,mx
https://pixvo.tech/mx/problemas/web-no-convierte/,https://pixvo.tech/mx/soluciones/optimizacion-wordpress/,problem_to_solution,Optimización WordPress para empresas,P2,mx
https://pixvo.tech/mx/problemas/web-no-convierte/,https://pixvo.tech/mx/auditoria-crecimiento-digital/,internal,Auditoría de crecimiento digital,P1,mx
https://pixvo.tech/mx/problemas/web-no-convierte/,https://pixvo.tech/mx/auditoria-crecimiento-digital/,internal,Auditar por qué tu web no convierte,P1,mx
https://pixvo.tech/mx/problemas/web-no-convierte/,https://pixvo.tech/mx/soluciones/automatizacion-de-procesos/,problem_to_solution,Automatización,P1,mx
https://pixvo.tech/mx/problemas/web-no-convierte/,https://pixvo.tech/mx/soluciones/seguimiento-de-leads/,problem_to_solution,Seguimiento de leads,P1,mx
https://pixvo.tech/mx/problemas/web-no-convierte/,https://pixvo.tech/mx/nosotros/,internal,Nosotros,P3,mx
https://pixvo.tech/mx/problemas/web-no-convierte/,https://pixvo.tech/mx/contacto/,internal,Contacto,P3,mx
https://pixvo.tech/mx/problemas/web-no-convierte/,https://pixvo.tech/ar/,internal,Argentina,P1,mx
https://pixvo.tech/mx/problemas/web-no-convierte/,https://pixvo.tech/es/,internal,España,P1,mx
https://pixvo.tech/mx/problemas/dependencia-publicidad-paga/,https://pixvo.tech/mx/sistema-crecimiento-digital/,internal,Sistema de crecimiento,P1,mx
https://pixvo.tech/mx/problemas/dependencia-publicidad-paga/,https://pixvo.tech/mx/soluciones/seo-para-pymes/,child_to_parent,SEO para PyMEs,P1,mx
https://pixvo.tech/mx/problemas/dependencia-publicidad-paga/,https://pixvo.tech/mx/auditoria-crecimiento-digital/,internal,Auditoría,P1,mx
https://pixvo.tech/mx/problemas/dependencia-publicidad-paga/,https://pixvo.tech/mx/planes/,conversion,Planes,P1,mx
https://pixvo.tech/mx/problemas/dependencia-publicidad-paga/,https://pixvo.tech/mx/casos-de-exito/,internal,Casos de éxito,P1,mx
https://pixvo.tech/mx/problemas/dependencia-publicidad-paga/,https://pixvo.tech/mx/recursos/,internal,Recursos,P2,mx
https://pixvo.tech/mx/problemas/dependencia-publicidad-paga/,https://pixvo.tech/mx/blog/,internal,Blog,P2,mx
https://pixvo.tech/mx/problemas/dependencia-publicidad-paga/,https://pixvo.tech/mx/solicitar-diagnostico/,conversion,Solicitar diagnóstico,P1,mx
https://pixvo.tech/mx/problemas/dependencia-publicidad-paga/,https://pixvo.tech/,internal,Inicio,P1,mx
https://pixvo.tech/mx/problemas/dependencia-publicidad-paga/,https://pixvo.tech/mx/,internal,México,P1,mx
https://pixvo.tech/mx/problemas/dependencia-publicidad-paga/,https://pixvo.tech/mx/soluciones/seo-para-pymes/,child_to_parent,SEO para PyMEs orientado a captar clientes,P1,mx
https://pixvo.tech/mx/problemas/dependencia-publicidad-paga/,https://pixvo.tech/mx/soluciones/contenido-seo/,problem_to_solution,Servicio de contenido SEO,P2,mx
https://pixvo.tech/mx/problemas/dependencia-publicidad-paga/,https://pixvo.tech/mx/auditoria-crecimiento-digital/,internal,Auditoría de crecimiento digital,P1,mx
https://pixvo.tech/mx/problemas/dependencia-publicidad-paga/,https://pixvo.tech/mx/auditoria-crecimiento-digital/,internal,Evaluar una ruta orgánica sostenible,P1,mx
https://pixvo.tech/mx/problemas/dependencia-publicidad-paga/,https://pixvo.tech/mx/soluciones/automatizacion-de-procesos/,problem_to_solution,Automatización,P1,mx
https://pixvo.tech/mx/problemas/dependencia-publicidad-paga/,https://pixvo.tech/mx/soluciones/seguimiento-de-leads/,problem_to_solution,Seguimiento de leads,P1,mx
https://pixvo.tech/mx/problemas/dependencia-publicidad-paga/,https://pixvo.tech/mx/nosotros/,internal,Nosotros,P3,mx
https://pixvo.tech/mx/problemas/dependencia-publicidad-paga/,https://pixvo.tech/mx/contacto/,internal,Contacto,P3,mx
https://pixvo.tech/mx/problemas/dependencia-publicidad-paga/,https://pixvo.tech/ar/,internal,Argentina,P1,mx
https://pixvo.tech/mx/problemas/dependencia-publicidad-paga/,https://pixvo.tech/es/,internal,España,P1,mx
https://pixvo.tech/mx/problemas/medir-resultados-marketing/,https://pixvo.tech/mx/sistema-crecimiento-digital/,internal,Sistema de crecimiento,P1,mx
https://pixvo.tech/mx/problemas/medir-resultados-marketing/,https://pixvo.tech/mx/soluciones/seo-para-pymes/,problem_to_solution,SEO para PyMEs,P1,mx
https://pixvo.tech/mx/problemas/medir-resultados-marketing/,https://pixvo.tech/mx/auditoria-crecimiento-digital/,internal,Auditoría,P1,mx
https://pixvo.tech/mx/problemas/medir-resultados-marketing/,https://pixvo.tech/mx/planes/,conversion,Planes,P1,mx
https://pixvo.tech/mx/problemas/medir-resultados-marketing/,https://pixvo.tech/mx/casos-de-exito/,internal,Casos de éxito,P1,mx
https://pixvo.tech/mx/problemas/medir-resultados-marketing/,https://pixvo.tech/mx/recursos/,internal,Recursos,P2,mx
https://pixvo.tech/mx/problemas/medir-resultados-marketing/,https://pixvo.tech/mx/blog/,internal,Blog,P2,mx
https://pixvo.tech/mx/problemas/medir-resultados-marketing/,https://pixvo.tech/mx/solicitar-diagnostico/,conversion,Solicitar diagnóstico,P1,mx
https://pixvo.tech/mx/problemas/medir-resultados-marketing/,https://pixvo.tech/,internal,Inicio,P1,mx
https://pixvo.tech/mx/problemas/medir-resultados-marketing/,https://pixvo.tech/mx/,internal,México,P1,mx
https://pixvo.tech/mx/problemas/medir-resultados-marketing/,https://pixvo.tech/mx/soluciones/analitica-digital/,child_to_parent,Consultoría de analítica digital,P2,mx
https://pixvo.tech/mx/problemas/medir-resultados-marketing/,https://pixvo.tech/mx/soluciones/seguimiento-de-leads/,problem_to_solution,Automatización del seguimiento de leads,P1,mx
https://pixvo.tech/mx/problemas/medir-resultados-marketing/,https://pixvo.tech/mx/auditoria-crecimiento-digital/,internal,Auditoría de crecimiento digital,P1,mx
https://pixvo.tech/mx/problemas/medir-resultados-marketing/,https://pixvo.tech/mx/auditoria-crecimiento-digital/,internal,Revisar la trazabilidad de tu marketing,P1,mx
https://pixvo.tech/mx/problemas/medir-resultados-marketing/,https://pixvo.tech/mx/soluciones/automatizacion-de-procesos/,problem_to_solution,Automatización,P1,mx
https://pixvo.tech/mx/problemas/medir-resultados-marketing/,https://pixvo.tech/mx/soluciones/seguimiento-de-leads/,problem_to_solution,Seguimiento de leads,P1,mx
https://pixvo.tech/mx/problemas/medir-resultados-marketing/,https://pixvo.tech/mx/nosotros/,internal,Nosotros,P3,mx
https://pixvo.tech/mx/problemas/medir-resultados-marketing/,https://pixvo.tech/mx/contacto/,internal,Contacto,P3,mx
https://pixvo.tech/mx/problemas/medir-resultados-marketing/,https://pixvo.tech/ar/,internal,Argentina,P1,mx
https://pixvo.tech/mx/problemas/medir-resultados-marketing/,https://pixvo.tech/es/,internal,España,P1,mx
https://pixvo.tech/mx/problemas/conectar-marketing-y-ventas/,https://pixvo.tech/mx/sistema-crecimiento-digital/,internal,Sistema de crecimiento,P1,mx
https://pixvo.tech/mx/problemas/conectar-marketing-y-ventas/,https://pixvo.tech/mx/soluciones/seo-para-pymes/,problem_to_solution,SEO para PyMEs,P1,mx
https://pixvo.tech/mx/problemas/conectar-marketing-y-ventas/,https://pixvo.tech/mx/auditoria-crecimiento-digital/,internal,Auditoría,P1,mx
https://pixvo.tech/mx/problemas/conectar-marketing-y-ventas/,https://pixvo.tech/mx/planes/,conversion,Planes,P1,mx
https://pixvo.tech/mx/problemas/conectar-marketing-y-ventas/,https://pixvo.tech/mx/casos-de-exito/,internal,Casos de éxito,P1,mx
https://pixvo.tech/mx/problemas/conectar-marketing-y-ventas/,https://pixvo.tech/mx/recursos/,internal,Recursos,P2,mx
https://pixvo.tech/mx/problemas/conectar-marketing-y-ventas/,https://pixvo.tech/mx/blog/,internal,Blog,P2,mx
https://pixvo.tech/mx/problemas/conectar-marketing-y-ventas/,https://pixvo.tech/mx/solicitar-diagnostico/,conversion,Solicitar diagnóstico,P1,mx
https://pixvo.tech/mx/problemas/conectar-marketing-y-ventas/,https://pixvo.tech/,internal,Inicio,P1,mx
https://pixvo.tech/mx/problemas/conectar-marketing-y-ventas/,https://pixvo.tech/mx/,internal,México,P1,mx
https://pixvo.tech/mx/problemas/conectar-marketing-y-ventas/,https://pixvo.tech/mx/soluciones/seguimiento-de-leads/,child_to_parent,Automatización del seguimiento de leads,P1,mx
https://pixvo.tech/mx/problemas/conectar-marketing-y-ventas/,https://pixvo.tech/mx/soluciones/automatizacion-de-marketing/,problem_to_solution,Automatización de marketing,P2,mx
https://pixvo.tech/mx/problemas/conectar-marketing-y-ventas/,https://pixvo.tech/mx/auditoria-crecimiento-digital/,internal,Auditoría de crecimiento digital,P1,mx
https://pixvo.tech/mx/problemas/conectar-marketing-y-ventas/,https://pixvo.tech/mx/solicitar-diagnostico/,conversion,Diagnosticar la entrega entre marketing y ventas,P1,mx
https://pixvo.tech/mx/problemas/conectar-marketing-y-ventas/,https://pixvo.tech/mx/soluciones/automatizacion-de-procesos/,problem_to_solution,Automatización,P1,mx
https://pixvo.tech/mx/problemas/conectar-marketing-y-ventas/,https://pixvo.tech/mx/soluciones/seguimiento-de-leads/,child_to_parent,Seguimiento de leads,P1,mx
https://pixvo.tech/mx/problemas/conectar-marketing-y-ventas/,https://pixvo.tech/mx/nosotros/,internal,Nosotros,P3,mx
https://pixvo.tech/mx/problemas/conectar-marketing-y-ventas/,https://pixvo.tech/mx/contacto/,internal,Contacto,P3,mx
https://pixvo.tech/mx/problemas/conectar-marketing-y-ventas/,https://pixvo.tech/ar/,internal,Argentina,P1,mx
https://pixvo.tech/mx/problemas/conectar-marketing-y-ventas/,https://pixvo.tech/es/,internal,España,P1,mx
https://pixvo.tech/mx/problemas/wordpress-lento/,https://pixvo.tech/mx/sistema-crecimiento-digital/,internal,Sistema de crecimiento,P1,mx
https://pixvo.tech/mx/problemas/wordpress-lento/,https://pixvo.tech/mx/soluciones/seo-para-pymes/,problem_to_solution,SEO para PyMEs,P1,mx
https://pixvo.tech/mx/problemas/wordpress-lento/,https://pixvo.tech/mx/auditoria-crecimiento-digital/,internal,Auditoría,P1,mx
https://pixvo.tech/mx/problemas/wordpress-lento/,https://pixvo.tech/mx/planes/,conversion,Planes,P1,mx
https://pixvo.tech/mx/problemas/wordpress-lento/,https://pixvo.tech/mx/casos-de-exito/,internal,Casos de éxito,P1,mx
https://pixvo.tech/mx/problemas/wordpress-lento/,https://pixvo.tech/mx/recursos/,internal,Recursos,P2,mx
https://pixvo.tech/mx/problemas/wordpress-lento/,https://pixvo.tech/mx/blog/,internal,Blog,P2,mx
https://pixvo.tech/mx/problemas/wordpress-lento/,https://pixvo.tech/mx/solicitar-diagnostico/,conversion,Solicitar diagnóstico,P1,mx
https://pixvo.tech/mx/problemas/wordpress-lento/,https://pixvo.tech/,internal,Inicio,P1,mx
https://pixvo.tech/mx/problemas/wordpress-lento/,https://pixvo.tech/mx/,internal,México,P1,mx
https://pixvo.tech/mx/problemas/wordpress-lento/,https://pixvo.tech/mx/soluciones/optimizacion-wordpress/,child_to_parent,Optimización WordPress para empresas,P2,mx
https://pixvo.tech/mx/problemas/wordpress-lento/,https://pixvo.tech/mx/soluciones/seo-wordpress/,problem_to_solution,SEO para WordPress,P2,mx
https://pixvo.tech/mx/problemas/wordpress-lento/,https://pixvo.tech/mx/auditoria-crecimiento-digital/,internal,Auditoría de crecimiento digital,P1,mx
https://pixvo.tech/mx/problemas/wordpress-lento/,https://pixvo.tech/mx/auditoria-crecimiento-digital/,internal,Auditar rendimiento y estabilidad de WordPress,P1,mx
https://pixvo.tech/mx/problemas/wordpress-lento/,https://pixvo.tech/mx/soluciones/automatizacion-de-procesos/,problem_to_solution,Automatización,P1,mx
https://pixvo.tech/mx/problemas/wordpress-lento/,https://pixvo.tech/mx/soluciones/seguimiento-de-leads/,problem_to_solution,Seguimiento de leads,P1,mx
https://pixvo.tech/mx/problemas/wordpress-lento/,https://pixvo.tech/mx/nosotros/,internal,Nosotros,P3,mx
https://pixvo.tech/mx/problemas/wordpress-lento/,https://pixvo.tech/mx/contacto/,internal,Contacto,P3,mx
https://pixvo.tech/mx/problemas/wordpress-lento/,https://pixvo.tech/ar/,internal,Argentina,P1,mx
https://pixvo.tech/mx/problemas/wordpress-lento/,https://pixvo.tech/es/,internal,España,P1,mx
https://pixvo.tech/mx/problemas/contenido-no-genera-clientes/,https://pixvo.tech/mx/sistema-crecimiento-digital/,internal,Sistema de crecimiento,P1,mx
https://pixvo.tech/mx/problemas/contenido-no-genera-clientes/,https://pixvo.tech/mx/soluciones/seo-para-pymes/,problem_to_solution,SEO para PyMEs,P1,mx
https://pixvo.tech/mx/problemas/contenido-no-genera-clientes/,https://pixvo.tech/mx/auditoria-crecimiento-digital/,internal,Auditoría,P1,mx
https://pixvo.tech/mx/problemas/contenido-no-genera-clientes/,https://pixvo.tech/mx/planes/,conversion,Planes,P1,mx
https://pixvo.tech/mx/problemas/contenido-no-genera-clientes/,https://pixvo.tech/mx/casos-de-exito/,internal,Casos de éxito,P1,mx
https://pixvo.tech/mx/problemas/contenido-no-genera-clientes/,https://pixvo.tech/mx/recursos/,internal,Recursos,P2,mx
https://pixvo.tech/mx/problemas/contenido-no-genera-clientes/,https://pixvo.tech/mx/blog/,internal,Blog,P2,mx
https://pixvo.tech/mx/problemas/contenido-no-genera-clientes/,https://pixvo.tech/mx/solicitar-diagnostico/,conversion,Solicitar diagnóstico,P1,mx
https://pixvo.tech/mx/problemas/contenido-no-genera-clientes/,https://pixvo.tech/,internal,Inicio,P1,mx
https://pixvo.tech/mx/problemas/contenido-no-genera-clientes/,https://pixvo.tech/mx/,internal,México,P1,mx
https://pixvo.tech/mx/problemas/contenido-no-genera-clientes/,https://pixvo.tech/mx/soluciones/contenido-seo/,child_to_parent,Servicio de contenido SEO,P2,mx
https://pixvo.tech/mx/problemas/contenido-no-genera-clientes/,https://pixvo.tech/mx/soluciones/seo-para-pymes/,problem_to_solution,SEO para PyMEs orientado a captar clientes,P1,mx
https://pixvo.tech/mx/problemas/contenido-no-genera-clientes/,https://pixvo.tech/mx/auditoria-crecimiento-digital/,internal,Auditoría de crecimiento digital,P1,mx
https://pixvo.tech/mx/problemas/contenido-no-genera-clientes/,https://pixvo.tech/mx/solicitar-diagnostico/,conversion,"Auditar intención, enlaces y conversión del contenido",P1,mx
https://pixvo.tech/mx/problemas/contenido-no-genera-clientes/,https://pixvo.tech/mx/soluciones/automatizacion-de-procesos/,problem_to_solution,Automatización,P1,mx
https://pixvo.tech/mx/problemas/contenido-no-genera-clientes/,https://pixvo.tech/mx/soluciones/seguimiento-de-leads/,problem_to_solution,Seguimiento de leads,P1,mx
https://pixvo.tech/mx/problemas/contenido-no-genera-clientes/,https://pixvo.tech/mx/nosotros/,internal,Nosotros,P3,mx
https://pixvo.tech/mx/problemas/contenido-no-genera-clientes/,https://pixvo.tech/mx/contacto/,internal,Contacto,P3,mx
https://pixvo.tech/mx/problemas/contenido-no-genera-clientes/,https://pixvo.tech/ar/,internal,Argentina,P1,mx
https://pixvo.tech/mx/problemas/contenido-no-genera-clientes/,https://pixvo.tech/es/,internal,España,P1,mx
https://pixvo.tech/mx/casos-de-exito/,https://pixvo.tech/mx/sistema-crecimiento-digital/,child_to_parent,Sistema de crecimiento,P1,mx
https://pixvo.tech/mx/casos-de-exito/,https://pixvo.tech/mx/soluciones/seo-para-pymes/,internal,SEO para PyMEs,P1,mx
https://pixvo.tech/mx/casos-de-exito/,https://pixvo.tech/mx/auditoria-crecimiento-digital/,internal,Auditoría,P1,mx
https://pixvo.tech/mx/casos-de-exito/,https://pixvo.tech/mx/planes/,conversion,Planes,P1,mx
https://pixvo.tech/mx/casos-de-exito/,https://pixvo.tech/mx/casos-de-exito/,internal,Casos de éxito,P1,mx
https://pixvo.tech/mx/casos-de-exito/,https://pixvo.tech/mx/recursos/,internal,Recursos,P2,mx
https://pixvo.tech/mx/casos-de-exito/,https://pixvo.tech/mx/blog/,internal,Blog,P2,mx
https://pixvo.tech/mx/casos-de-exito/,https://pixvo.tech/mx/solicitar-diagnostico/,conversion,Solicitar diagnóstico,P1,mx
https://pixvo.tech/mx/casos-de-exito/,https://pixvo.tech/,internal,Inicio,P1,mx
https://pixvo.tech/mx/casos-de-exito/,https://pixvo.tech/mx/,internal,México,P1,mx
https://pixvo.tech/mx/casos-de-exito/,https://pixvo.tech/mx/casos-de-exito/microcuotas/,parent_to_child,Microcuotas,P1,mx
https://pixvo.tech/mx/casos-de-exito/,https://pixvo.tech/mx/casos-de-exito/hospital-metropolitano/,parent_to_child,Hospital Metropolitano,P2,mx
https://pixvo.tech/mx/casos-de-exito/,https://pixvo.tech/mx/casos-de-exito/sanidad-web/,parent_to_child,Sanidad Web,P2,mx
https://pixvo.tech/mx/casos-de-exito/,https://pixvo.tech/mx/casos-de-exito/paola-informa/,parent_to_child,Paola Informa,P2,mx
https://pixvo.tech/mx/casos-de-exito/,https://pixvo.tech/mx/casos-de-exito/arpitools/,parent_to_child,Arpitools,P2,mx
https://pixvo.tech/mx/casos-de-exito/,https://pixvo.tech/mx/auditoria-crecimiento-digital/,internal,Auditar un cuello de botella,P1,mx
https://pixvo.tech/mx/casos-de-exito/,https://pixvo.tech/mx/solicitar-diagnostico/,conversion,Compartir el contexto de tu empresa,P1,mx
https://pixvo.tech/mx/casos-de-exito/,https://pixvo.tech/mx/soluciones/automatizacion-de-procesos/,internal,Automatización,P1,mx
https://pixvo.tech/mx/casos-de-exito/,https://pixvo.tech/mx/soluciones/seguimiento-de-leads/,internal,Seguimiento de leads,P1,mx
https://pixvo.tech/mx/casos-de-exito/,https://pixvo.tech/mx/nosotros/,internal,Nosotros,P3,mx
https://pixvo.tech/mx/casos-de-exito/,https://pixvo.tech/mx/contacto/,internal,Contacto,P3,mx
https://pixvo.tech/mx/casos-de-exito/,https://pixvo.tech/ar/,internal,Argentina,P1,mx
https://pixvo.tech/mx/casos-de-exito/,https://pixvo.tech/es/,internal,España,P1,mx
https://pixvo.tech/mx/casos-de-exito/microcuotas/,https://pixvo.tech/mx/sistema-crecimiento-digital/,internal,Sistema de crecimiento,P1,mx
https://pixvo.tech/mx/casos-de-exito/microcuotas/,https://pixvo.tech/mx/soluciones/seo-para-pymes/,case_to_solution,SEO para PyMEs,P1,mx
https://pixvo.tech/mx/casos-de-exito/microcuotas/,https://pixvo.tech/mx/auditoria-crecimiento-digital/,internal,Auditoría,P1,mx
https://pixvo.tech/mx/casos-de-exito/microcuotas/,https://pixvo.tech/mx/planes/,conversion,Planes,P1,mx
https://pixvo.tech/mx/casos-de-exito/microcuotas/,https://pixvo.tech/mx/casos-de-exito/,child_to_parent,Casos de éxito,P1,mx
https://pixvo.tech/mx/casos-de-exito/microcuotas/,https://pixvo.tech/mx/recursos/,internal,Recursos,P2,mx
https://pixvo.tech/mx/casos-de-exito/microcuotas/,https://pixvo.tech/mx/blog/,internal,Blog,P2,mx
https://pixvo.tech/mx/casos-de-exito/microcuotas/,https://pixvo.tech/mx/solicitar-diagnostico/,conversion,Solicitar diagnóstico,P1,mx
https://pixvo.tech/mx/casos-de-exito/microcuotas/,https://pixvo.tech/,internal,Inicio,P1,mx
https://pixvo.tech/mx/casos-de-exito/microcuotas/,https://pixvo.tech/mx/,internal,México,P1,mx
https://pixvo.tech/mx/casos-de-exito/microcuotas/,https://pixvo.tech/mx/soluciones/automatizacion-de-procesos/,case_to_solution,reducir tareas manuales en la precalificación,P1,mx
https://pixvo.tech/mx/casos-de-exito/microcuotas/,https://pixvo.tech/mx/soluciones/seguimiento-de-leads/,case_to_solution,automatizar el seguimiento de leads filtrados,P1,mx
https://pixvo.tech/mx/casos-de-exito/microcuotas/,https://pixvo.tech/mx/soluciones/analitica-digital/,case_to_solution,"medir captación, clasificación y aprobaciones por etapa",P2,mx
https://pixvo.tech/mx/casos-de-exito/microcuotas/,https://pixvo.tech/mx/auditoria-crecimiento-digital/,internal,auditar el proceso de captación e integración,P1,mx
https://pixvo.tech/mx/casos-de-exito/microcuotas/,https://pixvo.tech/mx/casos-de-exito/sanidad-web/,internal,Sanidad Web,P2,mx
https://pixvo.tech/mx/casos-de-exito/microcuotas/,https://pixvo.tech/mx/casos-de-exito/paola-informa/,internal,Paola Informa,P2,mx
https://pixvo.tech/mx/casos-de-exito/microcuotas/,https://pixvo.tech/mx/solicitar-diagnostico/,conversion,Analicemos qué parte de este proceso puedes automatizar,P1,mx
https://pixvo.tech/mx/casos-de-exito/microcuotas/,https://pixvo.tech/mx/soluciones/automatizacion-de-procesos/,case_to_solution,Automatización,P1,mx
https://pixvo.tech/mx/casos-de-exito/microcuotas/,https://pixvo.tech/mx/soluciones/seguimiento-de-leads/,case_to_solution,Seguimiento de leads,P1,mx
https://pixvo.tech/mx/casos-de-exito/microcuotas/,https://pixvo.tech/mx/nosotros/,internal,Nosotros,P3,mx
https://pixvo.tech/mx/casos-de-exito/microcuotas/,https://pixvo.tech/mx/contacto/,internal,Contacto,P3,mx
https://pixvo.tech/mx/casos-de-exito/microcuotas/,https://pixvo.tech/ar/,internal,Argentina,P1,mx
https://pixvo.tech/mx/casos-de-exito/microcuotas/,https://pixvo.tech/es/,internal,España,P1,mx
https://pixvo.tech/mx/casos-de-exito/hospital-metropolitano/,https://pixvo.tech/mx/sistema-crecimiento-digital/,internal,Sistema de crecimiento,P1,mx
https://pixvo.tech/mx/casos-de-exito/hospital-metropolitano/,https://pixvo.tech/mx/soluciones/seo-para-pymes/,case_to_solution,SEO para PyMEs,P1,mx
https://pixvo.tech/mx/casos-de-exito/hospital-metropolitano/,https://pixvo.tech/mx/auditoria-crecimiento-digital/,internal,Auditoría,P1,mx
https://pixvo.tech/mx/casos-de-exito/hospital-metropolitano/,https://pixvo.tech/mx/planes/,conversion,Planes,P1,mx
https://pixvo.tech/mx/casos-de-exito/hospital-metropolitano/,https://pixvo.tech/mx/casos-de-exito/,child_to_parent,Casos de éxito,P1,mx
https://pixvo.tech/mx/casos-de-exito/hospital-metropolitano/,https://pixvo.tech/mx/recursos/,internal,Recursos,P2,mx
https://pixvo.tech/mx/casos-de-exito/hospital-metropolitano/,https://pixvo.tech/mx/blog/,internal,Blog,P2,mx
https://pixvo.tech/mx/casos-de-exito/hospital-metropolitano/,https://pixvo.tech/mx/solicitar-diagnostico/,conversion,Solicitar diagnóstico,P1,mx
https://pixvo.tech/mx/casos-de-exito/hospital-metropolitano/,https://pixvo.tech/,internal,Inicio,P1,mx
https://pixvo.tech/mx/casos-de-exito/hospital-metropolitano/,https://pixvo.tech/mx/,internal,México,P1,mx
https://pixvo.tech/mx/casos-de-exito/hospital-metropolitano/,https://pixvo.tech/mx/soluciones/automatizacion-de-procesos/,case_to_solution,centralizar procesos operativos repetitivos,P1,mx
https://pixvo.tech/mx/casos-de-exito/hospital-metropolitano/,https://pixvo.tech/mx/soluciones/analitica-digital/,case_to_solution,definir una capa de datos compartida y trazable,P2,mx
https://pixvo.tech/mx/casos-de-exito/hospital-metropolitano/,https://pixvo.tech/mx/casos-de-exito/paola-informa/,internal,Paola Informa,P2,mx
https://pixvo.tech/mx/casos-de-exito/hospital-metropolitano/,https://pixvo.tech/mx/casos-de-exito/arpitools/,internal,Arpitools,P2,mx
https://pixvo.tech/mx/casos-de-exito/hospital-metropolitano/,https://pixvo.tech/mx/solicitar-diagnostico/,conversion,Analicemos qué parte de este proceso puedes automatizar,P1,mx
https://pixvo.tech/mx/casos-de-exito/hospital-metropolitano/,https://pixvo.tech/mx/soluciones/automatizacion-de-procesos/,case_to_solution,Automatización,P1,mx
https://pixvo.tech/mx/casos-de-exito/hospital-metropolitano/,https://pixvo.tech/mx/soluciones/seguimiento-de-leads/,case_to_solution,Seguimiento de leads,P1,mx
https://pixvo.tech/mx/casos-de-exito/hospital-metropolitano/,https://pixvo.tech/mx/nosotros/,internal,Nosotros,P3,mx
https://pixvo.tech/mx/casos-de-exito/hospital-metropolitano/,https://pixvo.tech/mx/contacto/,internal,Contacto,P3,mx
https://pixvo.tech/mx/casos-de-exito/hospital-metropolitano/,https://pixvo.tech/ar/,internal,Argentina,P1,mx
https://pixvo.tech/mx/casos-de-exito/hospital-metropolitano/,https://pixvo.tech/es/,internal,España,P1,mx
https://pixvo.tech/mx/casos-de-exito/sanidad-web/,https://pixvo.tech/mx/sistema-crecimiento-digital/,internal,Sistema de crecimiento,P1,mx
https://pixvo.tech/mx/casos-de-exito/sanidad-web/,https://pixvo.tech/mx/soluciones/seo-para-pymes/,case_to_solution,SEO para PyMEs,P1,mx
https://pixvo.tech/mx/casos-de-exito/sanidad-web/,https://pixvo.tech/mx/auditoria-crecimiento-digital/,internal,Auditoría,P1,mx
https://pixvo.tech/mx/casos-de-exito/sanidad-web/,https://pixvo.tech/mx/planes/,conversion,Planes,P1,mx
https://pixvo.tech/mx/casos-de-exito/sanidad-web/,https://pixvo.tech/mx/casos-de-exito/,child_to_parent,Casos de éxito,P1,mx
https://pixvo.tech/mx/casos-de-exito/sanidad-web/,https://pixvo.tech/mx/recursos/,internal,Recursos,P2,mx
https://pixvo.tech/mx/casos-de-exito/sanidad-web/,https://pixvo.tech/mx/blog/,internal,Blog,P2,mx
https://pixvo.tech/mx/casos-de-exito/sanidad-web/,https://pixvo.tech/mx/solicitar-diagnostico/,conversion,Solicitar diagnóstico,P1,mx
https://pixvo.tech/mx/casos-de-exito/sanidad-web/,https://pixvo.tech/,internal,Inicio,P1,mx
https://pixvo.tech/mx/casos-de-exito/sanidad-web/,https://pixvo.tech/mx/,internal,México,P1,mx
https://pixvo.tech/mx/casos-de-exito/sanidad-web/,https://pixvo.tech/mx/soluciones/seo-wordpress/,case_to_solution,trabajar el SEO técnico de WordPress,P2,mx
https://pixvo.tech/mx/casos-de-exito/sanidad-web/,https://pixvo.tech/mx/soluciones/optimizacion-wordpress/,case_to_solution,mejorar rendimiento y estabilidad en WordPress,P2,mx
https://pixvo.tech/mx/casos-de-exito/sanidad-web/,https://pixvo.tech/mx/soluciones/contenido-seo/,case_to_solution,organizar contenido territorial con intención y arquitectura,P2,mx
https://pixvo.tech/mx/casos-de-exito/sanidad-web/,https://pixvo.tech/mx/casos-de-exito/microcuotas/,internal,Microcuotas,P1,mx
https://pixvo.tech/mx/casos-de-exito/sanidad-web/,https://pixvo.tech/mx/casos-de-exito/paola-informa/,internal,Paola Informa,P2,mx
https://pixvo.tech/mx/casos-de-exito/sanidad-web/,https://pixvo.tech/mx/solicitar-diagnostico/,conversion,Analicemos qué parte de este proceso puedes automatizar,P1,mx
https://pixvo.tech/mx/casos-de-exito/sanidad-web/,https://pixvo.tech/mx/soluciones/automatizacion-de-procesos/,case_to_solution,Automatización,P1,mx
https://pixvo.tech/mx/casos-de-exito/sanidad-web/,https://pixvo.tech/mx/soluciones/seguimiento-de-leads/,case_to_solution,Seguimiento de leads,P1,mx
https://pixvo.tech/mx/casos-de-exito/sanidad-web/,https://pixvo.tech/mx/nosotros/,internal,Nosotros,P3,mx
https://pixvo.tech/mx/casos-de-exito/sanidad-web/,https://pixvo.tech/mx/contacto/,internal,Contacto,P3,mx
https://pixvo.tech/mx/casos-de-exito/sanidad-web/,https://pixvo.tech/ar/,internal,Argentina,P1,mx
https://pixvo.tech/mx/casos-de-exito/sanidad-web/,https://pixvo.tech/es/,internal,España,P1,mx
https://pixvo.tech/mx/casos-de-exito/paola-informa/,https://pixvo.tech/mx/sistema-crecimiento-digital/,internal,Sistema de crecimiento,P1,mx
https://pixvo.tech/mx/casos-de-exito/paola-informa/,https://pixvo.tech/mx/soluciones/seo-para-pymes/,case_to_solution,SEO para PyMEs,P1,mx
https://pixvo.tech/mx/casos-de-exito/paola-informa/,https://pixvo.tech/mx/auditoria-crecimiento-digital/,internal,Auditoría,P1,mx
https://pixvo.tech/mx/casos-de-exito/paola-informa/,https://pixvo.tech/mx/planes/,conversion,Planes,P1,mx
https://pixvo.tech/mx/casos-de-exito/paola-informa/,https://pixvo.tech/mx/casos-de-exito/,child_to_parent,Casos de éxito,P1,mx
https://pixvo.tech/mx/casos-de-exito/paola-informa/,https://pixvo.tech/mx/recursos/,internal,Recursos,P2,mx
https://pixvo.tech/mx/casos-de-exito/paola-informa/,https://pixvo.tech/mx/blog/,internal,Blog,P2,mx
https://pixvo.tech/mx/casos-de-exito/paola-informa/,https://pixvo.tech/mx/solicitar-diagnostico/,conversion,Solicitar diagnóstico,P1,mx
https://pixvo.tech/mx/casos-de-exito/paola-informa/,https://pixvo.tech/,internal,Inicio,P1,mx
https://pixvo.tech/mx/casos-de-exito/paola-informa/,https://pixvo.tech/mx/,internal,México,P1,mx
https://pixvo.tech/mx/casos-de-exito/paola-informa/,https://pixvo.tech/mx/soluciones/automatizacion-de-procesos/,case_to_solution,centralizar flujos de información y notificaciones,P1,mx
https://pixvo.tech/mx/casos-de-exito/paola-informa/,https://pixvo.tech/mx/soluciones/analitica-digital/,case_to_solution,"medir contenidos, preferencias y uso sin inventar resultados",P2,mx
https://pixvo.tech/mx/casos-de-exito/paola-informa/,https://pixvo.tech/mx/casos-de-exito/sanidad-web/,internal,Sanidad Web,P2,mx
https://pixvo.tech/mx/casos-de-exito/paola-informa/,https://pixvo.tech/mx/casos-de-exito/arpitools/,internal,Arpitools,P2,mx
https://pixvo.tech/mx/casos-de-exito/paola-informa/,https://pixvo.tech/mx/solicitar-diagnostico/,conversion,Analicemos qué parte de este proceso puedes automatizar,P1,mx
https://pixvo.tech/mx/casos-de-exito/paola-informa/,https://pixvo.tech/mx/soluciones/automatizacion-de-procesos/,case_to_solution,Automatización,P1,mx
https://pixvo.tech/mx/casos-de-exito/paola-informa/,https://pixvo.tech/mx/soluciones/seguimiento-de-leads/,case_to_solution,Seguimiento de leads,P1,mx
https://pixvo.tech/mx/casos-de-exito/paola-informa/,https://pixvo.tech/mx/nosotros/,internal,Nosotros,P3,mx
https://pixvo.tech/mx/casos-de-exito/paola-informa/,https://pixvo.tech/mx/contacto/,internal,Contacto,P3,mx
https://pixvo.tech/mx/casos-de-exito/paola-informa/,https://pixvo.tech/ar/,internal,Argentina,P1,mx
https://pixvo.tech/mx/casos-de-exito/paola-informa/,https://pixvo.tech/es/,internal,España,P1,mx
https://pixvo.tech/mx/casos-de-exito/arpitools/,https://pixvo.tech/mx/sistema-crecimiento-digital/,internal,Sistema de crecimiento,P1,mx
https://pixvo.tech/mx/casos-de-exito/arpitools/,https://pixvo.tech/mx/soluciones/seo-para-pymes/,case_to_solution,SEO para PyMEs,P1,mx
https://pixvo.tech/mx/casos-de-exito/arpitools/,https://pixvo.tech/mx/auditoria-crecimiento-digital/,internal,Auditoría,P1,mx
https://pixvo.tech/mx/casos-de-exito/arpitools/,https://pixvo.tech/mx/planes/,conversion,Planes,P1,mx
https://pixvo.tech/mx/casos-de-exito/arpitools/,https://pixvo.tech/mx/casos-de-exito/,child_to_parent,Casos de éxito,P1,mx
https://pixvo.tech/mx/casos-de-exito/arpitools/,https://pixvo.tech/mx/recursos/,internal,Recursos,P2,mx
https://pixvo.tech/mx/casos-de-exito/arpitools/,https://pixvo.tech/mx/blog/,internal,Blog,P2,mx
https://pixvo.tech/mx/casos-de-exito/arpitools/,https://pixvo.tech/mx/solicitar-diagnostico/,conversion,Solicitar diagnóstico,P1,mx
https://pixvo.tech/mx/casos-de-exito/arpitools/,https://pixvo.tech/,internal,Inicio,P1,mx
https://pixvo.tech/mx/casos-de-exito/arpitools/,https://pixvo.tech/mx/,internal,México,P1,mx
https://pixvo.tech/mx/casos-de-exito/arpitools/,https://pixvo.tech/mx/soluciones/automatizacion-de-procesos/,case_to_solution,conectar la operación mobile con procesos web,P1,mx
https://pixvo.tech/mx/casos-de-exito/arpitools/,https://pixvo.tech/mx/soluciones/analitica-digital/,case_to_solution,estructurar reporting operativo sobre datos verificables,P2,mx
https://pixvo.tech/mx/casos-de-exito/arpitools/,https://pixvo.tech/mx/casos-de-exito/hospital-metropolitano/,internal,Hospital Metropolitano,P2,mx
https://pixvo.tech/mx/casos-de-exito/arpitools/,https://pixvo.tech/mx/casos-de-exito/paola-informa/,internal,Paola Informa,P2,mx
https://pixvo.tech/mx/casos-de-exito/arpitools/,https://pixvo.tech/mx/solicitar-diagnostico/,conversion,Analicemos qué parte de este proceso puedes automatizar,P1,mx
https://pixvo.tech/mx/casos-de-exito/arpitools/,https://pixvo.tech/mx/soluciones/automatizacion-de-procesos/,case_to_solution,Automatización,P1,mx
https://pixvo.tech/mx/casos-de-exito/arpitools/,https://pixvo.tech/mx/soluciones/seguimiento-de-leads/,case_to_solution,Seguimiento de leads,P1,mx
https://pixvo.tech/mx/casos-de-exito/arpitools/,https://pixvo.tech/mx/nosotros/,internal,Nosotros,P3,mx
https://pixvo.tech/mx/casos-de-exito/arpitools/,https://pixvo.tech/mx/contacto/,internal,Contacto,P3,mx
https://pixvo.tech/mx/casos-de-exito/arpitools/,https://pixvo.tech/ar/,internal,Argentina,P1,mx
https://pixvo.tech/mx/casos-de-exito/arpitools/,https://pixvo.tech/es/,internal,España,P1,mx
https://pixvo.tech/mx/recursos/,https://pixvo.tech/mx/sistema-crecimiento-digital/,child_to_parent,Sistema de crecimiento,P1,mx
https://pixvo.tech/mx/recursos/,https://pixvo.tech/mx/soluciones/seo-para-pymes/,internal,SEO para PyMEs,P1,mx
https://pixvo.tech/mx/recursos/,https://pixvo.tech/mx/auditoria-crecimiento-digital/,internal,Auditoría,P1,mx
https://pixvo.tech/mx/recursos/,https://pixvo.tech/mx/planes/,conversion,Planes,P1,mx
https://pixvo.tech/mx/recursos/,https://pixvo.tech/mx/casos-de-exito/,internal,Casos de éxito,P1,mx
https://pixvo.tech/mx/recursos/,https://pixvo.tech/mx/recursos/,internal,Recursos,P2,mx
https://pixvo.tech/mx/recursos/,https://pixvo.tech/mx/blog/,internal,Blog,P2,mx
https://pixvo.tech/mx/recursos/,https://pixvo.tech/mx/solicitar-diagnostico/,conversion,Solicitar diagnóstico,P1,mx
https://pixvo.tech/mx/recursos/,https://pixvo.tech/,internal,Inicio,P1,mx
https://pixvo.tech/mx/recursos/,https://pixvo.tech/mx/,internal,México,P1,mx
https://pixvo.tech/mx/recursos/,https://pixvo.tech/mx/recursos/seo-vs-google-ads/,parent_to_child,SEO vs Google Ads,P2,mx
https://pixvo.tech/mx/recursos/,https://pixvo.tech/mx/recursos/agencia-seo-vs-consultor-seo/,parent_to_child,Agencia SEO vs consultor SEO,P2,mx
https://pixvo.tech/mx/recursos/,https://pixvo.tech/mx/recursos/seo-mensual-vs-auditoria/,parent_to_child,SEO mensual vs auditoría SEO,P2,mx
https://pixvo.tech/mx/recursos/,https://pixvo.tech/mx/recursos/n8n-vs-zapier/,parent_to_child,n8n vs Zapier,P2,mx
https://pixvo.tech/mx/recursos/,https://pixvo.tech/mx/recursos/crm-vs-automatizacion-de-leads/,parent_to_child,CRM vs automatización de leads,P2,mx
https://pixvo.tech/mx/recursos/,https://pixvo.tech/mx/recursos/rediseno-web-vs-optimizacion-cro/,parent_to_child,Rediseño web vs optimización CRO,P2,mx
https://pixvo.tech/mx/recursos/,https://pixvo.tech/mx/recursos/seo-vs-sistema-de-crecimiento/,parent_to_child,SEO vs sistema de crecimiento digital,P2,mx
https://pixvo.tech/mx/recursos/,https://pixvo.tech/mx/auditoria-crecimiento-digital/,internal,Solicitar una auditoría,P1,mx
https://pixvo.tech/mx/recursos/,https://pixvo.tech/mx/planes/,conversion,Comparar planes,P1,mx
https://pixvo.tech/mx/recursos/,https://pixvo.tech/mx/soluciones/automatizacion-de-procesos/,internal,Automatización,P1,mx
https://pixvo.tech/mx/recursos/,https://pixvo.tech/mx/soluciones/seguimiento-de-leads/,internal,Seguimiento de leads,P1,mx
https://pixvo.tech/mx/recursos/,https://pixvo.tech/mx/nosotros/,internal,Nosotros,P3,mx
https://pixvo.tech/mx/recursos/,https://pixvo.tech/mx/contacto/,internal,Contacto,P3,mx
https://pixvo.tech/mx/recursos/,https://pixvo.tech/ar/,internal,Argentina,P1,mx
https://pixvo.tech/mx/recursos/,https://pixvo.tech/es/,internal,España,P1,mx
https://pixvo.tech/mx/recursos/seo-vs-google-ads/,https://pixvo.tech/mx/sistema-crecimiento-digital/,editorial_to_money,Sistema de crecimiento,P1,mx
https://pixvo.tech/mx/recursos/seo-vs-google-ads/,https://pixvo.tech/mx/soluciones/seo-para-pymes/,editorial_to_money,SEO para PyMEs,P1,mx
https://pixvo.tech/mx/recursos/seo-vs-google-ads/,https://pixvo.tech/mx/auditoria-crecimiento-digital/,editorial_to_money,Auditoría,P1,mx
https://pixvo.tech/mx/recursos/seo-vs-google-ads/,https://pixvo.tech/mx/planes/,conversion,Planes,P1,mx
https://pixvo.tech/mx/recursos/seo-vs-google-ads/,https://pixvo.tech/mx/casos-de-exito/,internal,Casos de éxito,P1,mx
https://pixvo.tech/mx/recursos/seo-vs-google-ads/,https://pixvo.tech/mx/recursos/,child_to_parent,Recursos,P2,mx
https://pixvo.tech/mx/recursos/seo-vs-google-ads/,https://pixvo.tech/mx/blog/,internal,Blog,P2,mx
https://pixvo.tech/mx/recursos/seo-vs-google-ads/,https://pixvo.tech/mx/solicitar-diagnostico/,conversion,Solicitar diagnóstico,P1,mx
https://pixvo.tech/mx/recursos/seo-vs-google-ads/,https://pixvo.tech/,internal,Inicio,P1,mx
https://pixvo.tech/mx/recursos/seo-vs-google-ads/,https://pixvo.tech/mx/,internal,México,P1,mx
https://pixvo.tech/mx/recursos/seo-vs-google-ads/,https://pixvo.tech/mx/soluciones/seo-para-pymes/,editorial_to_money,SEO para PyMEs orientado a captar clientes,P1,mx
https://pixvo.tech/mx/recursos/seo-vs-google-ads/,https://pixvo.tech/mx/soluciones/analitica-digital/,editorial_to_money,Consultoría de analítica digital,P2,mx
https://pixvo.tech/mx/recursos/seo-vs-google-ads/,https://pixvo.tech/mx/auditoria-crecimiento-digital/,editorial_to_money,Auditoría de crecimiento digital,P1,mx
https://pixvo.tech/mx/recursos/seo-vs-google-ads/,https://pixvo.tech/mx/planes/,conversion,Planes y precios,P1,mx
https://pixvo.tech/mx/recursos/seo-vs-google-ads/,https://pixvo.tech/mx/soluciones/automatizacion-de-procesos/,editorial_to_money,Automatización,P1,mx
https://pixvo.tech/mx/recursos/seo-vs-google-ads/,https://pixvo.tech/mx/soluciones/seguimiento-de-leads/,editorial_to_money,Seguimiento de leads,P1,mx
https://pixvo.tech/mx/recursos/seo-vs-google-ads/,https://pixvo.tech/mx/nosotros/,internal,Nosotros,P3,mx
https://pixvo.tech/mx/recursos/seo-vs-google-ads/,https://pixvo.tech/mx/contacto/,internal,Contacto,P3,mx
https://pixvo.tech/mx/recursos/seo-vs-google-ads/,https://pixvo.tech/ar/,internal,Argentina,P1,mx
https://pixvo.tech/mx/recursos/seo-vs-google-ads/,https://pixvo.tech/es/,internal,España,P1,mx
https://pixvo.tech/mx/recursos/agencia-seo-vs-consultor-seo/,https://pixvo.tech/mx/sistema-crecimiento-digital/,editorial_to_money,Sistema de crecimiento,P1,mx
https://pixvo.tech/mx/recursos/agencia-seo-vs-consultor-seo/,https://pixvo.tech/mx/soluciones/seo-para-pymes/,editorial_to_money,SEO para PyMEs,P1,mx
https://pixvo.tech/mx/recursos/agencia-seo-vs-consultor-seo/,https://pixvo.tech/mx/auditoria-crecimiento-digital/,editorial_to_money,Auditoría,P1,mx
https://pixvo.tech/mx/recursos/agencia-seo-vs-consultor-seo/,https://pixvo.tech/mx/planes/,conversion,Planes,P1,mx
https://pixvo.tech/mx/recursos/agencia-seo-vs-consultor-seo/,https://pixvo.tech/mx/casos-de-exito/,internal,Casos de éxito,P1,mx
https://pixvo.tech/mx/recursos/agencia-seo-vs-consultor-seo/,https://pixvo.tech/mx/recursos/,child_to_parent,Recursos,P2,mx
https://pixvo.tech/mx/recursos/agencia-seo-vs-consultor-seo/,https://pixvo.tech/mx/blog/,internal,Blog,P2,mx
https://pixvo.tech/mx/recursos/agencia-seo-vs-consultor-seo/,https://pixvo.tech/mx/solicitar-diagnostico/,conversion,Solicitar diagnóstico,P1,mx
https://pixvo.tech/mx/recursos/agencia-seo-vs-consultor-seo/,https://pixvo.tech/,internal,Inicio,P1,mx
https://pixvo.tech/mx/recursos/agencia-seo-vs-consultor-seo/,https://pixvo.tech/mx/,internal,México,P1,mx
https://pixvo.tech/mx/recursos/agencia-seo-vs-consultor-seo/,https://pixvo.tech/mx/soluciones/seo-para-pymes/,editorial_to_money,SEO para PyMEs orientado a captar clientes,P1,mx
https://pixvo.tech/mx/recursos/agencia-seo-vs-consultor-seo/,https://pixvo.tech/mx/sistema-crecimiento-digital/,editorial_to_money,Pixvo Growth System,P1,mx
https://pixvo.tech/mx/recursos/agencia-seo-vs-consultor-seo/,https://pixvo.tech/mx/auditoria-crecimiento-digital/,editorial_to_money,Auditoría de crecimiento digital,P1,mx
https://pixvo.tech/mx/recursos/agencia-seo-vs-consultor-seo/,https://pixvo.tech/mx/planes/,conversion,Planes y precios,P1,mx
https://pixvo.tech/mx/recursos/agencia-seo-vs-consultor-seo/,https://pixvo.tech/mx/soluciones/automatizacion-de-procesos/,editorial_to_money,Automatización,P1,mx
https://pixvo.tech/mx/recursos/agencia-seo-vs-consultor-seo/,https://pixvo.tech/mx/soluciones/seguimiento-de-leads/,editorial_to_money,Seguimiento de leads,P1,mx
https://pixvo.tech/mx/recursos/agencia-seo-vs-consultor-seo/,https://pixvo.tech/mx/nosotros/,internal,Nosotros,P3,mx
https://pixvo.tech/mx/recursos/agencia-seo-vs-consultor-seo/,https://pixvo.tech/mx/contacto/,internal,Contacto,P3,mx
https://pixvo.tech/mx/recursos/agencia-seo-vs-consultor-seo/,https://pixvo.tech/ar/,internal,Argentina,P1,mx
https://pixvo.tech/mx/recursos/agencia-seo-vs-consultor-seo/,https://pixvo.tech/es/,internal,España,P1,mx
https://pixvo.tech/mx/recursos/seo-mensual-vs-auditoria/,https://pixvo.tech/mx/sistema-crecimiento-digital/,editorial_to_money,Sistema de crecimiento,P1,mx
https://pixvo.tech/mx/recursos/seo-mensual-vs-auditoria/,https://pixvo.tech/mx/soluciones/seo-para-pymes/,editorial_to_money,SEO para PyMEs,P1,mx
https://pixvo.tech/mx/recursos/seo-mensual-vs-auditoria/,https://pixvo.tech/mx/auditoria-crecimiento-digital/,editorial_to_money,Auditoría,P1,mx
https://pixvo.tech/mx/recursos/seo-mensual-vs-auditoria/,https://pixvo.tech/mx/planes/,conversion,Planes,P1,mx
https://pixvo.tech/mx/recursos/seo-mensual-vs-auditoria/,https://pixvo.tech/mx/casos-de-exito/,internal,Casos de éxito,P1,mx
https://pixvo.tech/mx/recursos/seo-mensual-vs-auditoria/,https://pixvo.tech/mx/recursos/,child_to_parent,Recursos,P2,mx
https://pixvo.tech/mx/recursos/seo-mensual-vs-auditoria/,https://pixvo.tech/mx/blog/,internal,Blog,P2,mx
https://pixvo.tech/mx/recursos/seo-mensual-vs-auditoria/,https://pixvo.tech/mx/solicitar-diagnostico/,conversion,Solicitar diagnóstico,P1,mx
https://pixvo.tech/mx/recursos/seo-mensual-vs-auditoria/,https://pixvo.tech/,internal,Inicio,P1,mx
https://pixvo.tech/mx/recursos/seo-mensual-vs-auditoria/,https://pixvo.tech/mx/,internal,México,P1,mx
https://pixvo.tech/mx/recursos/seo-mensual-vs-auditoria/,https://pixvo.tech/mx/soluciones/seo-para-pymes/,editorial_to_money,SEO para PyMEs orientado a captar clientes,P1,mx
https://pixvo.tech/mx/recursos/seo-mensual-vs-auditoria/,https://pixvo.tech/mx/auditoria-crecimiento-digital/,editorial_to_money,Auditoría de crecimiento digital,P1,mx
https://pixvo.tech/mx/recursos/seo-mensual-vs-auditoria/,https://pixvo.tech/mx/planes/,conversion,Planes y precios,P1,mx
https://pixvo.tech/mx/recursos/seo-mensual-vs-auditoria/,https://pixvo.tech/mx/soluciones/automatizacion-de-procesos/,editorial_to_money,Automatización,P1,mx
https://pixvo.tech/mx/recursos/seo-mensual-vs-auditoria/,https://pixvo.tech/mx/soluciones/seguimiento-de-leads/,editorial_to_money,Seguimiento de leads,P1,mx
https://pixvo.tech/mx/recursos/seo-mensual-vs-auditoria/,https://pixvo.tech/mx/nosotros/,internal,Nosotros,P3,mx
https://pixvo.tech/mx/recursos/seo-mensual-vs-auditoria/,https://pixvo.tech/mx/contacto/,internal,Contacto,P3,mx
https://pixvo.tech/mx/recursos/seo-mensual-vs-auditoria/,https://pixvo.tech/ar/,internal,Argentina,P1,mx
https://pixvo.tech/mx/recursos/seo-mensual-vs-auditoria/,https://pixvo.tech/es/,internal,España,P1,mx
https://pixvo.tech/mx/recursos/n8n-vs-zapier/,https://pixvo.tech/mx/sistema-crecimiento-digital/,editorial_to_money,Sistema de crecimiento,P1,mx
https://pixvo.tech/mx/recursos/n8n-vs-zapier/,https://pixvo.tech/mx/soluciones/seo-para-pymes/,editorial_to_money,SEO para PyMEs,P1,mx
https://pixvo.tech/mx/recursos/n8n-vs-zapier/,https://pixvo.tech/mx/auditoria-crecimiento-digital/,editorial_to_money,Auditoría,P1,mx
https://pixvo.tech/mx/recursos/n8n-vs-zapier/,https://pixvo.tech/mx/planes/,conversion,Planes,P1,mx
https://pixvo.tech/mx/recursos/n8n-vs-zapier/,https://pixvo.tech/mx/casos-de-exito/,internal,Casos de éxito,P1,mx
https://pixvo.tech/mx/recursos/n8n-vs-zapier/,https://pixvo.tech/mx/recursos/,child_to_parent,Recursos,P2,mx
https://pixvo.tech/mx/recursos/n8n-vs-zapier/,https://pixvo.tech/mx/blog/,internal,Blog,P2,mx
https://pixvo.tech/mx/recursos/n8n-vs-zapier/,https://pixvo.tech/mx/solicitar-diagnostico/,conversion,Solicitar diagnóstico,P1,mx
https://pixvo.tech/mx/recursos/n8n-vs-zapier/,https://pixvo.tech/,internal,Inicio,P1,mx
https://pixvo.tech/mx/recursos/n8n-vs-zapier/,https://pixvo.tech/mx/,internal,México,P1,mx
https://pixvo.tech/mx/recursos/n8n-vs-zapier/,https://pixvo.tech/mx/soluciones/automatizacion-de-procesos/,editorial_to_money,Automatización de procesos para PyMEs,P1,mx
https://pixvo.tech/mx/recursos/n8n-vs-zapier/,https://pixvo.tech/mx/soluciones/analitica-digital/,editorial_to_money,Consultoría de analítica digital,P2,mx
https://pixvo.tech/mx/recursos/n8n-vs-zapier/,https://pixvo.tech/mx/auditoria-crecimiento-digital/,editorial_to_money,Auditoría de crecimiento digital,P1,mx
https://pixvo.tech/mx/recursos/n8n-vs-zapier/,https://pixvo.tech/mx/planes/,conversion,Planes y precios,P1,mx
https://pixvo.tech/mx/recursos/n8n-vs-zapier/,https://pixvo.tech/mx/soluciones/automatizacion-de-procesos/,editorial_to_money,Automatización,P1,mx
https://pixvo.tech/mx/recursos/n8n-vs-zapier/,https://pixvo.tech/mx/soluciones/seguimiento-de-leads/,editorial_to_money,Seguimiento de leads,P1,mx
https://pixvo.tech/mx/recursos/n8n-vs-zapier/,https://pixvo.tech/mx/nosotros/,internal,Nosotros,P3,mx
https://pixvo.tech/mx/recursos/n8n-vs-zapier/,https://pixvo.tech/mx/contacto/,internal,Contacto,P3,mx
https://pixvo.tech/mx/recursos/n8n-vs-zapier/,https://pixvo.tech/ar/,internal,Argentina,P1,mx
https://pixvo.tech/mx/recursos/n8n-vs-zapier/,https://pixvo.tech/es/,internal,España,P1,mx
https://pixvo.tech/mx/recursos/crm-vs-automatizacion-de-leads/,https://pixvo.tech/mx/sistema-crecimiento-digital/,editorial_to_money,Sistema de crecimiento,P1,mx
https://pixvo.tech/mx/recursos/crm-vs-automatizacion-de-leads/,https://pixvo.tech/mx/soluciones/seo-para-pymes/,editorial_to_money,SEO para PyMEs,P1,mx
https://pixvo.tech/mx/recursos/crm-vs-automatizacion-de-leads/,https://pixvo.tech/mx/auditoria-crecimiento-digital/,editorial_to_money,Auditoría,P1,mx
https://pixvo.tech/mx/recursos/crm-vs-automatizacion-de-leads/,https://pixvo.tech/mx/planes/,conversion,Planes,P1,mx
https://pixvo.tech/mx/recursos/crm-vs-automatizacion-de-leads/,https://pixvo.tech/mx/casos-de-exito/,internal,Casos de éxito,P1,mx
https://pixvo.tech/mx/recursos/crm-vs-automatizacion-de-leads/,https://pixvo.tech/mx/recursos/,child_to_parent,Recursos,P2,mx
https://pixvo.tech/mx/recursos/crm-vs-automatizacion-de-leads/,https://pixvo.tech/mx/blog/,internal,Blog,P2,mx
https://pixvo.tech/mx/recursos/crm-vs-automatizacion-de-leads/,https://pixvo.tech/mx/solicitar-diagnostico/,conversion,Solicitar diagnóstico,P1,mx
https://pixvo.tech/mx/recursos/crm-vs-automatizacion-de-leads/,https://pixvo.tech/,internal,Inicio,P1,mx
https://pixvo.tech/mx/recursos/crm-vs-automatizacion-de-leads/,https://pixvo.tech/mx/,internal,México,P1,mx
https://pixvo.tech/mx/recursos/crm-vs-automatizacion-de-leads/,https://pixvo.tech/mx/soluciones/seguimiento-de-leads/,editorial_to_money,Automatización del seguimiento de leads,P1,mx
https://pixvo.tech/mx/recursos/crm-vs-automatizacion-de-leads/,https://pixvo.tech/mx/soluciones/automatizacion-de-procesos/,editorial_to_money,Automatización de procesos para PyMEs,P1,mx
https://pixvo.tech/mx/recursos/crm-vs-automatizacion-de-leads/,https://pixvo.tech/mx/planes/,conversion,Planes y precios,P1,mx
https://pixvo.tech/mx/recursos/crm-vs-automatizacion-de-leads/,https://pixvo.tech/mx/soluciones/automatizacion-de-procesos/,editorial_to_money,Automatización,P1,mx
https://pixvo.tech/mx/recursos/crm-vs-automatizacion-de-leads/,https://pixvo.tech/mx/soluciones/seguimiento-de-leads/,editorial_to_money,Seguimiento de leads,P1,mx
https://pixvo.tech/mx/recursos/crm-vs-automatizacion-de-leads/,https://pixvo.tech/mx/nosotros/,internal,Nosotros,P3,mx
https://pixvo.tech/mx/recursos/crm-vs-automatizacion-de-leads/,https://pixvo.tech/mx/contacto/,internal,Contacto,P3,mx
https://pixvo.tech/mx/recursos/crm-vs-automatizacion-de-leads/,https://pixvo.tech/ar/,internal,Argentina,P1,mx
https://pixvo.tech/mx/recursos/crm-vs-automatizacion-de-leads/,https://pixvo.tech/es/,internal,España,P1,mx
https://pixvo.tech/mx/recursos/rediseno-web-vs-optimizacion-cro/,https://pixvo.tech/mx/sistema-crecimiento-digital/,editorial_to_money,Sistema de crecimiento,P1,mx
https://pixvo.tech/mx/recursos/rediseno-web-vs-optimizacion-cro/,https://pixvo.tech/mx/soluciones/seo-para-pymes/,editorial_to_money,SEO para PyMEs,P1,mx
https://pixvo.tech/mx/recursos/rediseno-web-vs-optimizacion-cro/,https://pixvo.tech/mx/auditoria-crecimiento-digital/,editorial_to_money,Auditoría,P1,mx
https://pixvo.tech/mx/recursos/rediseno-web-vs-optimizacion-cro/,https://pixvo.tech/mx/planes/,conversion,Planes,P1,mx
https://pixvo.tech/mx/recursos/rediseno-web-vs-optimizacion-cro/,https://pixvo.tech/mx/casos-de-exito/,internal,Casos de éxito,P1,mx
https://pixvo.tech/mx/recursos/rediseno-web-vs-optimizacion-cro/,https://pixvo.tech/mx/recursos/,child_to_parent,Recursos,P2,mx
https://pixvo.tech/mx/recursos/rediseno-web-vs-optimizacion-cro/,https://pixvo.tech/mx/blog/,internal,Blog,P2,mx
https://pixvo.tech/mx/recursos/rediseno-web-vs-optimizacion-cro/,https://pixvo.tech/mx/solicitar-diagnostico/,conversion,Solicitar diagnóstico,P1,mx
https://pixvo.tech/mx/recursos/rediseno-web-vs-optimizacion-cro/,https://pixvo.tech/,internal,Inicio,P1,mx
https://pixvo.tech/mx/recursos/rediseno-web-vs-optimizacion-cro/,https://pixvo.tech/mx/,internal,México,P1,mx
https://pixvo.tech/mx/recursos/rediseno-web-vs-optimizacion-cro/,https://pixvo.tech/mx/soluciones/optimizacion-de-conversion/,editorial_to_money,Optimización de conversión web,P2,mx
https://pixvo.tech/mx/recursos/rediseno-web-vs-optimizacion-cro/,https://pixvo.tech/mx/soluciones/analitica-digital/,editorial_to_money,Consultoría de analítica digital,P2,mx
https://pixvo.tech/mx/recursos/rediseno-web-vs-optimizacion-cro/,https://pixvo.tech/mx/auditoria-crecimiento-digital/,editorial_to_money,Auditoría de crecimiento digital,P1,mx
https://pixvo.tech/mx/recursos/rediseno-web-vs-optimizacion-cro/,https://pixvo.tech/mx/planes/,conversion,Planes y precios,P1,mx
https://pixvo.tech/mx/recursos/rediseno-web-vs-optimizacion-cro/,https://pixvo.tech/mx/soluciones/automatizacion-de-procesos/,editorial_to_money,Automatización,P1,mx
https://pixvo.tech/mx/recursos/rediseno-web-vs-optimizacion-cro/,https://pixvo.tech/mx/soluciones/seguimiento-de-leads/,editorial_to_money,Seguimiento de leads,P1,mx
https://pixvo.tech/mx/recursos/rediseno-web-vs-optimizacion-cro/,https://pixvo.tech/mx/nosotros/,internal,Nosotros,P3,mx
https://pixvo.tech/mx/recursos/rediseno-web-vs-optimizacion-cro/,https://pixvo.tech/mx/contacto/,internal,Contacto,P3,mx
https://pixvo.tech/mx/recursos/rediseno-web-vs-optimizacion-cro/,https://pixvo.tech/ar/,internal,Argentina,P1,mx
https://pixvo.tech/mx/recursos/rediseno-web-vs-optimizacion-cro/,https://pixvo.tech/es/,internal,España,P1,mx
https://pixvo.tech/mx/recursos/seo-vs-sistema-de-crecimiento/,https://pixvo.tech/mx/sistema-crecimiento-digital/,editorial_to_money,Sistema de crecimiento,P1,mx
https://pixvo.tech/mx/recursos/seo-vs-sistema-de-crecimiento/,https://pixvo.tech/mx/soluciones/seo-para-pymes/,editorial_to_money,SEO para PyMEs,P1,mx
https://pixvo.tech/mx/recursos/seo-vs-sistema-de-crecimiento/,https://pixvo.tech/mx/auditoria-crecimiento-digital/,editorial_to_money,Auditoría,P1,mx
https://pixvo.tech/mx/recursos/seo-vs-sistema-de-crecimiento/,https://pixvo.tech/mx/planes/,conversion,Planes,P1,mx
https://pixvo.tech/mx/recursos/seo-vs-sistema-de-crecimiento/,https://pixvo.tech/mx/casos-de-exito/,internal,Casos de éxito,P1,mx
https://pixvo.tech/mx/recursos/seo-vs-sistema-de-crecimiento/,https://pixvo.tech/mx/recursos/,child_to_parent,Recursos,P2,mx
https://pixvo.tech/mx/recursos/seo-vs-sistema-de-crecimiento/,https://pixvo.tech/mx/blog/,internal,Blog,P2,mx
https://pixvo.tech/mx/recursos/seo-vs-sistema-de-crecimiento/,https://pixvo.tech/mx/solicitar-diagnostico/,conversion,Solicitar diagnóstico,P1,mx
https://pixvo.tech/mx/recursos/seo-vs-sistema-de-crecimiento/,https://pixvo.tech/,internal,Inicio,P1,mx
https://pixvo.tech/mx/recursos/seo-vs-sistema-de-crecimiento/,https://pixvo.tech/mx/,internal,México,P1,mx
https://pixvo.tech/mx/recursos/seo-vs-sistema-de-crecimiento/,https://pixvo.tech/mx/soluciones/seo-para-pymes/,editorial_to_money,SEO para PyMEs orientado a captar clientes,P1,mx
https://pixvo.tech/mx/recursos/seo-vs-sistema-de-crecimiento/,https://pixvo.tech/mx/sistema-crecimiento-digital/,editorial_to_money,Pixvo Growth System,P1,mx
https://pixvo.tech/mx/recursos/seo-vs-sistema-de-crecimiento/,https://pixvo.tech/mx/auditoria-crecimiento-digital/,editorial_to_money,Auditoría de crecimiento digital,P1,mx
https://pixvo.tech/mx/recursos/seo-vs-sistema-de-crecimiento/,https://pixvo.tech/mx/planes/,conversion,Planes y precios,P1,mx
https://pixvo.tech/mx/recursos/seo-vs-sistema-de-crecimiento/,https://pixvo.tech/mx/soluciones/automatizacion-de-procesos/,editorial_to_money,Automatización,P1,mx
https://pixvo.tech/mx/recursos/seo-vs-sistema-de-crecimiento/,https://pixvo.tech/mx/soluciones/seguimiento-de-leads/,editorial_to_money,Seguimiento de leads,P1,mx
https://pixvo.tech/mx/recursos/seo-vs-sistema-de-crecimiento/,https://pixvo.tech/mx/nosotros/,internal,Nosotros,P3,mx
https://pixvo.tech/mx/recursos/seo-vs-sistema-de-crecimiento/,https://pixvo.tech/mx/contacto/,internal,Contacto,P3,mx
https://pixvo.tech/mx/recursos/seo-vs-sistema-de-crecimiento/,https://pixvo.tech/ar/,internal,Argentina,P1,mx
https://pixvo.tech/mx/recursos/seo-vs-sistema-de-crecimiento/,https://pixvo.tech/es/,internal,España,P1,mx
https://pixvo.tech/mx/blog/,https://pixvo.tech/mx/sistema-crecimiento-digital/,internal,Sistema de crecimiento,P1,mx
https://pixvo.tech/mx/blog/,https://pixvo.tech/mx/soluciones/seo-para-pymes/,internal,SEO para PyMEs,P1,mx
https://pixvo.tech/mx/blog/,https://pixvo.tech/mx/auditoria-crecimiento-digital/,internal,Auditoría,P1,mx
https://pixvo.tech/mx/blog/,https://pixvo.tech/mx/planes/,conversion,Planes,P1,mx
https://pixvo.tech/mx/blog/,https://pixvo.tech/mx/casos-de-exito/,internal,Casos de éxito,P1,mx
https://pixvo.tech/mx/blog/,https://pixvo.tech/mx/recursos/,internal,Recursos,P2,mx
https://pixvo.tech/mx/blog/,https://pixvo.tech/mx/blog/,internal,Blog,P2,mx
https://pixvo.tech/mx/blog/,https://pixvo.tech/mx/solicitar-diagnostico/,conversion,Solicitar diagnóstico,P1,mx
https://pixvo.tech/mx/blog/,https://pixvo.tech/,internal,Inicio,P1,mx
https://pixvo.tech/mx/blog/,https://pixvo.tech/mx/,child_to_parent,México,P1,mx
https://pixvo.tech/mx/blog/,https://pixvo.tech/mx/blog/ataque-real-en-npm-como-el-compromiso-de-axios-expuso-miles-de-entornos-sin-que-nadie-lo-notara/,parent_to_child,Ataque real en NPM: cómo el compromiso de Axios expuso miles de entornos sin que nadie lo notara,P2,mx
https://pixvo.tech/mx/blog/,https://pixvo.tech/mx/blog/matriz-objetivo-icp-canal-lead-magnet-pagina-evento-de-conversion-metricas/,parent_to_child,Matriz Objetivo / ICP / Canal / Lead Magnet / Página / Evento de Conversión / Métricas,P3,mx
https://pixvo.tech/mx/blog/,https://pixvo.tech/mx/blog/por-que-un-sitio-wordpress-no-puede-quedar-librado-a-la-suerte-y-como-evitar-dolores-de-cabeza-despues/,parent_to_child,Por qué un sitio WordPress no puede quedar librado a la suerte (y cómo evitar dolores de cabeza después),P3,mx
https://pixvo.tech/mx/blog/,https://pixvo.tech/mx/blog/como-una-buena-automatizacion-puede-cambiar-por-completo-el-flujo-de-trabajo-de-tu-empresa/,parent_to_child,Cómo una buena automatización puede cambiar por completo el flujo de trabajo de tu empresa,P3,mx
https://pixvo.tech/mx/blog/,https://pixvo.tech/mx/blog/por-que-geeksy-shop-es-hoy-una-de-las-mejores-fuentes-para-comprar-productos-del-fandom-y-como-aprovecharlo-desde-pixvo-tech/,parent_to_child,Por qué Geeksy.shop es hoy una de las mejores fuentes para comprar productos del fandom,P3,mx
https://pixvo.tech/mx/blog/,https://pixvo.tech/mx/blog/black-friday-y-cyber-week-el-momento-del-ano-donde-tu-negocio-no-puede-improvisar/,parent_to_child,Black Friday y Cyber Week: el momento del año donde tu negocio no puede improvisar,P3,mx
https://pixvo.tech/mx/blog/,https://pixvo.tech/mx/blog/el-mal-uso-de-la-ia-y-sus-consecuencias-reales-el-ejemplo-critico-de-los-libros-de-foraging-en-amazon/,parent_to_child,El mal uso de la IA y sus consecuencias reales: el ejemplo crítico de los libros de foraging en Amazon,P3,mx
https://pixvo.tech/mx/blog/,https://pixvo.tech/mx/blog/por-que-necesitas-un-sitio-web-profesional-en-2025-y-como-conseguir-hosting-premium-con-descuento/,parent_to_child,Por qué necesitás un sitio web profesional en 2025 (y cómo conseguir hosting premium con descuento),P3,mx
https://pixvo.tech/mx/blog/,https://pixvo.tech/mx/blog/la-importancia-de-las-decisiones-y-resoluciones-eficientes-en-la-gestion-de-pequenas-y-medianas-empresas/,parent_to_child,La importancia de las decisiones y resoluciones eficientes en la gestión de pequeñas y medianas empresas,P3,mx
https://pixvo.tech/mx/blog/,https://pixvo.tech/mx/blog/crear-un-sitio-web-rapido-con-las-herramientas-de-ia-de-hostinger/,parent_to_child,Crear un sitio web rápido con las herramientas de IA de Hostinger,P3,mx
https://pixvo.tech/mx/blog/,https://pixvo.tech/mx/blog/la-ia-esta-matando-la-creatividad/,parent_to_child,La IA está matando la creatividad,P3,mx
https://pixvo.tech/mx/blog/,https://pixvo.tech/mx/blog/redactar-sin-ia-reduce-productividad-evidencia-limites-y-como-implementarlo-en-marketing/,parent_to_child,"Redactar sin IA reduce productividad: evidencia, límites y cómo implementarlo en marketing",P3,mx
https://pixvo.tech/mx/blog/,https://pixvo.tech/mx/blog/caso-de-exito-microcuotas-y-como-google-ads-desarrollo-a-medida-le-cambiaron-el-juego/,parent_to_child,"Google Ads, validación y Clientify: arquitectura del funnel de Microcuotas",P3,mx
https://pixvo.tech/mx/blog/,https://pixvo.tech/mx/soluciones/automatizacion-de-procesos/,internal,Automatización,P1,mx
https://pixvo.tech/mx/blog/,https://pixvo.tech/mx/soluciones/seguimiento-de-leads/,internal,Seguimiento de leads,P1,mx
https://pixvo.tech/mx/blog/,https://pixvo.tech/mx/nosotros/,internal,Nosotros,P3,mx
https://pixvo.tech/mx/blog/,https://pixvo.tech/mx/contacto/,internal,Contacto,P3,mx
https://pixvo.tech/mx/blog/,https://pixvo.tech/ar/,internal,Argentina,P1,mx
https://pixvo.tech/mx/blog/,https://pixvo.tech/es/,internal,España,P1,mx
https://pixvo.tech/mx/blog/ataque-real-en-npm-como-el-compromiso-de-axios-expuso-miles-de-entornos-sin-que-nadie-lo-notara/,https://pixvo.tech/mx/sistema-crecimiento-digital/,editorial_to_money,Sistema de crecimiento,P1,mx
https://pixvo.tech/mx/blog/ataque-real-en-npm-como-el-compromiso-de-axios-expuso-miles-de-entornos-sin-que-nadie-lo-notara/,https://pixvo.tech/mx/soluciones/seo-para-pymes/,editorial_to_money,SEO para PyMEs,P1,mx
https://pixvo.tech/mx/blog/ataque-real-en-npm-como-el-compromiso-de-axios-expuso-miles-de-entornos-sin-que-nadie-lo-notara/,https://pixvo.tech/mx/auditoria-crecimiento-digital/,editorial_to_money,Auditoría,P1,mx
https://pixvo.tech/mx/blog/ataque-real-en-npm-como-el-compromiso-de-axios-expuso-miles-de-entornos-sin-que-nadie-lo-notara/,https://pixvo.tech/mx/planes/,conversion,Planes,P1,mx
https://pixvo.tech/mx/blog/ataque-real-en-npm-como-el-compromiso-de-axios-expuso-miles-de-entornos-sin-que-nadie-lo-notara/,https://pixvo.tech/mx/casos-de-exito/,internal,Casos de éxito,P1,mx
https://pixvo.tech/mx/blog/ataque-real-en-npm-como-el-compromiso-de-axios-expuso-miles-de-entornos-sin-que-nadie-lo-notara/,https://pixvo.tech/mx/recursos/,internal,Recursos,P2,mx
https://pixvo.tech/mx/blog/ataque-real-en-npm-como-el-compromiso-de-axios-expuso-miles-de-entornos-sin-que-nadie-lo-notara/,https://pixvo.tech/mx/blog/,child_to_parent,Blog,P2,mx
https://pixvo.tech/mx/blog/ataque-real-en-npm-como-el-compromiso-de-axios-expuso-miles-de-entornos-sin-que-nadie-lo-notara/,https://pixvo.tech/mx/solicitar-diagnostico/,conversion,Solicitar diagnóstico,P1,mx
https://pixvo.tech/mx/blog/ataque-real-en-npm-como-el-compromiso-de-axios-expuso-miles-de-entornos-sin-que-nadie-lo-notara/,https://pixvo.tech/,internal,Inicio,P1,mx
https://pixvo.tech/mx/blog/ataque-real-en-npm-como-el-compromiso-de-axios-expuso-miles-de-entornos-sin-que-nadie-lo-notara/,https://pixvo.tech/mx/,internal,México,P1,mx
https://pixvo.tech/mx/blog/ataque-real-en-npm-como-el-compromiso-de-axios-expuso-miles-de-entornos-sin-que-nadie-lo-notara/,https://pixvo.tech/mx/sistema-crecimiento-digital/,editorial_to_money,México,P1,mx
https://pixvo.tech/mx/blog/ataque-real-en-npm-como-el-compromiso-de-axios-expuso-miles-de-entornos-sin-que-nadie-lo-notara/,https://pixvo.tech/mx/soluciones/optimizacion-wordpress/,editorial_to_money,mejorar rendimiento y estabilidad en WordPress,P2,mx
https://pixvo.tech/mx/blog/ataque-real-en-npm-como-el-compromiso-de-axios-expuso-miles-de-entornos-sin-que-nadie-lo-notara/,https://pixvo.tech/mx/soluciones/automatizacion-de-procesos/,editorial_to_money,Automatización,P1,mx
https://pixvo.tech/mx/blog/ataque-real-en-npm-como-el-compromiso-de-axios-expuso-miles-de-entornos-sin-que-nadie-lo-notara/,https://pixvo.tech/mx/soluciones/seguimiento-de-leads/,editorial_to_money,Seguimiento de leads,P1,mx
https://pixvo.tech/mx/blog/ataque-real-en-npm-como-el-compromiso-de-axios-expuso-miles-de-entornos-sin-que-nadie-lo-notara/,https://pixvo.tech/mx/nosotros/,internal,Nosotros,P3,mx
https://pixvo.tech/mx/blog/ataque-real-en-npm-como-el-compromiso-de-axios-expuso-miles-de-entornos-sin-que-nadie-lo-notara/,https://pixvo.tech/mx/contacto/,internal,Contacto,P3,mx
https://pixvo.tech/mx/blog/ataque-real-en-npm-como-el-compromiso-de-axios-expuso-miles-de-entornos-sin-que-nadie-lo-notara/,https://pixvo.tech/ar/,internal,Argentina,P1,mx
https://pixvo.tech/mx/blog/ataque-real-en-npm-como-el-compromiso-de-axios-expuso-miles-de-entornos-sin-que-nadie-lo-notara/,https://pixvo.tech/es/,internal,España,P1,mx
https://pixvo.tech/mx/blog/matriz-objetivo-icp-canal-lead-magnet-pagina-evento-de-conversion-metricas/,https://pixvo.tech/mx/sistema-crecimiento-digital/,editorial_to_money,Sistema de crecimiento,P1,mx
https://pixvo.tech/mx/blog/matriz-objetivo-icp-canal-lead-magnet-pagina-evento-de-conversion-metricas/,https://pixvo.tech/mx/soluciones/seo-para-pymes/,editorial_to_money,SEO para PyMEs,P1,mx
https://pixvo.tech/mx/blog/matriz-objetivo-icp-canal-lead-magnet-pagina-evento-de-conversion-metricas/,https://pixvo.tech/mx/auditoria-crecimiento-digital/,editorial_to_money,Auditoría,P1,mx
https://pixvo.tech/mx/blog/matriz-objetivo-icp-canal-lead-magnet-pagina-evento-de-conversion-metricas/,https://pixvo.tech/mx/planes/,conversion,Planes,P1,mx
https://pixvo.tech/mx/blog/matriz-objetivo-icp-canal-lead-magnet-pagina-evento-de-conversion-metricas/,https://pixvo.tech/mx/casos-de-exito/,internal,Casos de éxito,P1,mx
https://pixvo.tech/mx/blog/matriz-objetivo-icp-canal-lead-magnet-pagina-evento-de-conversion-metricas/,https://pixvo.tech/mx/recursos/,internal,Recursos,P2,mx
https://pixvo.tech/mx/blog/matriz-objetivo-icp-canal-lead-magnet-pagina-evento-de-conversion-metricas/,https://pixvo.tech/mx/blog/,child_to_parent,Blog,P2,mx
https://pixvo.tech/mx/blog/matriz-objetivo-icp-canal-lead-magnet-pagina-evento-de-conversion-metricas/,https://pixvo.tech/mx/solicitar-diagnostico/,conversion,Solicitar diagnóstico,P1,mx
https://pixvo.tech/mx/blog/matriz-objetivo-icp-canal-lead-magnet-pagina-evento-de-conversion-metricas/,https://pixvo.tech/,internal,Inicio,P1,mx
https://pixvo.tech/mx/blog/matriz-objetivo-icp-canal-lead-magnet-pagina-evento-de-conversion-metricas/,https://pixvo.tech/mx/,internal,México,P1,mx
https://pixvo.tech/mx/blog/matriz-objetivo-icp-canal-lead-magnet-pagina-evento-de-conversion-metricas/,https://pixvo.tech/mx/soluciones/analitica-digital/,editorial_to_money,México,P2,mx
https://pixvo.tech/mx/blog/matriz-objetivo-icp-canal-lead-magnet-pagina-evento-de-conversion-metricas/,https://pixvo.tech/mx/soluciones/optimizacion-de-conversion/,editorial_to_money,mejorar la conversión de tu web,P2,mx
https://pixvo.tech/mx/blog/matriz-objetivo-icp-canal-lead-magnet-pagina-evento-de-conversion-metricas/,https://pixvo.tech/mx/soluciones/seguimiento-de-leads/,editorial_to_money,automatizar el seguimiento de tus leads,P1,mx
https://pixvo.tech/mx/blog/matriz-objetivo-icp-canal-lead-magnet-pagina-evento-de-conversion-metricas/,https://pixvo.tech/mx/soluciones/automatizacion-de-procesos/,editorial_to_money,Automatización,P1,mx
https://pixvo.tech/mx/blog/matriz-objetivo-icp-canal-lead-magnet-pagina-evento-de-conversion-metricas/,https://pixvo.tech/mx/soluciones/seguimiento-de-leads/,editorial_to_money,Seguimiento de leads,P1,mx
https://pixvo.tech/mx/blog/matriz-objetivo-icp-canal-lead-magnet-pagina-evento-de-conversion-metricas/,https://pixvo.tech/mx/nosotros/,internal,Nosotros,P3,mx
https://pixvo.tech/mx/blog/matriz-objetivo-icp-canal-lead-magnet-pagina-evento-de-conversion-metricas/,https://pixvo.tech/mx/contacto/,internal,Contacto,P3,mx
https://pixvo.tech/mx/blog/matriz-objetivo-icp-canal-lead-magnet-pagina-evento-de-conversion-metricas/,https://pixvo.tech/ar/,internal,Argentina,P1,mx
https://pixvo.tech/mx/blog/matriz-objetivo-icp-canal-lead-magnet-pagina-evento-de-conversion-metricas/,https://pixvo.tech/es/,internal,España,P1,mx
https://pixvo.tech/mx/blog/por-que-un-sitio-wordpress-no-puede-quedar-librado-a-la-suerte-y-como-evitar-dolores-de-cabeza-despues/,https://pixvo.tech/mx/sistema-crecimiento-digital/,editorial_to_money,Sistema de crecimiento,P1,mx
https://pixvo.tech/mx/blog/por-que-un-sitio-wordpress-no-puede-quedar-librado-a-la-suerte-y-como-evitar-dolores-de-cabeza-despues/,https://pixvo.tech/mx/soluciones/seo-para-pymes/,editorial_to_money,SEO para PyMEs,P1,mx
https://pixvo.tech/mx/blog/por-que-un-sitio-wordpress-no-puede-quedar-librado-a-la-suerte-y-como-evitar-dolores-de-cabeza-despues/,https://pixvo.tech/mx/auditoria-crecimiento-digital/,editorial_to_money,Auditoría,P1,mx
https://pixvo.tech/mx/blog/por-que-un-sitio-wordpress-no-puede-quedar-librado-a-la-suerte-y-como-evitar-dolores-de-cabeza-despues/,https://pixvo.tech/mx/planes/,conversion,Planes,P1,mx
https://pixvo.tech/mx/blog/por-que-un-sitio-wordpress-no-puede-quedar-librado-a-la-suerte-y-como-evitar-dolores-de-cabeza-despues/,https://pixvo.tech/mx/casos-de-exito/,internal,Casos de éxito,P1,mx
https://pixvo.tech/mx/blog/por-que-un-sitio-wordpress-no-puede-quedar-librado-a-la-suerte-y-como-evitar-dolores-de-cabeza-despues/,https://pixvo.tech/mx/recursos/,internal,Recursos,P2,mx
https://pixvo.tech/mx/blog/por-que-un-sitio-wordpress-no-puede-quedar-librado-a-la-suerte-y-como-evitar-dolores-de-cabeza-despues/,https://pixvo.tech/mx/blog/,child_to_parent,Blog,P2,mx
https://pixvo.tech/mx/blog/por-que-un-sitio-wordpress-no-puede-quedar-librado-a-la-suerte-y-como-evitar-dolores-de-cabeza-despues/,https://pixvo.tech/mx/solicitar-diagnostico/,conversion,Solicitar diagnóstico,P1,mx
https://pixvo.tech/mx/blog/por-que-un-sitio-wordpress-no-puede-quedar-librado-a-la-suerte-y-como-evitar-dolores-de-cabeza-despues/,https://pixvo.tech/,internal,Inicio,P1,mx
https://pixvo.tech/mx/blog/por-que-un-sitio-wordpress-no-puede-quedar-librado-a-la-suerte-y-como-evitar-dolores-de-cabeza-despues/,https://pixvo.tech/mx/,internal,México,P1,mx
https://pixvo.tech/mx/blog/por-que-un-sitio-wordpress-no-puede-quedar-librado-a-la-suerte-y-como-evitar-dolores-de-cabeza-despues/,https://pixvo.tech/mx/soluciones/optimizacion-wordpress/,editorial_to_money,México,P2,mx
https://pixvo.tech/mx/blog/por-que-un-sitio-wordpress-no-puede-quedar-librado-a-la-suerte-y-como-evitar-dolores-de-cabeza-despues/,https://pixvo.tech/mx/soluciones/seo-wordpress/,editorial_to_money,mejorar el rastreo y la indexación de WordPress,P2,mx
https://pixvo.tech/mx/blog/por-que-un-sitio-wordpress-no-puede-quedar-librado-a-la-suerte-y-como-evitar-dolores-de-cabeza-despues/,https://pixvo.tech/mx/auditoria-crecimiento-digital/,editorial_to_money,auditar el proceso de captación y conversión,P1,mx
https://pixvo.tech/mx/blog/por-que-un-sitio-wordpress-no-puede-quedar-librado-a-la-suerte-y-como-evitar-dolores-de-cabeza-despues/,https://pixvo.tech/proyectos/shortcodes-en-pestanas/,internal,"Ver el proyecto técnico relacionado, separado de los casos de éxito",P3,mx
https://pixvo.tech/mx/blog/por-que-un-sitio-wordpress-no-puede-quedar-librado-a-la-suerte-y-como-evitar-dolores-de-cabeza-despues/,https://pixvo.tech/mx/soluciones/automatizacion-de-procesos/,editorial_to_money,Automatización,P1,mx
https://pixvo.tech/mx/blog/por-que-un-sitio-wordpress-no-puede-quedar-librado-a-la-suerte-y-como-evitar-dolores-de-cabeza-despues/,https://pixvo.tech/mx/soluciones/seguimiento-de-leads/,editorial_to_money,Seguimiento de leads,P1,mx
https://pixvo.tech/mx/blog/por-que-un-sitio-wordpress-no-puede-quedar-librado-a-la-suerte-y-como-evitar-dolores-de-cabeza-despues/,https://pixvo.tech/mx/nosotros/,internal,Nosotros,P3,mx
https://pixvo.tech/mx/blog/por-que-un-sitio-wordpress-no-puede-quedar-librado-a-la-suerte-y-como-evitar-dolores-de-cabeza-despues/,https://pixvo.tech/mx/contacto/,internal,Contacto,P3,mx
https://pixvo.tech/mx/blog/por-que-un-sitio-wordpress-no-puede-quedar-librado-a-la-suerte-y-como-evitar-dolores-de-cabeza-despues/,https://pixvo.tech/ar/,internal,Argentina,P1,mx
https://pixvo.tech/mx/blog/por-que-un-sitio-wordpress-no-puede-quedar-librado-a-la-suerte-y-como-evitar-dolores-de-cabeza-despues/,https://pixvo.tech/es/,internal,España,P1,mx
https://pixvo.tech/mx/blog/como-una-buena-automatizacion-puede-cambiar-por-completo-el-flujo-de-trabajo-de-tu-empresa/,https://pixvo.tech/mx/sistema-crecimiento-digital/,editorial_to_money,Sistema de crecimiento,P1,mx
https://pixvo.tech/mx/blog/como-una-buena-automatizacion-puede-cambiar-por-completo-el-flujo-de-trabajo-de-tu-empresa/,https://pixvo.tech/mx/soluciones/seo-para-pymes/,editorial_to_money,SEO para PyMEs,P1,mx
https://pixvo.tech/mx/blog/como-una-buena-automatizacion-puede-cambiar-por-completo-el-flujo-de-trabajo-de-tu-empresa/,https://pixvo.tech/mx/auditoria-crecimiento-digital/,editorial_to_money,Auditoría,P1,mx
https://pixvo.tech/mx/blog/como-una-buena-automatizacion-puede-cambiar-por-completo-el-flujo-de-trabajo-de-tu-empresa/,https://pixvo.tech/mx/planes/,conversion,Planes,P1,mx
https://pixvo.tech/mx/blog/como-una-buena-automatizacion-puede-cambiar-por-completo-el-flujo-de-trabajo-de-tu-empresa/,https://pixvo.tech/mx/casos-de-exito/,internal,Casos de éxito,P1,mx
https://pixvo.tech/mx/blog/como-una-buena-automatizacion-puede-cambiar-por-completo-el-flujo-de-trabajo-de-tu-empresa/,https://pixvo.tech/mx/recursos/,internal,Recursos,P2,mx
https://pixvo.tech/mx/blog/como-una-buena-automatizacion-puede-cambiar-por-completo-el-flujo-de-trabajo-de-tu-empresa/,https://pixvo.tech/mx/blog/,child_to_parent,Blog,P2,mx
https://pixvo.tech/mx/blog/como-una-buena-automatizacion-puede-cambiar-por-completo-el-flujo-de-trabajo-de-tu-empresa/,https://pixvo.tech/mx/solicitar-diagnostico/,conversion,Solicitar diagnóstico,P1,mx
https://pixvo.tech/mx/blog/como-una-buena-automatizacion-puede-cambiar-por-completo-el-flujo-de-trabajo-de-tu-empresa/,https://pixvo.tech/,internal,Inicio,P1,mx
https://pixvo.tech/mx/blog/como-una-buena-automatizacion-puede-cambiar-por-completo-el-flujo-de-trabajo-de-tu-empresa/,https://pixvo.tech/mx/,internal,México,P1,mx
https://pixvo.tech/mx/blog/como-una-buena-automatizacion-puede-cambiar-por-completo-el-flujo-de-trabajo-de-tu-empresa/,https://pixvo.tech/mx/soluciones/automatizacion-de-procesos/,editorial_to_money,México,P1,mx
https://pixvo.tech/mx/blog/como-una-buena-automatizacion-puede-cambiar-por-completo-el-flujo-de-trabajo-de-tu-empresa/,https://pixvo.tech/mx/soluciones/seguimiento-de-leads/,editorial_to_money,automatizar el seguimiento de tus leads,P1,mx
https://pixvo.tech/mx/blog/como-una-buena-automatizacion-puede-cambiar-por-completo-el-flujo-de-trabajo-de-tu-empresa/,https://pixvo.tech/mx/soluciones/analitica-digital/,editorial_to_money,medir qué acciones generan oportunidades,P2,mx
https://pixvo.tech/mx/blog/como-una-buena-automatizacion-puede-cambiar-por-completo-el-flujo-de-trabajo-de-tu-empresa/,https://pixvo.tech/mx/soluciones/automatizacion-de-procesos/,editorial_to_money,Automatización,P1,mx
https://pixvo.tech/mx/blog/como-una-buena-automatizacion-puede-cambiar-por-completo-el-flujo-de-trabajo-de-tu-empresa/,https://pixvo.tech/mx/soluciones/seguimiento-de-leads/,editorial_to_money,Seguimiento de leads,P1,mx
https://pixvo.tech/mx/blog/como-una-buena-automatizacion-puede-cambiar-por-completo-el-flujo-de-trabajo-de-tu-empresa/,https://pixvo.tech/mx/nosotros/,internal,Nosotros,P3,mx
https://pixvo.tech/mx/blog/como-una-buena-automatizacion-puede-cambiar-por-completo-el-flujo-de-trabajo-de-tu-empresa/,https://pixvo.tech/mx/contacto/,internal,Contacto,P3,mx
https://pixvo.tech/mx/blog/como-una-buena-automatizacion-puede-cambiar-por-completo-el-flujo-de-trabajo-de-tu-empresa/,https://pixvo.tech/ar/,internal,Argentina,P1,mx
https://pixvo.tech/mx/blog/como-una-buena-automatizacion-puede-cambiar-por-completo-el-flujo-de-trabajo-de-tu-empresa/,https://pixvo.tech/es/,internal,España,P1,mx
https://pixvo.tech/mx/blog/por-que-geeksy-shop-es-hoy-una-de-las-mejores-fuentes-para-comprar-productos-del-fandom-y-como-aprovecharlo-desde-pixvo-tech/,https://pixvo.tech/mx/sistema-crecimiento-digital/,editorial_to_money,Sistema de crecimiento,P1,mx
https://pixvo.tech/mx/blog/por-que-geeksy-shop-es-hoy-una-de-las-mejores-fuentes-para-comprar-productos-del-fandom-y-como-aprovecharlo-desde-pixvo-tech/,https://pixvo.tech/mx/soluciones/seo-para-pymes/,editorial_to_money,SEO para PyMEs,P1,mx
https://pixvo.tech/mx/blog/por-que-geeksy-shop-es-hoy-una-de-las-mejores-fuentes-para-comprar-productos-del-fandom-y-como-aprovecharlo-desde-pixvo-tech/,https://pixvo.tech/mx/auditoria-crecimiento-digital/,editorial_to_money,Auditoría,P1,mx
https://pixvo.tech/mx/blog/por-que-geeksy-shop-es-hoy-una-de-las-mejores-fuentes-para-comprar-productos-del-fandom-y-como-aprovecharlo-desde-pixvo-tech/,https://pixvo.tech/mx/planes/,conversion,Planes,P1,mx
https://pixvo.tech/mx/blog/por-que-geeksy-shop-es-hoy-una-de-las-mejores-fuentes-para-comprar-productos-del-fandom-y-como-aprovecharlo-desde-pixvo-tech/,https://pixvo.tech/mx/casos-de-exito/,internal,Casos de éxito,P1,mx
https://pixvo.tech/mx/blog/por-que-geeksy-shop-es-hoy-una-de-las-mejores-fuentes-para-comprar-productos-del-fandom-y-como-aprovecharlo-desde-pixvo-tech/,https://pixvo.tech/mx/recursos/,internal,Recursos,P2,mx
https://pixvo.tech/mx/blog/por-que-geeksy-shop-es-hoy-una-de-las-mejores-fuentes-para-comprar-productos-del-fandom-y-como-aprovecharlo-desde-pixvo-tech/,https://pixvo.tech/mx/blog/,child_to_parent,Blog,P2,mx
https://pixvo.tech/mx/blog/por-que-geeksy-shop-es-hoy-una-de-las-mejores-fuentes-para-comprar-productos-del-fandom-y-como-aprovecharlo-desde-pixvo-tech/,https://pixvo.tech/mx/solicitar-diagnostico/,conversion,Solicitar diagnóstico,P1,mx
https://pixvo.tech/mx/blog/por-que-geeksy-shop-es-hoy-una-de-las-mejores-fuentes-para-comprar-productos-del-fandom-y-como-aprovecharlo-desde-pixvo-tech/,https://pixvo.tech/,internal,Inicio,P1,mx
https://pixvo.tech/mx/blog/por-que-geeksy-shop-es-hoy-una-de-las-mejores-fuentes-para-comprar-productos-del-fandom-y-como-aprovecharlo-desde-pixvo-tech/,https://pixvo.tech/mx/,internal,México,P1,mx
https://pixvo.tech/mx/blog/por-que-geeksy-shop-es-hoy-una-de-las-mejores-fuentes-para-comprar-productos-del-fandom-y-como-aprovecharlo-desde-pixvo-tech/,https://pixvo.tech/mx/soluciones/seo-para-pymes/,editorial_to_money,México,P1,mx
https://pixvo.tech/mx/blog/por-que-geeksy-shop-es-hoy-una-de-las-mejores-fuentes-para-comprar-productos-del-fandom-y-como-aprovecharlo-desde-pixvo-tech/,https://pixvo.tech/mx/soluciones/contenido-seo/,editorial_to_money,conectar el contenido con intención comercial,P2,mx
https://pixvo.tech/mx/blog/por-que-geeksy-shop-es-hoy-una-de-las-mejores-fuentes-para-comprar-productos-del-fandom-y-como-aprovecharlo-desde-pixvo-tech/,https://pixvo.tech/mx/soluciones/optimizacion-de-conversion/,editorial_to_money,mejorar la conversión de tu web,P2,mx
https://pixvo.tech/mx/blog/por-que-geeksy-shop-es-hoy-una-de-las-mejores-fuentes-para-comprar-productos-del-fandom-y-como-aprovecharlo-desde-pixvo-tech/,https://pixvo.tech/mx/soluciones/automatizacion-de-procesos/,editorial_to_money,Automatización,P1,mx
https://pixvo.tech/mx/blog/por-que-geeksy-shop-es-hoy-una-de-las-mejores-fuentes-para-comprar-productos-del-fandom-y-como-aprovecharlo-desde-pixvo-tech/,https://pixvo.tech/mx/soluciones/seguimiento-de-leads/,editorial_to_money,Seguimiento de leads,P1,mx
https://pixvo.tech/mx/blog/por-que-geeksy-shop-es-hoy-una-de-las-mejores-fuentes-para-comprar-productos-del-fandom-y-como-aprovecharlo-desde-pixvo-tech/,https://pixvo.tech/mx/nosotros/,internal,Nosotros,P3,mx
https://pixvo.tech/mx/blog/por-que-geeksy-shop-es-hoy-una-de-las-mejores-fuentes-para-comprar-productos-del-fandom-y-como-aprovecharlo-desde-pixvo-tech/,https://pixvo.tech/mx/contacto/,internal,Contacto,P3,mx
https://pixvo.tech/mx/blog/por-que-geeksy-shop-es-hoy-una-de-las-mejores-fuentes-para-comprar-productos-del-fandom-y-como-aprovecharlo-desde-pixvo-tech/,https://pixvo.tech/ar/,internal,Argentina,P1,mx
https://pixvo.tech/mx/blog/por-que-geeksy-shop-es-hoy-una-de-las-mejores-fuentes-para-comprar-productos-del-fandom-y-como-aprovecharlo-desde-pixvo-tech/,https://pixvo.tech/es/,internal,España,P1,mx
https://pixvo.tech/mx/blog/black-friday-y-cyber-week-el-momento-del-ano-donde-tu-negocio-no-puede-improvisar/,https://pixvo.tech/mx/sistema-crecimiento-digital/,editorial_to_money,Sistema de crecimiento,P1,mx
https://pixvo.tech/mx/blog/black-friday-y-cyber-week-el-momento-del-ano-donde-tu-negocio-no-puede-improvisar/,https://pixvo.tech/mx/soluciones/seo-para-pymes/,editorial_to_money,SEO para PyMEs,P1,mx
https://pixvo.tech/mx/blog/black-friday-y-cyber-week-el-momento-del-ano-donde-tu-negocio-no-puede-improvisar/,https://pixvo.tech/mx/auditoria-crecimiento-digital/,editorial_to_money,Auditoría,P1,mx
https://pixvo.tech/mx/blog/black-friday-y-cyber-week-el-momento-del-ano-donde-tu-negocio-no-puede-improvisar/,https://pixvo.tech/mx/planes/,conversion,Planes,P1,mx
https://pixvo.tech/mx/blog/black-friday-y-cyber-week-el-momento-del-ano-donde-tu-negocio-no-puede-improvisar/,https://pixvo.tech/mx/casos-de-exito/,internal,Casos de éxito,P1,mx
https://pixvo.tech/mx/blog/black-friday-y-cyber-week-el-momento-del-ano-donde-tu-negocio-no-puede-improvisar/,https://pixvo.tech/mx/recursos/,internal,Recursos,P2,mx
https://pixvo.tech/mx/blog/black-friday-y-cyber-week-el-momento-del-ano-donde-tu-negocio-no-puede-improvisar/,https://pixvo.tech/mx/blog/,child_to_parent,Blog,P2,mx
https://pixvo.tech/mx/blog/black-friday-y-cyber-week-el-momento-del-ano-donde-tu-negocio-no-puede-improvisar/,https://pixvo.tech/mx/solicitar-diagnostico/,conversion,Solicitar diagnóstico,P1,mx
https://pixvo.tech/mx/blog/black-friday-y-cyber-week-el-momento-del-ano-donde-tu-negocio-no-puede-improvisar/,https://pixvo.tech/,internal,Inicio,P1,mx
https://pixvo.tech/mx/blog/black-friday-y-cyber-week-el-momento-del-ano-donde-tu-negocio-no-puede-improvisar/,https://pixvo.tech/mx/,internal,México,P1,mx
https://pixvo.tech/mx/blog/black-friday-y-cyber-week-el-momento-del-ano-donde-tu-negocio-no-puede-improvisar/,https://pixvo.tech/mx/soluciones/optimizacion-de-conversion/,editorial_to_money,México,P2,mx
https://pixvo.tech/mx/blog/black-friday-y-cyber-week-el-momento-del-ano-donde-tu-negocio-no-puede-improvisar/,https://pixvo.tech/mx/soluciones/analitica-digital/,editorial_to_money,medir qué acciones generan oportunidades,P2,mx
https://pixvo.tech/mx/blog/black-friday-y-cyber-week-el-momento-del-ano-donde-tu-negocio-no-puede-improvisar/,https://pixvo.tech/mx/soluciones/automatizacion-de-marketing/,editorial_to_money,organizar captación y comunicaciones automatizadas,P2,mx
https://pixvo.tech/mx/blog/black-friday-y-cyber-week-el-momento-del-ano-donde-tu-negocio-no-puede-improvisar/,https://pixvo.tech/mx/soluciones/automatizacion-de-procesos/,editorial_to_money,Automatización,P1,mx
https://pixvo.tech/mx/blog/black-friday-y-cyber-week-el-momento-del-ano-donde-tu-negocio-no-puede-improvisar/,https://pixvo.tech/mx/soluciones/seguimiento-de-leads/,editorial_to_money,Seguimiento de leads,P1,mx
https://pixvo.tech/mx/blog/black-friday-y-cyber-week-el-momento-del-ano-donde-tu-negocio-no-puede-improvisar/,https://pixvo.tech/mx/nosotros/,internal,Nosotros,P3,mx
https://pixvo.tech/mx/blog/black-friday-y-cyber-week-el-momento-del-ano-donde-tu-negocio-no-puede-improvisar/,https://pixvo.tech/mx/contacto/,internal,Contacto,P3,mx
https://pixvo.tech/mx/blog/black-friday-y-cyber-week-el-momento-del-ano-donde-tu-negocio-no-puede-improvisar/,https://pixvo.tech/ar/,internal,Argentina,P1,mx
https://pixvo.tech/mx/blog/black-friday-y-cyber-week-el-momento-del-ano-donde-tu-negocio-no-puede-improvisar/,https://pixvo.tech/es/,internal,España,P1,mx
https://pixvo.tech/mx/blog/el-mal-uso-de-la-ia-y-sus-consecuencias-reales-el-ejemplo-critico-de-los-libros-de-foraging-en-amazon/,https://pixvo.tech/mx/sistema-crecimiento-digital/,editorial_to_money,Sistema de crecimiento,P1,mx
https://pixvo.tech/mx/blog/el-mal-uso-de-la-ia-y-sus-consecuencias-reales-el-ejemplo-critico-de-los-libros-de-foraging-en-amazon/,https://pixvo.tech/mx/soluciones/seo-para-pymes/,editorial_to_money,SEO para PyMEs,P1,mx
https://pixvo.tech/mx/blog/el-mal-uso-de-la-ia-y-sus-consecuencias-reales-el-ejemplo-critico-de-los-libros-de-foraging-en-amazon/,https://pixvo.tech/mx/auditoria-crecimiento-digital/,editorial_to_money,Auditoría,P1,mx
https://pixvo.tech/mx/blog/el-mal-uso-de-la-ia-y-sus-consecuencias-reales-el-ejemplo-critico-de-los-libros-de-foraging-en-amazon/,https://pixvo.tech/mx/planes/,conversion,Planes,P1,mx
https://pixvo.tech/mx/blog/el-mal-uso-de-la-ia-y-sus-consecuencias-reales-el-ejemplo-critico-de-los-libros-de-foraging-en-amazon/,https://pixvo.tech/mx/casos-de-exito/,internal,Casos de éxito,P1,mx
https://pixvo.tech/mx/blog/el-mal-uso-de-la-ia-y-sus-consecuencias-reales-el-ejemplo-critico-de-los-libros-de-foraging-en-amazon/,https://pixvo.tech/mx/recursos/,internal,Recursos,P2,mx
https://pixvo.tech/mx/blog/el-mal-uso-de-la-ia-y-sus-consecuencias-reales-el-ejemplo-critico-de-los-libros-de-foraging-en-amazon/,https://pixvo.tech/mx/blog/,child_to_parent,Blog,P2,mx
https://pixvo.tech/mx/blog/el-mal-uso-de-la-ia-y-sus-consecuencias-reales-el-ejemplo-critico-de-los-libros-de-foraging-en-amazon/,https://pixvo.tech/mx/solicitar-diagnostico/,conversion,Solicitar diagnóstico,P1,mx
https://pixvo.tech/mx/blog/el-mal-uso-de-la-ia-y-sus-consecuencias-reales-el-ejemplo-critico-de-los-libros-de-foraging-en-amazon/,https://pixvo.tech/,internal,Inicio,P1,mx
https://pixvo.tech/mx/blog/el-mal-uso-de-la-ia-y-sus-consecuencias-reales-el-ejemplo-critico-de-los-libros-de-foraging-en-amazon/,https://pixvo.tech/mx/,internal,México,P1,mx
https://pixvo.tech/mx/blog/el-mal-uso-de-la-ia-y-sus-consecuencias-reales-el-ejemplo-critico-de-los-libros-de-foraging-en-amazon/,https://pixvo.tech/mx/soluciones/contenido-seo/,editorial_to_money,México,P2,mx
https://pixvo.tech/mx/blog/el-mal-uso-de-la-ia-y-sus-consecuencias-reales-el-ejemplo-critico-de-los-libros-de-foraging-en-amazon/,https://pixvo.tech/mx/soluciones/seo-para-pymes/,editorial_to_money,convertir esta idea en una estrategia SEO para PyMEs,P1,mx
https://pixvo.tech/mx/blog/el-mal-uso-de-la-ia-y-sus-consecuencias-reales-el-ejemplo-critico-de-los-libros-de-foraging-en-amazon/,https://pixvo.tech/mx/soluciones/automatizacion-de-procesos/,editorial_to_money,Automatización,P1,mx
https://pixvo.tech/mx/blog/el-mal-uso-de-la-ia-y-sus-consecuencias-reales-el-ejemplo-critico-de-los-libros-de-foraging-en-amazon/,https://pixvo.tech/mx/soluciones/seguimiento-de-leads/,editorial_to_money,Seguimiento de leads,P1,mx
https://pixvo.tech/mx/blog/el-mal-uso-de-la-ia-y-sus-consecuencias-reales-el-ejemplo-critico-de-los-libros-de-foraging-en-amazon/,https://pixvo.tech/mx/nosotros/,internal,Nosotros,P3,mx
https://pixvo.tech/mx/blog/el-mal-uso-de-la-ia-y-sus-consecuencias-reales-el-ejemplo-critico-de-los-libros-de-foraging-en-amazon/,https://pixvo.tech/mx/contacto/,internal,Contacto,P3,mx
https://pixvo.tech/mx/blog/el-mal-uso-de-la-ia-y-sus-consecuencias-reales-el-ejemplo-critico-de-los-libros-de-foraging-en-amazon/,https://pixvo.tech/ar/,internal,Argentina,P1,mx
https://pixvo.tech/mx/blog/el-mal-uso-de-la-ia-y-sus-consecuencias-reales-el-ejemplo-critico-de-los-libros-de-foraging-en-amazon/,https://pixvo.tech/es/,internal,España,P1,mx
https://pixvo.tech/mx/blog/por-que-necesitas-un-sitio-web-profesional-en-2025-y-como-conseguir-hosting-premium-con-descuento/,https://pixvo.tech/mx/sistema-crecimiento-digital/,editorial_to_money,Sistema de crecimiento,P1,mx
https://pixvo.tech/mx/blog/por-que-necesitas-un-sitio-web-profesional-en-2025-y-como-conseguir-hosting-premium-con-descuento/,https://pixvo.tech/mx/soluciones/seo-para-pymes/,editorial_to_money,SEO para PyMEs,P1,mx
https://pixvo.tech/mx/blog/por-que-necesitas-un-sitio-web-profesional-en-2025-y-como-conseguir-hosting-premium-con-descuento/,https://pixvo.tech/mx/auditoria-crecimiento-digital/,editorial_to_money,Auditoría,P1,mx
https://pixvo.tech/mx/blog/por-que-necesitas-un-sitio-web-profesional-en-2025-y-como-conseguir-hosting-premium-con-descuento/,https://pixvo.tech/mx/planes/,conversion,Planes,P1,mx
https://pixvo.tech/mx/blog/por-que-necesitas-un-sitio-web-profesional-en-2025-y-como-conseguir-hosting-premium-con-descuento/,https://pixvo.tech/mx/casos-de-exito/,internal,Casos de éxito,P1,mx
https://pixvo.tech/mx/blog/por-que-necesitas-un-sitio-web-profesional-en-2025-y-como-conseguir-hosting-premium-con-descuento/,https://pixvo.tech/mx/recursos/,internal,Recursos,P2,mx
https://pixvo.tech/mx/blog/por-que-necesitas-un-sitio-web-profesional-en-2025-y-como-conseguir-hosting-premium-con-descuento/,https://pixvo.tech/mx/blog/,child_to_parent,Blog,P2,mx
https://pixvo.tech/mx/blog/por-que-necesitas-un-sitio-web-profesional-en-2025-y-como-conseguir-hosting-premium-con-descuento/,https://pixvo.tech/mx/solicitar-diagnostico/,conversion,Solicitar diagnóstico,P1,mx
https://pixvo.tech/mx/blog/por-que-necesitas-un-sitio-web-profesional-en-2025-y-como-conseguir-hosting-premium-con-descuento/,https://pixvo.tech/,internal,Inicio,P1,mx
https://pixvo.tech/mx/blog/por-que-necesitas-un-sitio-web-profesional-en-2025-y-como-conseguir-hosting-premium-con-descuento/,https://pixvo.tech/mx/,internal,México,P1,mx
https://pixvo.tech/mx/blog/por-que-necesitas-un-sitio-web-profesional-en-2025-y-como-conseguir-hosting-premium-con-descuento/,https://pixvo.tech/mx/soluciones/optimizacion-wordpress/,editorial_to_money,México,P2,mx
https://pixvo.tech/mx/blog/por-que-necesitas-un-sitio-web-profesional-en-2025-y-como-conseguir-hosting-premium-con-descuento/,https://pixvo.tech/mx/soluciones/seo-wordpress/,editorial_to_money,mejorar el rastreo y la indexación de WordPress,P2,mx
https://pixvo.tech/mx/blog/por-que-necesitas-un-sitio-web-profesional-en-2025-y-como-conseguir-hosting-premium-con-descuento/,https://pixvo.tech/mx/soluciones/optimizacion-de-conversion/,editorial_to_money,mejorar la conversión de tu web,P2,mx
https://pixvo.tech/mx/blog/por-que-necesitas-un-sitio-web-profesional-en-2025-y-como-conseguir-hosting-premium-con-descuento/,https://pixvo.tech/mx/soluciones/automatizacion-de-procesos/,editorial_to_money,Automatización,P1,mx
https://pixvo.tech/mx/blog/por-que-necesitas-un-sitio-web-profesional-en-2025-y-como-conseguir-hosting-premium-con-descuento/,https://pixvo.tech/mx/soluciones/seguimiento-de-leads/,editorial_to_money,Seguimiento de leads,P1,mx
https://pixvo.tech/mx/blog/por-que-necesitas-un-sitio-web-profesional-en-2025-y-como-conseguir-hosting-premium-con-descuento/,https://pixvo.tech/mx/nosotros/,internal,Nosotros,P3,mx
https://pixvo.tech/mx/blog/por-que-necesitas-un-sitio-web-profesional-en-2025-y-como-conseguir-hosting-premium-con-descuento/,https://pixvo.tech/mx/contacto/,internal,Contacto,P3,mx
https://pixvo.tech/mx/blog/por-que-necesitas-un-sitio-web-profesional-en-2025-y-como-conseguir-hosting-premium-con-descuento/,https://pixvo.tech/ar/,internal,Argentina,P1,mx
https://pixvo.tech/mx/blog/por-que-necesitas-un-sitio-web-profesional-en-2025-y-como-conseguir-hosting-premium-con-descuento/,https://pixvo.tech/es/,internal,España,P1,mx
https://pixvo.tech/mx/blog/la-importancia-de-las-decisiones-y-resoluciones-eficientes-en-la-gestion-de-pequenas-y-medianas-empresas/,https://pixvo.tech/mx/sistema-crecimiento-digital/,editorial_to_money,Sistema de crecimiento,P1,mx
https://pixvo.tech/mx/blog/la-importancia-de-las-decisiones-y-resoluciones-eficientes-en-la-gestion-de-pequenas-y-medianas-empresas/,https://pixvo.tech/mx/soluciones/seo-para-pymes/,editorial_to_money,SEO para PyMEs,P1,mx
https://pixvo.tech/mx/blog/la-importancia-de-las-decisiones-y-resoluciones-eficientes-en-la-gestion-de-pequenas-y-medianas-empresas/,https://pixvo.tech/mx/auditoria-crecimiento-digital/,editorial_to_money,Auditoría,P1,mx
https://pixvo.tech/mx/blog/la-importancia-de-las-decisiones-y-resoluciones-eficientes-en-la-gestion-de-pequenas-y-medianas-empresas/,https://pixvo.tech/mx/planes/,conversion,Planes,P1,mx
https://pixvo.tech/mx/blog/la-importancia-de-las-decisiones-y-resoluciones-eficientes-en-la-gestion-de-pequenas-y-medianas-empresas/,https://pixvo.tech/mx/casos-de-exito/,internal,Casos de éxito,P1,mx
https://pixvo.tech/mx/blog/la-importancia-de-las-decisiones-y-resoluciones-eficientes-en-la-gestion-de-pequenas-y-medianas-empresas/,https://pixvo.tech/mx/recursos/,internal,Recursos,P2,mx
https://pixvo.tech/mx/blog/la-importancia-de-las-decisiones-y-resoluciones-eficientes-en-la-gestion-de-pequenas-y-medianas-empresas/,https://pixvo.tech/mx/blog/,child_to_parent,Blog,P2,mx
https://pixvo.tech/mx/blog/la-importancia-de-las-decisiones-y-resoluciones-eficientes-en-la-gestion-de-pequenas-y-medianas-empresas/,https://pixvo.tech/mx/solicitar-diagnostico/,conversion,Solicitar diagnóstico,P1,mx
https://pixvo.tech/mx/blog/la-importancia-de-las-decisiones-y-resoluciones-eficientes-en-la-gestion-de-pequenas-y-medianas-empresas/,https://pixvo.tech/,internal,Inicio,P1,mx
https://pixvo.tech/mx/blog/la-importancia-de-las-decisiones-y-resoluciones-eficientes-en-la-gestion-de-pequenas-y-medianas-empresas/,https://pixvo.tech/mx/,internal,México,P1,mx
https://pixvo.tech/mx/blog/la-importancia-de-las-decisiones-y-resoluciones-eficientes-en-la-gestion-de-pequenas-y-medianas-empresas/,https://pixvo.tech/mx/sistema-crecimiento-digital/,editorial_to_money,México,P1,mx
https://pixvo.tech/mx/blog/la-importancia-de-las-decisiones-y-resoluciones-eficientes-en-la-gestion-de-pequenas-y-medianas-empresas/,https://pixvo.tech/mx/soluciones/automatizacion-de-procesos/,editorial_to_money,reducir tareas manuales con automatización,P1,mx
https://pixvo.tech/mx/blog/la-importancia-de-las-decisiones-y-resoluciones-eficientes-en-la-gestion-de-pequenas-y-medianas-empresas/,https://pixvo.tech/mx/soluciones/analitica-digital/,editorial_to_money,medir qué acciones generan oportunidades,P2,mx
https://pixvo.tech/mx/blog/la-importancia-de-las-decisiones-y-resoluciones-eficientes-en-la-gestion-de-pequenas-y-medianas-empresas/,https://pixvo.tech/mx/soluciones/automatizacion-de-procesos/,editorial_to_money,Automatización,P1,mx
https://pixvo.tech/mx/blog/la-importancia-de-las-decisiones-y-resoluciones-eficientes-en-la-gestion-de-pequenas-y-medianas-empresas/,https://pixvo.tech/mx/soluciones/seguimiento-de-leads/,editorial_to_money,Seguimiento de leads,P1,mx
https://pixvo.tech/mx/blog/la-importancia-de-las-decisiones-y-resoluciones-eficientes-en-la-gestion-de-pequenas-y-medianas-empresas/,https://pixvo.tech/mx/nosotros/,internal,Nosotros,P3,mx
https://pixvo.tech/mx/blog/la-importancia-de-las-decisiones-y-resoluciones-eficientes-en-la-gestion-de-pequenas-y-medianas-empresas/,https://pixvo.tech/mx/contacto/,internal,Contacto,P3,mx
https://pixvo.tech/mx/blog/la-importancia-de-las-decisiones-y-resoluciones-eficientes-en-la-gestion-de-pequenas-y-medianas-empresas/,https://pixvo.tech/ar/,internal,Argentina,P1,mx
https://pixvo.tech/mx/blog/la-importancia-de-las-decisiones-y-resoluciones-eficientes-en-la-gestion-de-pequenas-y-medianas-empresas/,https://pixvo.tech/es/,internal,España,P1,mx
https://pixvo.tech/mx/blog/crear-un-sitio-web-rapido-con-las-herramientas-de-ia-de-hostinger/,https://pixvo.tech/mx/sistema-crecimiento-digital/,editorial_to_money,Sistema de crecimiento,P1,mx
https://pixvo.tech/mx/blog/crear-un-sitio-web-rapido-con-las-herramientas-de-ia-de-hostinger/,https://pixvo.tech/mx/soluciones/seo-para-pymes/,editorial_to_money,SEO para PyMEs,P1,mx
https://pixvo.tech/mx/blog/crear-un-sitio-web-rapido-con-las-herramientas-de-ia-de-hostinger/,https://pixvo.tech/mx/auditoria-crecimiento-digital/,editorial_to_money,Auditoría,P1,mx
https://pixvo.tech/mx/blog/crear-un-sitio-web-rapido-con-las-herramientas-de-ia-de-hostinger/,https://pixvo.tech/mx/planes/,conversion,Planes,P1,mx
https://pixvo.tech/mx/blog/crear-un-sitio-web-rapido-con-las-herramientas-de-ia-de-hostinger/,https://pixvo.tech/mx/casos-de-exito/,internal,Casos de éxito,P1,mx
https://pixvo.tech/mx/blog/crear-un-sitio-web-rapido-con-las-herramientas-de-ia-de-hostinger/,https://pixvo.tech/mx/recursos/,internal,Recursos,P2,mx
https://pixvo.tech/mx/blog/crear-un-sitio-web-rapido-con-las-herramientas-de-ia-de-hostinger/,https://pixvo.tech/mx/blog/,child_to_parent,Blog,P2,mx
https://pixvo.tech/mx/blog/crear-un-sitio-web-rapido-con-las-herramientas-de-ia-de-hostinger/,https://pixvo.tech/mx/solicitar-diagnostico/,conversion,Solicitar diagnóstico,P1,mx
https://pixvo.tech/mx/blog/crear-un-sitio-web-rapido-con-las-herramientas-de-ia-de-hostinger/,https://pixvo.tech/,internal,Inicio,P1,mx
https://pixvo.tech/mx/blog/crear-un-sitio-web-rapido-con-las-herramientas-de-ia-de-hostinger/,https://pixvo.tech/mx/,internal,México,P1,mx
https://pixvo.tech/mx/blog/crear-un-sitio-web-rapido-con-las-herramientas-de-ia-de-hostinger/,https://pixvo.tech/mx/soluciones/optimizacion-wordpress/,editorial_to_money,México,P2,mx
https://pixvo.tech/mx/blog/crear-un-sitio-web-rapido-con-las-herramientas-de-ia-de-hostinger/,https://pixvo.tech/mx/soluciones/seo-para-pymes/,editorial_to_money,convertir esta idea en una estrategia SEO para PyMEs,P1,mx
https://pixvo.tech/mx/blog/crear-un-sitio-web-rapido-con-las-herramientas-de-ia-de-hostinger/,https://pixvo.tech/mx/soluciones/optimizacion-de-conversion/,editorial_to_money,mejorar la conversión de tu web,P2,mx
https://pixvo.tech/mx/blog/crear-un-sitio-web-rapido-con-las-herramientas-de-ia-de-hostinger/,https://pixvo.tech/mx/soluciones/automatizacion-de-procesos/,editorial_to_money,Automatización,P1,mx
https://pixvo.tech/mx/blog/crear-un-sitio-web-rapido-con-las-herramientas-de-ia-de-hostinger/,https://pixvo.tech/mx/soluciones/seguimiento-de-leads/,editorial_to_money,Seguimiento de leads,P1,mx
https://pixvo.tech/mx/blog/crear-un-sitio-web-rapido-con-las-herramientas-de-ia-de-hostinger/,https://pixvo.tech/mx/nosotros/,internal,Nosotros,P3,mx
https://pixvo.tech/mx/blog/crear-un-sitio-web-rapido-con-las-herramientas-de-ia-de-hostinger/,https://pixvo.tech/mx/contacto/,internal,Contacto,P3,mx
https://pixvo.tech/mx/blog/crear-un-sitio-web-rapido-con-las-herramientas-de-ia-de-hostinger/,https://pixvo.tech/ar/,internal,Argentina,P1,mx
https://pixvo.tech/mx/blog/crear-un-sitio-web-rapido-con-las-herramientas-de-ia-de-hostinger/,https://pixvo.tech/es/,internal,España,P1,mx
https://pixvo.tech/mx/blog/la-ia-esta-matando-la-creatividad/,https://pixvo.tech/mx/sistema-crecimiento-digital/,editorial_to_money,Sistema de crecimiento,P1,mx
https://pixvo.tech/mx/blog/la-ia-esta-matando-la-creatividad/,https://pixvo.tech/mx/soluciones/seo-para-pymes/,editorial_to_money,SEO para PyMEs,P1,mx
https://pixvo.tech/mx/blog/la-ia-esta-matando-la-creatividad/,https://pixvo.tech/mx/auditoria-crecimiento-digital/,editorial_to_money,Auditoría,P1,mx
https://pixvo.tech/mx/blog/la-ia-esta-matando-la-creatividad/,https://pixvo.tech/mx/planes/,conversion,Planes,P1,mx
https://pixvo.tech/mx/blog/la-ia-esta-matando-la-creatividad/,https://pixvo.tech/mx/casos-de-exito/,internal,Casos de éxito,P1,mx
https://pixvo.tech/mx/blog/la-ia-esta-matando-la-creatividad/,https://pixvo.tech/mx/recursos/,internal,Recursos,P2,mx
https://pixvo.tech/mx/blog/la-ia-esta-matando-la-creatividad/,https://pixvo.tech/mx/blog/,child_to_parent,Blog,P2,mx
https://pixvo.tech/mx/blog/la-ia-esta-matando-la-creatividad/,https://pixvo.tech/mx/solicitar-diagnostico/,conversion,Solicitar diagnóstico,P1,mx
https://pixvo.tech/mx/blog/la-ia-esta-matando-la-creatividad/,https://pixvo.tech/,internal,Inicio,P1,mx
https://pixvo.tech/mx/blog/la-ia-esta-matando-la-creatividad/,https://pixvo.tech/mx/,internal,México,P1,mx
https://pixvo.tech/mx/blog/la-ia-esta-matando-la-creatividad/,https://pixvo.tech/mx/soluciones/contenido-seo/,editorial_to_money,México,P2,mx
https://pixvo.tech/mx/blog/la-ia-esta-matando-la-creatividad/,https://pixvo.tech/mx/soluciones/seo-para-pymes/,editorial_to_money,convertir esta idea en una estrategia SEO para PyMEs,P1,mx
https://pixvo.tech/mx/blog/la-ia-esta-matando-la-creatividad/,https://pixvo.tech/mx/soluciones/automatizacion-de-procesos/,editorial_to_money,Automatización,P1,mx
https://pixvo.tech/mx/blog/la-ia-esta-matando-la-creatividad/,https://pixvo.tech/mx/soluciones/seguimiento-de-leads/,editorial_to_money,Seguimiento de leads,P1,mx
https://pixvo.tech/mx/blog/la-ia-esta-matando-la-creatividad/,https://pixvo.tech/mx/nosotros/,internal,Nosotros,P3,mx
https://pixvo.tech/mx/blog/la-ia-esta-matando-la-creatividad/,https://pixvo.tech/mx/contacto/,internal,Contacto,P3,mx
https://pixvo.tech/mx/blog/la-ia-esta-matando-la-creatividad/,https://pixvo.tech/ar/,internal,Argentina,P1,mx
https://pixvo.tech/mx/blog/la-ia-esta-matando-la-creatividad/,https://pixvo.tech/es/,internal,España,P1,mx
https://pixvo.tech/mx/blog/redactar-sin-ia-reduce-productividad-evidencia-limites-y-como-implementarlo-en-marketing/,https://pixvo.tech/mx/sistema-crecimiento-digital/,editorial_to_money,Sistema de crecimiento,P1,mx
https://pixvo.tech/mx/blog/redactar-sin-ia-reduce-productividad-evidencia-limites-y-como-implementarlo-en-marketing/,https://pixvo.tech/mx/soluciones/seo-para-pymes/,editorial_to_money,SEO para PyMEs,P1,mx
https://pixvo.tech/mx/blog/redactar-sin-ia-reduce-productividad-evidencia-limites-y-como-implementarlo-en-marketing/,https://pixvo.tech/mx/auditoria-crecimiento-digital/,editorial_to_money,Auditoría,P1,mx
https://pixvo.tech/mx/blog/redactar-sin-ia-reduce-productividad-evidencia-limites-y-como-implementarlo-en-marketing/,https://pixvo.tech/mx/planes/,conversion,Planes,P1,mx
https://pixvo.tech/mx/blog/redactar-sin-ia-reduce-productividad-evidencia-limites-y-como-implementarlo-en-marketing/,https://pixvo.tech/mx/casos-de-exito/,internal,Casos de éxito,P1,mx
https://pixvo.tech/mx/blog/redactar-sin-ia-reduce-productividad-evidencia-limites-y-como-implementarlo-en-marketing/,https://pixvo.tech/mx/recursos/,internal,Recursos,P2,mx
https://pixvo.tech/mx/blog/redactar-sin-ia-reduce-productividad-evidencia-limites-y-como-implementarlo-en-marketing/,https://pixvo.tech/mx/blog/,child_to_parent,Blog,P2,mx
https://pixvo.tech/mx/blog/redactar-sin-ia-reduce-productividad-evidencia-limites-y-como-implementarlo-en-marketing/,https://pixvo.tech/mx/solicitar-diagnostico/,conversion,Solicitar diagnóstico,P1,mx
https://pixvo.tech/mx/blog/redactar-sin-ia-reduce-productividad-evidencia-limites-y-como-implementarlo-en-marketing/,https://pixvo.tech/,internal,Inicio,P1,mx
https://pixvo.tech/mx/blog/redactar-sin-ia-reduce-productividad-evidencia-limites-y-como-implementarlo-en-marketing/,https://pixvo.tech/mx/,internal,México,P1,mx
https://pixvo.tech/mx/blog/redactar-sin-ia-reduce-productividad-evidencia-limites-y-como-implementarlo-en-marketing/,https://pixvo.tech/mx/soluciones/contenido-seo/,editorial_to_money,México,P2,mx
https://pixvo.tech/mx/blog/redactar-sin-ia-reduce-productividad-evidencia-limites-y-como-implementarlo-en-marketing/,https://pixvo.tech/mx/soluciones/automatizacion-de-marketing/,editorial_to_money,organizar captación y comunicaciones automatizadas,P2,mx
https://pixvo.tech/mx/blog/redactar-sin-ia-reduce-productividad-evidencia-limites-y-como-implementarlo-en-marketing/,https://pixvo.tech/mx/soluciones/seo-para-pymes/,editorial_to_money,convertir esta idea en una estrategia SEO para PyMEs,P1,mx
https://pixvo.tech/mx/blog/redactar-sin-ia-reduce-productividad-evidencia-limites-y-como-implementarlo-en-marketing/,https://pixvo.tech/mx/soluciones/automatizacion-de-procesos/,editorial_to_money,Automatización,P1,mx
https://pixvo.tech/mx/blog/redactar-sin-ia-reduce-productividad-evidencia-limites-y-como-implementarlo-en-marketing/,https://pixvo.tech/mx/soluciones/seguimiento-de-leads/,editorial_to_money,Seguimiento de leads,P1,mx
https://pixvo.tech/mx/blog/redactar-sin-ia-reduce-productividad-evidencia-limites-y-como-implementarlo-en-marketing/,https://pixvo.tech/mx/nosotros/,internal,Nosotros,P3,mx
https://pixvo.tech/mx/blog/redactar-sin-ia-reduce-productividad-evidencia-limites-y-como-implementarlo-en-marketing/,https://pixvo.tech/mx/contacto/,internal,Contacto,P3,mx
https://pixvo.tech/mx/blog/redactar-sin-ia-reduce-productividad-evidencia-limites-y-como-implementarlo-en-marketing/,https://pixvo.tech/ar/,internal,Argentina,P1,mx
https://pixvo.tech/mx/blog/redactar-sin-ia-reduce-productividad-evidencia-limites-y-como-implementarlo-en-marketing/,https://pixvo.tech/es/,internal,España,P1,mx
https://pixvo.tech/mx/blog/caso-de-exito-microcuotas-y-como-google-ads-desarrollo-a-medida-le-cambiaron-el-juego/,https://pixvo.tech/mx/sistema-crecimiento-digital/,editorial_to_money,Sistema de crecimiento,P1,mx
https://pixvo.tech/mx/blog/caso-de-exito-microcuotas-y-como-google-ads-desarrollo-a-medida-le-cambiaron-el-juego/,https://pixvo.tech/mx/soluciones/seo-para-pymes/,editorial_to_money,SEO para PyMEs,P1,mx
https://pixvo.tech/mx/blog/caso-de-exito-microcuotas-y-como-google-ads-desarrollo-a-medida-le-cambiaron-el-juego/,https://pixvo.tech/mx/auditoria-crecimiento-digital/,editorial_to_money,Auditoría,P1,mx
https://pixvo.tech/mx/blog/caso-de-exito-microcuotas-y-como-google-ads-desarrollo-a-medida-le-cambiaron-el-juego/,https://pixvo.tech/mx/planes/,conversion,Planes,P1,mx
https://pixvo.tech/mx/blog/caso-de-exito-microcuotas-y-como-google-ads-desarrollo-a-medida-le-cambiaron-el-juego/,https://pixvo.tech/mx/casos-de-exito/,internal,Casos de éxito,P1,mx
https://pixvo.tech/mx/blog/caso-de-exito-microcuotas-y-como-google-ads-desarrollo-a-medida-le-cambiaron-el-juego/,https://pixvo.tech/mx/recursos/,internal,Recursos,P2,mx
https://pixvo.tech/mx/blog/caso-de-exito-microcuotas-y-como-google-ads-desarrollo-a-medida-le-cambiaron-el-juego/,https://pixvo.tech/mx/blog/,child_to_parent,Blog,P2,mx
https://pixvo.tech/mx/blog/caso-de-exito-microcuotas-y-como-google-ads-desarrollo-a-medida-le-cambiaron-el-juego/,https://pixvo.tech/mx/solicitar-diagnostico/,conversion,Solicitar diagnóstico,P1,mx
https://pixvo.tech/mx/blog/caso-de-exito-microcuotas-y-como-google-ads-desarrollo-a-medida-le-cambiaron-el-juego/,https://pixvo.tech/,internal,Inicio,P1,mx
https://pixvo.tech/mx/blog/caso-de-exito-microcuotas-y-como-google-ads-desarrollo-a-medida-le-cambiaron-el-juego/,https://pixvo.tech/mx/,internal,México,P1,mx
https://pixvo.tech/mx/blog/caso-de-exito-microcuotas-y-como-google-ads-desarrollo-a-medida-le-cambiaron-el-juego/,https://pixvo.tech/mx/casos-de-exito/microcuotas/,internal,Ver el caso principal con su evidencia y limitaciones,P1,mx
https://pixvo.tech/mx/blog/caso-de-exito-microcuotas-y-como-google-ads-desarrollo-a-medida-le-cambiaron-el-juego/,https://pixvo.tech/mx/soluciones/automatizacion-de-procesos/,editorial_to_money,México,P1,mx
https://pixvo.tech/mx/blog/caso-de-exito-microcuotas-y-como-google-ads-desarrollo-a-medida-le-cambiaron-el-juego/,https://pixvo.tech/mx/soluciones/seguimiento-de-leads/,editorial_to_money,automatizar el seguimiento de tus leads,P1,mx
https://pixvo.tech/mx/blog/caso-de-exito-microcuotas-y-como-google-ads-desarrollo-a-medida-le-cambiaron-el-juego/,https://pixvo.tech/mx/soluciones/analitica-digital/,editorial_to_money,medir qué acciones generan oportunidades,P2,mx
https://pixvo.tech/mx/blog/caso-de-exito-microcuotas-y-como-google-ads-desarrollo-a-medida-le-cambiaron-el-juego/,https://pixvo.tech/mx/auditoria-crecimiento-digital/,editorial_to_money,auditar el proceso de captación y conversión,P1,mx
https://pixvo.tech/mx/blog/caso-de-exito-microcuotas-y-como-google-ads-desarrollo-a-medida-le-cambiaron-el-juego/,https://pixvo.tech/mx/soluciones/automatizacion-de-procesos/,editorial_to_money,Automatización,P1,mx
https://pixvo.tech/mx/blog/caso-de-exito-microcuotas-y-como-google-ads-desarrollo-a-medida-le-cambiaron-el-juego/,https://pixvo.tech/mx/soluciones/seguimiento-de-leads/,editorial_to_money,Seguimiento de leads,P1,mx
https://pixvo.tech/mx/blog/caso-de-exito-microcuotas-y-como-google-ads-desarrollo-a-medida-le-cambiaron-el-juego/,https://pixvo.tech/mx/nosotros/,internal,Nosotros,P3,mx
https://pixvo.tech/mx/blog/caso-de-exito-microcuotas-y-como-google-ads-desarrollo-a-medida-le-cambiaron-el-juego/,https://pixvo.tech/mx/contacto/,internal,Contacto,P3,mx
https://pixvo.tech/mx/blog/caso-de-exito-microcuotas-y-como-google-ads-desarrollo-a-medida-le-cambiaron-el-juego/,https://pixvo.tech/ar/,internal,Argentina,P1,mx
https://pixvo.tech/mx/blog/caso-de-exito-microcuotas-y-como-google-ads-desarrollo-a-medida-le-cambiaron-el-juego/,https://pixvo.tech/es/,internal,España,P1,mx
https://pixvo.tech/ar/,https://pixvo.tech/ar/sistema-crecimiento-digital/,parent_to_child,Sistema de crecimiento,P1,ar
https://pixvo.tech/ar/,https://pixvo.tech/ar/soluciones/seo-para-pymes/,internal,SEO para PyMEs,P1,ar
https://pixvo.tech/ar/,https://pixvo.tech/ar/auditoria-crecimiento-digital/,internal,Auditoría,P1,ar
https://pixvo.tech/ar/,https://pixvo.tech/ar/planes/,conversion,Planes,P1,ar
https://pixvo.tech/ar/,https://pixvo.tech/ar/casos-de-exito/,internal,Casos de éxito,P1,ar
https://pixvo.tech/ar/,https://pixvo.tech/ar/recursos/,internal,Recursos,P2,ar
https://pixvo.tech/ar/,https://pixvo.tech/ar/blog/,parent_to_child,Blog,P2,ar
https://pixvo.tech/ar/,https://pixvo.tech/ar/solicitar-diagnostico/,conversion,Solicitar diagnóstico,P1,ar
https://pixvo.tech/ar/,https://pixvo.tech/,child_to_parent,Inicio,P1,ar
https://pixvo.tech/ar/,https://pixvo.tech/ar/problemas/leads-no-convierten/,internal,¿Por qué tus leads no se convierten en clientes?,P1,ar
https://pixvo.tech/ar/,https://pixvo.tech/ar/problemas/reducir-tareas-manuales/,internal,Automatiza tareas repetitivas que frenan a tu equipo,P1,ar
https://pixvo.tech/ar/,https://pixvo.tech/ar/problemas/web-no-convierte/,internal,"Mi web recibe visitas, pero no vende ni genera oportunidades",P1,ar
https://pixvo.tech/ar/,https://pixvo.tech/ar/problemas/dependencia-publicidad-paga/,internal,Reduce la dependencia de la publicidad pagada,P1,ar
https://pixvo.tech/ar/,https://pixvo.tech/ar/problemas/medir-resultados-marketing/,internal,Mide qué acciones generan oportunidades,P1,ar
https://pixvo.tech/ar/,https://pixvo.tech/ar/problemas/conectar-marketing-y-ventas/,internal,Conecta marketing y ventas sin perder contexto,P1,ar
https://pixvo.tech/ar/,https://pixvo.tech/ar/soluciones/seo-para-pymes/,internal,SEO para PyMEs orientado a captar clientes,P1,ar
https://pixvo.tech/ar/,https://pixvo.tech/ar/soluciones/seo-wordpress/,internal,SEO para WordPress,P2,ar
https://pixvo.tech/ar/,https://pixvo.tech/ar/soluciones/contenido-seo/,internal,Servicio de contenido SEO,P2,ar
https://pixvo.tech/ar/,https://pixvo.tech/ar/soluciones/automatizacion-de-procesos/,internal,Automatización de procesos para PyMEs,P1,ar
https://pixvo.tech/ar/,https://pixvo.tech/ar/soluciones/automatizacion-de-marketing/,internal,Automatización de marketing,P2,ar
https://pixvo.tech/ar/,https://pixvo.tech/ar/soluciones/seguimiento-de-leads/,internal,Automatización del seguimiento de leads,P1,ar
https://pixvo.tech/ar/,https://pixvo.tech/ar/soluciones/analitica-digital/,internal,Consultoría de analítica digital,P2,ar
https://pixvo.tech/ar/,https://pixvo.tech/ar/soluciones/optimizacion-wordpress/,internal,Optimización WordPress para empresas,P2,ar
https://pixvo.tech/ar/,https://pixvo.tech/ar/soluciones/optimizacion-de-conversion/,internal,Optimización de conversión web,P2,ar
https://pixvo.tech/ar/,https://pixvo.tech/ar/casos-de-exito/,internal,Revisar casos y límites de evidencia,P1,ar
https://pixvo.tech/ar/,https://pixvo.tech/ar/recursos/,internal,Comparar alternativas,P2,ar
https://pixvo.tech/ar/,https://pixvo.tech/ar/planes/,conversion,Ver planes y precios,P1,ar
https://pixvo.tech/ar/,https://pixvo.tech/ar/soluciones/automatizacion-de-procesos/,internal,Automatización,P1,ar
https://pixvo.tech/ar/,https://pixvo.tech/ar/soluciones/seguimiento-de-leads/,internal,Seguimiento de leads,P1,ar
https://pixvo.tech/ar/,https://pixvo.tech/ar/nosotros/,parent_to_child,Nosotros,P3,ar
https://pixvo.tech/ar/,https://pixvo.tech/ar/contacto/,parent_to_child,Contacto,P3,ar
https://pixvo.tech/ar/,https://pixvo.tech/mx/,internal,México,P1,ar
https://pixvo.tech/ar/,https://pixvo.tech/ar/,internal,Argentina,P1,ar
https://pixvo.tech/ar/,https://pixvo.tech/es/,internal,España,P1,ar
https://pixvo.tech/ar/sistema-crecimiento-digital/,https://pixvo.tech/ar/sistema-crecimiento-digital/,internal,Sistema de crecimiento,P1,ar
https://pixvo.tech/ar/sistema-crecimiento-digital/,https://pixvo.tech/ar/soluciones/seo-para-pymes/,parent_to_child,SEO para PyMEs,P1,ar
https://pixvo.tech/ar/sistema-crecimiento-digital/,https://pixvo.tech/ar/auditoria-crecimiento-digital/,parent_to_child,Auditoría,P1,ar
https://pixvo.tech/ar/sistema-crecimiento-digital/,https://pixvo.tech/ar/planes/,parent_to_child,Planes,P1,ar
https://pixvo.tech/ar/sistema-crecimiento-digital/,https://pixvo.tech/ar/casos-de-exito/,parent_to_child,Casos de éxito,P1,ar
https://pixvo.tech/ar/sistema-crecimiento-digital/,https://pixvo.tech/ar/recursos/,parent_to_child,Recursos,P2,ar
https://pixvo.tech/ar/sistema-crecimiento-digital/,https://pixvo.tech/ar/blog/,internal,Blog,P2,ar
https://pixvo.tech/ar/sistema-crecimiento-digital/,https://pixvo.tech/ar/solicitar-diagnostico/,parent_to_child,Solicitar diagnóstico,P1,ar
https://pixvo.tech/ar/sistema-crecimiento-digital/,https://pixvo.tech/,internal,Inicio,P1,ar
https://pixvo.tech/ar/sistema-crecimiento-digital/,https://pixvo.tech/ar/,child_to_parent,Argentina,P1,ar
https://pixvo.tech/ar/sistema-crecimiento-digital/,https://pixvo.tech/ar/problemas/leads-no-convierten/,internal,¿Por qué tus leads no se convierten en clientes?,P1,ar
https://pixvo.tech/ar/sistema-crecimiento-digital/,https://pixvo.tech/ar/problemas/reducir-tareas-manuales/,internal,Automatiza tareas repetitivas que frenan a tu equipo,P1,ar
https://pixvo.tech/ar/sistema-crecimiento-digital/,https://pixvo.tech/ar/problemas/web-no-convierte/,internal,"Mi web recibe visitas, pero no vende ni genera oportunidades",P1,ar
https://pixvo.tech/ar/sistema-crecimiento-digital/,https://pixvo.tech/ar/problemas/dependencia-publicidad-paga/,internal,Reduce la dependencia de la publicidad pagada,P1,ar
https://pixvo.tech/ar/sistema-crecimiento-digital/,https://pixvo.tech/ar/problemas/medir-resultados-marketing/,internal,Mide qué acciones generan oportunidades,P1,ar
https://pixvo.tech/ar/sistema-crecimiento-digital/,https://pixvo.tech/ar/problemas/conectar-marketing-y-ventas/,internal,Conecta marketing y ventas sin perder contexto,P1,ar
https://pixvo.tech/ar/sistema-crecimiento-digital/,https://pixvo.tech/ar/problemas/wordpress-lento/,internal,"WordPress lento: rendimiento, estabilidad y conversión",P1,ar
https://pixvo.tech/ar/sistema-crecimiento-digital/,https://pixvo.tech/ar/problemas/contenido-no-genera-clientes/,internal,"Contenido que no genera clientes: intención, rutas y conversión",P1,ar
https://pixvo.tech/ar/sistema-crecimiento-digital/,https://pixvo.tech/ar/soluciones/seo-para-pymes/,parent_to_child,SEO para PyMEs orientado a captar clientes,P1,ar
https://pixvo.tech/ar/sistema-crecimiento-digital/,https://pixvo.tech/ar/soluciones/seo-wordpress/,internal,SEO para WordPress,P2,ar
https://pixvo.tech/ar/sistema-crecimiento-digital/,https://pixvo.tech/ar/soluciones/contenido-seo/,internal,Servicio de contenido SEO,P2,ar
https://pixvo.tech/ar/sistema-crecimiento-digital/,https://pixvo.tech/ar/soluciones/automatizacion-de-procesos/,parent_to_child,Automatización de procesos para PyMEs,P1,ar
https://pixvo.tech/ar/sistema-crecimiento-digital/,https://pixvo.tech/ar/soluciones/automatizacion-de-marketing/,internal,Automatización de marketing,P2,ar
https://pixvo.tech/ar/sistema-crecimiento-digital/,https://pixvo.tech/ar/soluciones/seguimiento-de-leads/,parent_to_child,Automatización del seguimiento de leads,P1,ar
https://pixvo.tech/ar/sistema-crecimiento-digital/,https://pixvo.tech/ar/soluciones/analitica-digital/,parent_to_child,Consultoría de analítica digital,P2,ar
https://pixvo.tech/ar/sistema-crecimiento-digital/,https://pixvo.tech/ar/soluciones/optimizacion-wordpress/,parent_to_child,Optimización WordPress para empresas,P2,ar
https://pixvo.tech/ar/sistema-crecimiento-digital/,https://pixvo.tech/ar/soluciones/optimizacion-de-conversion/,parent_to_child,Optimización de conversión web,P2,ar
https://pixvo.tech/ar/sistema-crecimiento-digital/,https://pixvo.tech/ar/recursos/seo-vs-sistema-de-crecimiento/,internal,SEO vs sistema de crecimiento digital,P2,ar
https://pixvo.tech/ar/sistema-crecimiento-digital/,https://pixvo.tech/ar/recursos/seo-mensual-vs-auditoria/,internal,SEO mensual vs auditoría,P2,ar
https://pixvo.tech/ar/sistema-crecimiento-digital/,https://pixvo.tech/ar/casos-de-exito/microcuotas/,internal,Caso Microcuotas,P1,ar
https://pixvo.tech/ar/sistema-crecimiento-digital/,https://pixvo.tech/ar/solicitar-diagnostico/,parent_to_child,Diagnóstico,P1,ar
https://pixvo.tech/ar/sistema-crecimiento-digital/,https://pixvo.tech/ar/soluciones/automatizacion-de-procesos/,parent_to_child,Automatización,P1,ar
https://pixvo.tech/ar/sistema-crecimiento-digital/,https://pixvo.tech/ar/soluciones/seguimiento-de-leads/,parent_to_child,Seguimiento de leads,P1,ar
https://pixvo.tech/ar/sistema-crecimiento-digital/,https://pixvo.tech/ar/nosotros/,internal,Nosotros,P3,ar
https://pixvo.tech/ar/sistema-crecimiento-digital/,https://pixvo.tech/ar/contacto/,internal,Contacto,P3,ar
https://pixvo.tech/ar/sistema-crecimiento-digital/,https://pixvo.tech/mx/,internal,México,P1,ar
https://pixvo.tech/ar/sistema-crecimiento-digital/,https://pixvo.tech/es/,internal,España,P1,ar
https://pixvo.tech/ar/planes/,https://pixvo.tech/ar/sistema-crecimiento-digital/,child_to_parent,Sistema de crecimiento,P1,ar
https://pixvo.tech/ar/planes/,https://pixvo.tech/ar/soluciones/seo-para-pymes/,internal,SEO para PyMEs,P1,ar
https://pixvo.tech/ar/planes/,https://pixvo.tech/ar/auditoria-crecimiento-digital/,internal,Auditoría,P1,ar
https://pixvo.tech/ar/planes/,https://pixvo.tech/ar/planes/,conversion,Planes,P1,ar
https://pixvo.tech/ar/planes/,https://pixvo.tech/ar/casos-de-exito/,internal,Casos de éxito,P1,ar
https://pixvo.tech/ar/planes/,https://pixvo.tech/ar/recursos/,internal,Recursos,P2,ar
https://pixvo.tech/ar/planes/,https://pixvo.tech/ar/blog/,internal,Blog,P2,ar
https://pixvo.tech/ar/planes/,https://pixvo.tech/ar/solicitar-diagnostico/,conversion,Solicitar diagnóstico,P1,ar
https://pixvo.tech/ar/planes/,https://pixvo.tech/,internal,Inicio,P1,ar
https://pixvo.tech/ar/planes/,https://pixvo.tech/ar/,internal,Argentina,P1,ar
https://pixvo.tech/ar/planes/,https://pixvo.tech/ar/sistema-crecimiento-digital/,child_to_parent,Entender Pixvo Growth System,P1,ar
https://pixvo.tech/ar/planes/,https://pixvo.tech/ar/auditoria-crecimiento-digital/,internal,Solicitar una auditoría,P1,ar
https://pixvo.tech/ar/planes/,https://pixvo.tech/ar/recursos/seo-mensual-vs-auditoria/,internal,SEO mensual vs auditoría,P2,ar
https://pixvo.tech/ar/planes/,https://pixvo.tech/ar/casos-de-exito/microcuotas/,internal,Caso Microcuotas,P1,ar
https://pixvo.tech/ar/planes/,https://pixvo.tech/ar/solicitar-diagnostico/,conversion,Revisar qué plan encaja,P1,ar
https://pixvo.tech/ar/planes/,https://pixvo.tech/ar/soluciones/automatizacion-de-procesos/,internal,Automatización,P1,ar
https://pixvo.tech/ar/planes/,https://pixvo.tech/ar/soluciones/seguimiento-de-leads/,internal,Seguimiento de leads,P1,ar
https://pixvo.tech/ar/planes/,https://pixvo.tech/ar/nosotros/,internal,Nosotros,P3,ar
https://pixvo.tech/ar/planes/,https://pixvo.tech/ar/contacto/,internal,Contacto,P3,ar
https://pixvo.tech/ar/planes/,https://pixvo.tech/mx/,internal,México,P1,ar
https://pixvo.tech/ar/planes/,https://pixvo.tech/es/,internal,España,P1,ar
https://pixvo.tech/ar/auditoria-crecimiento-digital/,https://pixvo.tech/ar/sistema-crecimiento-digital/,child_to_parent,Sistema de crecimiento,P1,ar
https://pixvo.tech/ar/auditoria-crecimiento-digital/,https://pixvo.tech/ar/soluciones/seo-para-pymes/,internal,SEO para PyMEs,P1,ar
https://pixvo.tech/ar/auditoria-crecimiento-digital/,https://pixvo.tech/ar/auditoria-crecimiento-digital/,internal,Auditoría,P1,ar
https://pixvo.tech/ar/auditoria-crecimiento-digital/,https://pixvo.tech/ar/planes/,conversion,Planes,P1,ar
https://pixvo.tech/ar/auditoria-crecimiento-digital/,https://pixvo.tech/ar/casos-de-exito/,internal,Casos de éxito,P1,ar
https://pixvo.tech/ar/auditoria-crecimiento-digital/,https://pixvo.tech/ar/recursos/,internal,Recursos,P2,ar
https://pixvo.tech/ar/auditoria-crecimiento-digital/,https://pixvo.tech/ar/blog/,internal,Blog,P2,ar
https://pixvo.tech/ar/auditoria-crecimiento-digital/,https://pixvo.tech/ar/solicitar-diagnostico/,conversion,Solicitar diagnóstico,P1,ar
https://pixvo.tech/ar/auditoria-crecimiento-digital/,https://pixvo.tech/,internal,Inicio,P1,ar
https://pixvo.tech/ar/auditoria-crecimiento-digital/,https://pixvo.tech/ar/,internal,Argentina,P1,ar
https://pixvo.tech/ar/auditoria-crecimiento-digital/,https://pixvo.tech/ar/soluciones/automatizacion-de-procesos/,internal,Automatización de procesos,P1,ar
https://pixvo.tech/ar/auditoria-crecimiento-digital/,https://pixvo.tech/ar/soluciones/seguimiento-de-leads/,internal,Seguimiento de leads,P1,ar
https://pixvo.tech/ar/auditoria-crecimiento-digital/,https://pixvo.tech/ar/recursos/seo-mensual-vs-auditoria/,internal,SEO mensual vs auditoría,P2,ar
https://pixvo.tech/ar/auditoria-crecimiento-digital/,https://pixvo.tech/ar/casos-de-exito/microcuotas/,internal,Caso Microcuotas,P1,ar
https://pixvo.tech/ar/auditoria-crecimiento-digital/,https://pixvo.tech/ar/solicitar-diagnostico/,conversion,Solicitar la auditoría,P1,ar
https://pixvo.tech/ar/auditoria-crecimiento-digital/,https://pixvo.tech/ar/soluciones/automatizacion-de-procesos/,internal,Automatización,P1,ar
https://pixvo.tech/ar/auditoria-crecimiento-digital/,https://pixvo.tech/ar/nosotros/,internal,Nosotros,P3,ar
https://pixvo.tech/ar/auditoria-crecimiento-digital/,https://pixvo.tech/ar/contacto/,internal,Contacto,P3,ar
https://pixvo.tech/ar/auditoria-crecimiento-digital/,https://pixvo.tech/mx/,internal,México,P1,ar
https://pixvo.tech/ar/auditoria-crecimiento-digital/,https://pixvo.tech/es/,internal,España,P1,ar
https://pixvo.tech/ar/solicitar-diagnostico/,https://pixvo.tech/ar/sistema-crecimiento-digital/,child_to_parent,Sistema de crecimiento,P1,ar
https://pixvo.tech/ar/solicitar-diagnostico/,https://pixvo.tech/ar/soluciones/seo-para-pymes/,internal,SEO para PyMEs,P1,ar
https://pixvo.tech/ar/solicitar-diagnostico/,https://pixvo.tech/ar/auditoria-crecimiento-digital/,internal,Auditoría,P1,ar
https://pixvo.tech/ar/solicitar-diagnostico/,https://pixvo.tech/ar/planes/,conversion,Planes,P1,ar
https://pixvo.tech/ar/solicitar-diagnostico/,https://pixvo.tech/ar/casos-de-exito/,internal,Casos de éxito,P1,ar
https://pixvo.tech/ar/solicitar-diagnostico/,https://pixvo.tech/ar/recursos/,internal,Recursos,P2,ar
https://pixvo.tech/ar/solicitar-diagnostico/,https://pixvo.tech/ar/blog/,internal,Blog,P2,ar
https://pixvo.tech/ar/solicitar-diagnostico/,https://pixvo.tech/ar/solicitar-diagnostico/,conversion,Solicitar diagnóstico,P1,ar
https://pixvo.tech/ar/solicitar-diagnostico/,https://pixvo.tech/,internal,Inicio,P1,ar
https://pixvo.tech/ar/solicitar-diagnostico/,https://pixvo.tech/ar/,internal,Argentina,P1,ar
https://pixvo.tech/ar/solicitar-diagnostico/,https://pixvo.tech/ar/contacto/,internal,Consulta los canales de contacto,P3,ar
https://pixvo.tech/ar/solicitar-diagnostico/,https://pixvo.tech/legal/politica-de-privacidad/,internal,política de privacidad,,ar
https://pixvo.tech/ar/solicitar-diagnostico/,https://pixvo.tech/ar/casos-de-exito/microcuotas/,internal,Caso relacionado de automatización y seguimiento,P1,ar
https://pixvo.tech/ar/solicitar-diagnostico/,https://pixvo.tech/ar/auditoria-crecimiento-digital/,internal,Conocer el alcance de la auditoría,P1,ar
https://pixvo.tech/ar/solicitar-diagnostico/,https://pixvo.tech/ar/planes/,conversion,Revisar planes,P1,ar
https://pixvo.tech/ar/solicitar-diagnostico/,https://pixvo.tech/ar/soluciones/automatizacion-de-procesos/,internal,Automatización,P1,ar
https://pixvo.tech/ar/solicitar-diagnostico/,https://pixvo.tech/ar/soluciones/seguimiento-de-leads/,internal,Seguimiento de leads,P1,ar
https://pixvo.tech/ar/solicitar-diagnostico/,https://pixvo.tech/ar/nosotros/,internal,Nosotros,P3,ar
https://pixvo.tech/ar/solicitar-diagnostico/,https://pixvo.tech/ar/contacto/,internal,Contacto,P3,ar
https://pixvo.tech/ar/solicitar-diagnostico/,https://pixvo.tech/mx/,internal,México,P1,ar
https://pixvo.tech/ar/solicitar-diagnostico/,https://pixvo.tech/es/,internal,España,P1,ar
https://pixvo.tech/ar/nosotros/,https://pixvo.tech/ar/sistema-crecimiento-digital/,internal,Sistema de crecimiento,P1,ar
https://pixvo.tech/ar/nosotros/,https://pixvo.tech/ar/soluciones/seo-para-pymes/,internal,SEO para PyMEs,P1,ar
https://pixvo.tech/ar/nosotros/,https://pixvo.tech/ar/auditoria-crecimiento-digital/,internal,Auditoría,P1,ar
https://pixvo.tech/ar/nosotros/,https://pixvo.tech/ar/planes/,conversion,Planes,P1,ar
https://pixvo.tech/ar/nosotros/,https://pixvo.tech/ar/casos-de-exito/,internal,Casos de éxito,P1,ar
https://pixvo.tech/ar/nosotros/,https://pixvo.tech/ar/recursos/,internal,Recursos,P2,ar
https://pixvo.tech/ar/nosotros/,https://pixvo.tech/ar/blog/,internal,Blog,P2,ar
https://pixvo.tech/ar/nosotros/,https://pixvo.tech/ar/solicitar-diagnostico/,conversion,Solicitar diagnóstico,P1,ar
https://pixvo.tech/ar/nosotros/,https://pixvo.tech/,internal,Inicio,P1,ar
https://pixvo.tech/ar/nosotros/,https://pixvo.tech/ar/,child_to_parent,Argentina,P1,ar
https://pixvo.tech/ar/nosotros/,https://pixvo.tech/ar/casos-de-exito/,internal,Revisar experiencia y casos documentados,P1,ar
https://pixvo.tech/ar/nosotros/,https://pixvo.tech/ar/contacto/,internal,Contactar con Pixvo,P3,ar
https://pixvo.tech/ar/nosotros/,https://pixvo.tech/ar/soluciones/automatizacion-de-procesos/,internal,Automatización,P1,ar
https://pixvo.tech/ar/nosotros/,https://pixvo.tech/ar/soluciones/seguimiento-de-leads/,internal,Seguimiento de leads,P1,ar
https://pixvo.tech/ar/nosotros/,https://pixvo.tech/ar/nosotros/,internal,Nosotros,P3,ar
https://pixvo.tech/ar/nosotros/,https://pixvo.tech/ar/contacto/,internal,Contacto,P3,ar
https://pixvo.tech/ar/nosotros/,https://pixvo.tech/mx/,internal,México,P1,ar
https://pixvo.tech/ar/nosotros/,https://pixvo.tech/es/,internal,España,P1,ar
https://pixvo.tech/ar/contacto/,https://pixvo.tech/ar/sistema-crecimiento-digital/,internal,Sistema de crecimiento,P1,ar
https://pixvo.tech/ar/contacto/,https://pixvo.tech/ar/soluciones/seo-para-pymes/,internal,SEO para PyMEs,P1,ar
https://pixvo.tech/ar/contacto/,https://pixvo.tech/ar/auditoria-crecimiento-digital/,internal,Auditoría,P1,ar
https://pixvo.tech/ar/contacto/,https://pixvo.tech/ar/planes/,conversion,Planes,P1,ar
https://pixvo.tech/ar/contacto/,https://pixvo.tech/ar/casos-de-exito/,internal,Casos de éxito,P1,ar
https://pixvo.tech/ar/contacto/,https://pixvo.tech/ar/recursos/,internal,Recursos,P2,ar
https://pixvo.tech/ar/contacto/,https://pixvo.tech/ar/blog/,internal,Blog,P2,ar
https://pixvo.tech/ar/contacto/,https://pixvo.tech/ar/solicitar-diagnostico/,conversion,Solicitar diagnóstico,P1,ar
https://pixvo.tech/ar/contacto/,https://pixvo.tech/,internal,Inicio,P1,ar
https://pixvo.tech/ar/contacto/,https://pixvo.tech/ar/,child_to_parent,Argentina,P1,ar
https://pixvo.tech/ar/contacto/,https://pixvo.tech/ar/solicitar-diagnostico/,conversion,Aportar el contexto por escrito,P1,ar
https://pixvo.tech/ar/contacto/,https://pixvo.tech/ar/sistema-crecimiento-digital/,internal,Entender el sistema,P1,ar
https://pixvo.tech/ar/contacto/,https://pixvo.tech/ar/soluciones/automatizacion-de-procesos/,internal,Automatización,P1,ar
https://pixvo.tech/ar/contacto/,https://pixvo.tech/ar/soluciones/seguimiento-de-leads/,internal,Seguimiento de leads,P1,ar
https://pixvo.tech/ar/contacto/,https://pixvo.tech/ar/nosotros/,internal,Nosotros,P3,ar
https://pixvo.tech/ar/contacto/,https://pixvo.tech/ar/contacto/,internal,Contacto,P3,ar
https://pixvo.tech/ar/contacto/,https://pixvo.tech/mx/,internal,México,P1,ar
https://pixvo.tech/ar/contacto/,https://pixvo.tech/es/,internal,España,P1,ar
https://pixvo.tech/ar/soluciones/seo-para-pymes/,https://pixvo.tech/ar/sistema-crecimiento-digital/,child_to_parent,Sistema de crecimiento,P1,ar
https://pixvo.tech/ar/soluciones/seo-para-pymes/,https://pixvo.tech/ar/soluciones/seo-para-pymes/,internal,SEO para PyMEs,P1,ar
https://pixvo.tech/ar/soluciones/seo-para-pymes/,https://pixvo.tech/ar/auditoria-crecimiento-digital/,internal,Auditoría,P1,ar
https://pixvo.tech/ar/soluciones/seo-para-pymes/,https://pixvo.tech/ar/planes/,conversion,Planes,P1,ar
https://pixvo.tech/ar/soluciones/seo-para-pymes/,https://pixvo.tech/ar/casos-de-exito/,internal,Casos de éxito,P1,ar
https://pixvo.tech/ar/soluciones/seo-para-pymes/,https://pixvo.tech/ar/recursos/,internal,Recursos,P2,ar
https://pixvo.tech/ar/soluciones/seo-para-pymes/,https://pixvo.tech/ar/blog/,internal,Blog,P2,ar
https://pixvo.tech/ar/soluciones/seo-para-pymes/,https://pixvo.tech/ar/solicitar-diagnostico/,conversion,Solicitar diagnóstico,P1,ar
https://pixvo.tech/ar/soluciones/seo-para-pymes/,https://pixvo.tech/,internal,Inicio,P1,ar
https://pixvo.tech/ar/soluciones/seo-para-pymes/,https://pixvo.tech/ar/,internal,Argentina,P1,ar
https://pixvo.tech/ar/soluciones/seo-para-pymes/,https://pixvo.tech/ar/problemas/dependencia-publicidad-paga/,parent_to_child,Reduce la dependencia de la publicidad pagada,P1,ar
https://pixvo.tech/ar/soluciones/seo-para-pymes/,https://pixvo.tech/ar/problemas/contenido-no-genera-clientes/,internal,"Contenido que no genera clientes: intención, rutas y conversión",P1,ar
https://pixvo.tech/ar/soluciones/seo-para-pymes/,https://pixvo.tech/ar/soluciones/contenido-seo/,parent_to_child,Servicio de contenido SEO,P2,ar
https://pixvo.tech/ar/soluciones/seo-para-pymes/,https://pixvo.tech/ar/soluciones/seo-wordpress/,parent_to_child,SEO para WordPress,P2,ar
https://pixvo.tech/ar/soluciones/seo-para-pymes/,https://pixvo.tech/ar/soluciones/analitica-digital/,internal,Consultoría de analítica digital,P2,ar
https://pixvo.tech/ar/soluciones/seo-para-pymes/,https://pixvo.tech/ar/recursos/seo-vs-google-ads/,internal,SEO vs Google Ads,P2,ar
https://pixvo.tech/ar/soluciones/seo-para-pymes/,https://pixvo.tech/ar/recursos/agencia-seo-vs-consultor-seo/,internal,Agencia SEO vs consultor SEO,P2,ar
https://pixvo.tech/ar/soluciones/seo-para-pymes/,https://pixvo.tech/ar/auditoria-crecimiento-digital/,internal,Solicitar una auditoría,P1,ar
https://pixvo.tech/ar/soluciones/seo-para-pymes/,https://pixvo.tech/ar/planes/,conversion,Comparar planes y precios,P1,ar
https://pixvo.tech/ar/soluciones/seo-para-pymes/,https://pixvo.tech/ar/soluciones/automatizacion-de-procesos/,internal,Automatización,P1,ar
https://pixvo.tech/ar/soluciones/seo-para-pymes/,https://pixvo.tech/ar/soluciones/seguimiento-de-leads/,internal,Seguimiento de leads,P1,ar
https://pixvo.tech/ar/soluciones/seo-para-pymes/,https://pixvo.tech/ar/nosotros/,internal,Nosotros,P3,ar
https://pixvo.tech/ar/soluciones/seo-para-pymes/,https://pixvo.tech/ar/contacto/,internal,Contacto,P3,ar
https://pixvo.tech/ar/soluciones/seo-para-pymes/,https://pixvo.tech/mx/,internal,México,P1,ar
https://pixvo.tech/ar/soluciones/seo-para-pymes/,https://pixvo.tech/es/,internal,España,P1,ar
https://pixvo.tech/ar/soluciones/seo-wordpress/,https://pixvo.tech/ar/sistema-crecimiento-digital/,internal,Sistema de crecimiento,P1,ar
https://pixvo.tech/ar/soluciones/seo-wordpress/,https://pixvo.tech/ar/soluciones/seo-para-pymes/,child_to_parent,SEO para PyMEs,P1,ar
https://pixvo.tech/ar/soluciones/seo-wordpress/,https://pixvo.tech/ar/auditoria-crecimiento-digital/,internal,Auditoría,P1,ar
https://pixvo.tech/ar/soluciones/seo-wordpress/,https://pixvo.tech/ar/planes/,conversion,Planes,P1,ar
https://pixvo.tech/ar/soluciones/seo-wordpress/,https://pixvo.tech/ar/casos-de-exito/,internal,Casos de éxito,P1,ar
https://pixvo.tech/ar/soluciones/seo-wordpress/,https://pixvo.tech/ar/recursos/,internal,Recursos,P2,ar
https://pixvo.tech/ar/soluciones/seo-wordpress/,https://pixvo.tech/ar/blog/,internal,Blog,P2,ar
https://pixvo.tech/ar/soluciones/seo-wordpress/,https://pixvo.tech/ar/solicitar-diagnostico/,conversion,Solicitar diagnóstico,P1,ar
https://pixvo.tech/ar/soluciones/seo-wordpress/,https://pixvo.tech/,internal,Inicio,P1,ar
https://pixvo.tech/ar/soluciones/seo-wordpress/,https://pixvo.tech/ar/,internal,Argentina,P1,ar
https://pixvo.tech/ar/soluciones/seo-wordpress/,https://pixvo.tech/ar/problemas/wordpress-lento/,internal,"WordPress lento: rendimiento, estabilidad y conversión",P1,ar
https://pixvo.tech/ar/soluciones/seo-wordpress/,https://pixvo.tech/ar/soluciones/seo-para-pymes/,child_to_parent,SEO para PyMEs orientado a captar clientes,P1,ar
https://pixvo.tech/ar/soluciones/seo-wordpress/,https://pixvo.tech/ar/soluciones/contenido-seo/,internal,Servicio de contenido SEO,P2,ar
https://pixvo.tech/ar/soluciones/seo-wordpress/,https://pixvo.tech/ar/soluciones/optimizacion-wordpress/,internal,Optimización WordPress para empresas,P2,ar
https://pixvo.tech/ar/soluciones/seo-wordpress/,https://pixvo.tech/ar/recursos/seo-mensual-vs-auditoria/,internal,SEO mensual vs auditoría SEO,P2,ar
https://pixvo.tech/ar/soluciones/seo-wordpress/,https://pixvo.tech/ar/recursos/seo-vs-sistema-de-crecimiento/,internal,SEO vs sistema de crecimiento digital,P2,ar
https://pixvo.tech/ar/soluciones/seo-wordpress/,https://pixvo.tech/ar/casos-de-exito/sanidad-web/,solution_to_case,Sanidad Web,P2,ar
https://pixvo.tech/ar/soluciones/seo-wordpress/,https://pixvo.tech/ar/auditoria-crecimiento-digital/,internal,Solicitar una auditoría,P1,ar
https://pixvo.tech/ar/soluciones/seo-wordpress/,https://pixvo.tech/ar/planes/,conversion,Comparar planes y precios,P1,ar
https://pixvo.tech/ar/soluciones/seo-wordpress/,https://pixvo.tech/ar/soluciones/automatizacion-de-procesos/,internal,Automatización,P1,ar
https://pixvo.tech/ar/soluciones/seo-wordpress/,https://pixvo.tech/ar/soluciones/seguimiento-de-leads/,internal,Seguimiento de leads,P1,ar
https://pixvo.tech/ar/soluciones/seo-wordpress/,https://pixvo.tech/ar/nosotros/,internal,Nosotros,P3,ar
https://pixvo.tech/ar/soluciones/seo-wordpress/,https://pixvo.tech/ar/contacto/,internal,Contacto,P3,ar
https://pixvo.tech/ar/soluciones/seo-wordpress/,https://pixvo.tech/mx/,internal,México,P1,ar
https://pixvo.tech/ar/soluciones/seo-wordpress/,https://pixvo.tech/es/,internal,España,P1,ar
https://pixvo.tech/ar/soluciones/contenido-seo/,https://pixvo.tech/ar/sistema-crecimiento-digital/,internal,Sistema de crecimiento,P1,ar
https://pixvo.tech/ar/soluciones/contenido-seo/,https://pixvo.tech/ar/soluciones/seo-para-pymes/,child_to_parent,SEO para PyMEs,P1,ar
https://pixvo.tech/ar/soluciones/contenido-seo/,https://pixvo.tech/ar/auditoria-crecimiento-digital/,internal,Auditoría,P1,ar
https://pixvo.tech/ar/soluciones/contenido-seo/,https://pixvo.tech/ar/planes/,conversion,Planes,P1,ar
https://pixvo.tech/ar/soluciones/contenido-seo/,https://pixvo.tech/ar/casos-de-exito/,internal,Casos de éxito,P1,ar
https://pixvo.tech/ar/soluciones/contenido-seo/,https://pixvo.tech/ar/recursos/,internal,Recursos,P2,ar
https://pixvo.tech/ar/soluciones/contenido-seo/,https://pixvo.tech/ar/blog/,internal,Blog,P2,ar
https://pixvo.tech/ar/soluciones/contenido-seo/,https://pixvo.tech/ar/solicitar-diagnostico/,conversion,Solicitar diagnóstico,P1,ar
https://pixvo.tech/ar/soluciones/contenido-seo/,https://pixvo.tech/,internal,Inicio,P1,ar
https://pixvo.tech/ar/soluciones/contenido-seo/,https://pixvo.tech/ar/,internal,Argentina,P1,ar
https://pixvo.tech/ar/soluciones/contenido-seo/,https://pixvo.tech/ar/problemas/dependencia-publicidad-paga/,internal,Reduce la dependencia de la publicidad pagada,P1,ar
https://pixvo.tech/ar/soluciones/contenido-seo/,https://pixvo.tech/ar/problemas/contenido-no-genera-clientes/,parent_to_child,"Contenido que no genera clientes: intención, rutas y conversión",P1,ar
https://pixvo.tech/ar/soluciones/contenido-seo/,https://pixvo.tech/ar/soluciones/seo-para-pymes/,child_to_parent,SEO para PyMEs orientado a captar clientes,P1,ar
https://pixvo.tech/ar/soluciones/contenido-seo/,https://pixvo.tech/ar/soluciones/optimizacion-de-conversion/,internal,Optimización de conversión web,P2,ar
https://pixvo.tech/ar/soluciones/contenido-seo/,https://pixvo.tech/ar/soluciones/analitica-digital/,internal,Consultoría de analítica digital,P2,ar
https://pixvo.tech/ar/soluciones/contenido-seo/,https://pixvo.tech/ar/recursos/seo-vs-sistema-de-crecimiento/,internal,SEO vs sistema de crecimiento digital,P2,ar
https://pixvo.tech/ar/soluciones/contenido-seo/,https://pixvo.tech/ar/recursos/seo-mensual-vs-auditoria/,internal,SEO mensual vs auditoría SEO,P2,ar
https://pixvo.tech/ar/soluciones/contenido-seo/,https://pixvo.tech/ar/casos-de-exito/sanidad-web/,solution_to_case,Sanidad Web,P2,ar
https://pixvo.tech/ar/soluciones/contenido-seo/,https://pixvo.tech/ar/auditoria-crecimiento-digital/,internal,Solicitar una auditoría,P1,ar
https://pixvo.tech/ar/soluciones/contenido-seo/,https://pixvo.tech/ar/planes/,conversion,Comparar planes y precios,P1,ar
https://pixvo.tech/ar/soluciones/contenido-seo/,https://pixvo.tech/ar/soluciones/automatizacion-de-procesos/,internal,Automatización,P1,ar
https://pixvo.tech/ar/soluciones/contenido-seo/,https://pixvo.tech/ar/soluciones/seguimiento-de-leads/,internal,Seguimiento de leads,P1,ar
https://pixvo.tech/ar/soluciones/contenido-seo/,https://pixvo.tech/ar/nosotros/,internal,Nosotros,P3,ar
https://pixvo.tech/ar/soluciones/contenido-seo/,https://pixvo.tech/ar/contacto/,internal,Contacto,P3,ar
https://pixvo.tech/ar/soluciones/contenido-seo/,https://pixvo.tech/mx/,internal,México,P1,ar
https://pixvo.tech/ar/soluciones/contenido-seo/,https://pixvo.tech/es/,internal,España,P1,ar
https://pixvo.tech/ar/soluciones/automatizacion-de-procesos/,https://pixvo.tech/ar/sistema-crecimiento-digital/,child_to_parent,Sistema de crecimiento,P1,ar
https://pixvo.tech/ar/soluciones/automatizacion-de-procesos/,https://pixvo.tech/ar/soluciones/seo-para-pymes/,internal,SEO para PyMEs,P1,ar
https://pixvo.tech/ar/soluciones/automatizacion-de-procesos/,https://pixvo.tech/ar/auditoria-crecimiento-digital/,internal,Auditoría,P1,ar
https://pixvo.tech/ar/soluciones/automatizacion-de-procesos/,https://pixvo.tech/ar/planes/,conversion,Planes,P1,ar
https://pixvo.tech/ar/soluciones/automatizacion-de-procesos/,https://pixvo.tech/ar/casos-de-exito/,internal,Casos de éxito,P1,ar
https://pixvo.tech/ar/soluciones/automatizacion-de-procesos/,https://pixvo.tech/ar/recursos/,internal,Recursos,P2,ar
https://pixvo.tech/ar/soluciones/automatizacion-de-procesos/,https://pixvo.tech/ar/blog/,internal,Blog,P2,ar
https://pixvo.tech/ar/soluciones/automatizacion-de-procesos/,https://pixvo.tech/ar/solicitar-diagnostico/,conversion,Solicitar diagnóstico,P1,ar
https://pixvo.tech/ar/soluciones/automatizacion-de-procesos/,https://pixvo.tech/,internal,Inicio,P1,ar
https://pixvo.tech/ar/soluciones/automatizacion-de-procesos/,https://pixvo.tech/ar/,internal,Argentina,P1,ar
https://pixvo.tech/ar/soluciones/automatizacion-de-procesos/,https://pixvo.tech/ar/problemas/reducir-tareas-manuales/,parent_to_child,Automatiza tareas repetitivas que frenan a tu equipo,P1,ar
https://pixvo.tech/ar/soluciones/automatizacion-de-procesos/,https://pixvo.tech/ar/soluciones/seguimiento-de-leads/,internal,Automatización del seguimiento de leads,P1,ar
https://pixvo.tech/ar/soluciones/automatizacion-de-procesos/,https://pixvo.tech/ar/soluciones/analitica-digital/,internal,Consultoría de analítica digital,P2,ar
https://pixvo.tech/ar/soluciones/automatizacion-de-procesos/,https://pixvo.tech/ar/soluciones/automatizacion-de-marketing/,parent_to_child,Automatización de marketing,P2,ar
https://pixvo.tech/ar/soluciones/automatizacion-de-procesos/,https://pixvo.tech/ar/recursos/n8n-vs-zapier/,internal,n8n vs Zapier,P2,ar
https://pixvo.tech/ar/soluciones/automatizacion-de-procesos/,https://pixvo.tech/ar/recursos/crm-vs-automatizacion-de-leads/,internal,CRM vs automatización de leads,P2,ar
https://pixvo.tech/ar/soluciones/automatizacion-de-procesos/,https://pixvo.tech/ar/casos-de-exito/microcuotas/,solution_to_case,Microcuotas,P1,ar
https://pixvo.tech/ar/soluciones/automatizacion-de-procesos/,https://pixvo.tech/ar/casos-de-exito/hospital-metropolitano/,solution_to_case,Hospital Metropolitano,P2,ar
https://pixvo.tech/ar/soluciones/automatizacion-de-procesos/,https://pixvo.tech/ar/auditoria-crecimiento-digital/,internal,Solicitar una auditoría,P1,ar
https://pixvo.tech/ar/soluciones/automatizacion-de-procesos/,https://pixvo.tech/ar/planes/,conversion,Comparar planes y precios,P1,ar
https://pixvo.tech/ar/soluciones/automatizacion-de-procesos/,https://pixvo.tech/ar/soluciones/automatizacion-de-procesos/,internal,Automatización,P1,ar
https://pixvo.tech/ar/soluciones/automatizacion-de-procesos/,https://pixvo.tech/ar/soluciones/seguimiento-de-leads/,internal,Seguimiento de leads,P1,ar
https://pixvo.tech/ar/soluciones/automatizacion-de-procesos/,https://pixvo.tech/ar/nosotros/,internal,Nosotros,P3,ar
https://pixvo.tech/ar/soluciones/automatizacion-de-procesos/,https://pixvo.tech/ar/contacto/,internal,Contacto,P3,ar
https://pixvo.tech/ar/soluciones/automatizacion-de-procesos/,https://pixvo.tech/mx/,internal,México,P1,ar
https://pixvo.tech/ar/soluciones/automatizacion-de-procesos/,https://pixvo.tech/es/,internal,España,P1,ar
https://pixvo.tech/ar/soluciones/automatizacion-de-marketing/,https://pixvo.tech/ar/sistema-crecimiento-digital/,internal,Sistema de crecimiento,P1,ar
https://pixvo.tech/ar/soluciones/automatizacion-de-marketing/,https://pixvo.tech/ar/soluciones/seo-para-pymes/,internal,SEO para PyMEs,P1,ar
https://pixvo.tech/ar/soluciones/automatizacion-de-marketing/,https://pixvo.tech/ar/auditoria-crecimiento-digital/,internal,Auditoría,P1,ar
https://pixvo.tech/ar/soluciones/automatizacion-de-marketing/,https://pixvo.tech/ar/planes/,conversion,Planes,P1,ar
https://pixvo.tech/ar/soluciones/automatizacion-de-marketing/,https://pixvo.tech/ar/casos-de-exito/,internal,Casos de éxito,P1,ar
https://pixvo.tech/ar/soluciones/automatizacion-de-marketing/,https://pixvo.tech/ar/recursos/,internal,Recursos,P2,ar
https://pixvo.tech/ar/soluciones/automatizacion-de-marketing/,https://pixvo.tech/ar/blog/,internal,Blog,P2,ar
https://pixvo.tech/ar/soluciones/automatizacion-de-marketing/,https://pixvo.tech/ar/solicitar-diagnostico/,conversion,Solicitar diagnóstico,P1,ar
https://pixvo.tech/ar/soluciones/automatizacion-de-marketing/,https://pixvo.tech/,internal,Inicio,P1,ar
https://pixvo.tech/ar/soluciones/automatizacion-de-marketing/,https://pixvo.tech/ar/,internal,Argentina,P1,ar
https://pixvo.tech/ar/soluciones/automatizacion-de-marketing/,https://pixvo.tech/ar/problemas/conectar-marketing-y-ventas/,internal,Conecta marketing y ventas sin perder contexto,P1,ar
https://pixvo.tech/ar/soluciones/automatizacion-de-marketing/,https://pixvo.tech/ar/soluciones/seguimiento-de-leads/,internal,Automatización del seguimiento de leads,P1,ar
https://pixvo.tech/ar/soluciones/automatizacion-de-marketing/,https://pixvo.tech/ar/soluciones/contenido-seo/,internal,Servicio de contenido SEO,P2,ar
https://pixvo.tech/ar/soluciones/automatizacion-de-marketing/,https://pixvo.tech/ar/soluciones/analitica-digital/,internal,Consultoría de analítica digital,P2,ar
https://pixvo.tech/ar/soluciones/automatizacion-de-marketing/,https://pixvo.tech/ar/recursos/crm-vs-automatizacion-de-leads/,internal,CRM vs automatización de leads,P2,ar
https://pixvo.tech/ar/soluciones/automatizacion-de-marketing/,https://pixvo.tech/ar/recursos/n8n-vs-zapier/,internal,n8n vs Zapier,P2,ar
https://pixvo.tech/ar/soluciones/automatizacion-de-marketing/,https://pixvo.tech/ar/auditoria-crecimiento-digital/,internal,Solicitar una auditoría,P1,ar
https://pixvo.tech/ar/soluciones/automatizacion-de-marketing/,https://pixvo.tech/ar/planes/,conversion,Comparar planes y precios,P1,ar
https://pixvo.tech/ar/soluciones/automatizacion-de-marketing/,https://pixvo.tech/ar/soluciones/automatizacion-de-procesos/,child_to_parent,Automatización,P1,ar
https://pixvo.tech/ar/soluciones/automatizacion-de-marketing/,https://pixvo.tech/ar/soluciones/seguimiento-de-leads/,internal,Seguimiento de leads,P1,ar
https://pixvo.tech/ar/soluciones/automatizacion-de-marketing/,https://pixvo.tech/ar/nosotros/,internal,Nosotros,P3,ar
https://pixvo.tech/ar/soluciones/automatizacion-de-marketing/,https://pixvo.tech/ar/contacto/,internal,Contacto,P3,ar
https://pixvo.tech/ar/soluciones/automatizacion-de-marketing/,https://pixvo.tech/mx/,internal,México,P1,ar
https://pixvo.tech/ar/soluciones/automatizacion-de-marketing/,https://pixvo.tech/es/,internal,España,P1,ar
https://pixvo.tech/ar/soluciones/seguimiento-de-leads/,https://pixvo.tech/ar/sistema-crecimiento-digital/,child_to_parent,Sistema de crecimiento,P1,ar
https://pixvo.tech/ar/soluciones/seguimiento-de-leads/,https://pixvo.tech/ar/soluciones/seo-para-pymes/,internal,SEO para PyMEs,P1,ar
https://pixvo.tech/ar/soluciones/seguimiento-de-leads/,https://pixvo.tech/ar/auditoria-crecimiento-digital/,internal,Auditoría,P1,ar
https://pixvo.tech/ar/soluciones/seguimiento-de-leads/,https://pixvo.tech/ar/planes/,conversion,Planes,P1,ar
https://pixvo.tech/ar/soluciones/seguimiento-de-leads/,https://pixvo.tech/ar/casos-de-exito/,internal,Casos de éxito,P1,ar
https://pixvo.tech/ar/soluciones/seguimiento-de-leads/,https://pixvo.tech/ar/recursos/,internal,Recursos,P2,ar
https://pixvo.tech/ar/soluciones/seguimiento-de-leads/,https://pixvo.tech/ar/blog/,internal,Blog,P2,ar
https://pixvo.tech/ar/soluciones/seguimiento-de-leads/,https://pixvo.tech/ar/solicitar-diagnostico/,conversion,Solicitar diagnóstico,P1,ar
https://pixvo.tech/ar/soluciones/seguimiento-de-leads/,https://pixvo.tech/,internal,Inicio,P1,ar
https://pixvo.tech/ar/soluciones/seguimiento-de-leads/,https://pixvo.tech/ar/,internal,Argentina,P1,ar
https://pixvo.tech/ar/soluciones/seguimiento-de-leads/,https://pixvo.tech/ar/problemas/leads-no-convierten/,parent_to_child,¿Por qué tus leads no se convierten en clientes?,P1,ar
https://pixvo.tech/ar/soluciones/seguimiento-de-leads/,https://pixvo.tech/ar/problemas/reducir-tareas-manuales/,internal,Automatiza tareas repetitivas que frenan a tu equipo,P1,ar
https://pixvo.tech/ar/soluciones/seguimiento-de-leads/,https://pixvo.tech/ar/soluciones/automatizacion-de-procesos/,internal,Automatización de procesos para PyMEs,P1,ar
https://pixvo.tech/ar/soluciones/seguimiento-de-leads/,https://pixvo.tech/ar/soluciones/analitica-digital/,internal,Consultoría de analítica digital,P2,ar
https://pixvo.tech/ar/soluciones/seguimiento-de-leads/,https://pixvo.tech/ar/soluciones/optimizacion-de-conversion/,internal,Optimización de conversión web,P2,ar
https://pixvo.tech/ar/soluciones/seguimiento-de-leads/,https://pixvo.tech/ar/recursos/crm-vs-automatizacion-de-leads/,internal,CRM vs automatización de leads,P2,ar
https://pixvo.tech/ar/soluciones/seguimiento-de-leads/,https://pixvo.tech/ar/recursos/n8n-vs-zapier/,internal,n8n vs Zapier,P2,ar
https://pixvo.tech/ar/soluciones/seguimiento-de-leads/,https://pixvo.tech/ar/casos-de-exito/microcuotas/,solution_to_case,Microcuotas,P1,ar
https://pixvo.tech/ar/soluciones/seguimiento-de-leads/,https://pixvo.tech/ar/auditoria-crecimiento-digital/,internal,Solicitar una auditoría,P1,ar
https://pixvo.tech/ar/soluciones/seguimiento-de-leads/,https://pixvo.tech/ar/planes/,conversion,Comparar planes y precios,P1,ar
https://pixvo.tech/ar/soluciones/seguimiento-de-leads/,https://pixvo.tech/ar/soluciones/automatizacion-de-procesos/,internal,Automatización,P1,ar
https://pixvo.tech/ar/soluciones/seguimiento-de-leads/,https://pixvo.tech/ar/soluciones/seguimiento-de-leads/,internal,Seguimiento de leads,P1,ar
https://pixvo.tech/ar/soluciones/seguimiento-de-leads/,https://pixvo.tech/ar/nosotros/,internal,Nosotros,P3,ar
https://pixvo.tech/ar/soluciones/seguimiento-de-leads/,https://pixvo.tech/ar/contacto/,internal,Contacto,P3,ar
https://pixvo.tech/ar/soluciones/seguimiento-de-leads/,https://pixvo.tech/mx/,internal,México,P1,ar
https://pixvo.tech/ar/soluciones/seguimiento-de-leads/,https://pixvo.tech/es/,internal,España,P1,ar
https://pixvo.tech/ar/soluciones/analitica-digital/,https://pixvo.tech/ar/sistema-crecimiento-digital/,child_to_parent,Sistema de crecimiento,P1,ar
https://pixvo.tech/ar/soluciones/analitica-digital/,https://pixvo.tech/ar/soluciones/seo-para-pymes/,internal,SEO para PyMEs,P1,ar
https://pixvo.tech/ar/soluciones/analitica-digital/,https://pixvo.tech/ar/auditoria-crecimiento-digital/,internal,Auditoría,P1,ar
https://pixvo.tech/ar/soluciones/analitica-digital/,https://pixvo.tech/ar/planes/,conversion,Planes,P1,ar
https://pixvo.tech/ar/soluciones/analitica-digital/,https://pixvo.tech/ar/casos-de-exito/,internal,Casos de éxito,P1,ar
https://pixvo.tech/ar/soluciones/analitica-digital/,https://pixvo.tech/ar/recursos/,internal,Recursos,P2,ar
https://pixvo.tech/ar/soluciones/analitica-digital/,https://pixvo.tech/ar/blog/,internal,Blog,P2,ar
https://pixvo.tech/ar/soluciones/analitica-digital/,https://pixvo.tech/ar/solicitar-diagnostico/,conversion,Solicitar diagnóstico,P1,ar
https://pixvo.tech/ar/soluciones/analitica-digital/,https://pixvo.tech/,internal,Inicio,P1,ar
https://pixvo.tech/ar/soluciones/analitica-digital/,https://pixvo.tech/ar/,internal,Argentina,P1,ar
https://pixvo.tech/ar/soluciones/analitica-digital/,https://pixvo.tech/ar/problemas/leads-no-convierten/,internal,¿Por qué tus leads no se convierten en clientes?,P1,ar
https://pixvo.tech/ar/soluciones/analitica-digital/,https://pixvo.tech/ar/problemas/medir-resultados-marketing/,parent_to_child,Mide qué acciones generan oportunidades,P1,ar
https://pixvo.tech/ar/soluciones/analitica-digital/,https://pixvo.tech/ar/soluciones/seguimiento-de-leads/,internal,Automatización del seguimiento de leads,P1,ar
https://pixvo.tech/ar/soluciones/analitica-digital/,https://pixvo.tech/ar/soluciones/seo-para-pymes/,internal,SEO para PyMEs orientado a captar clientes,P1,ar
https://pixvo.tech/ar/soluciones/analitica-digital/,https://pixvo.tech/ar/soluciones/optimizacion-de-conversion/,internal,Optimización de conversión web,P2,ar
https://pixvo.tech/ar/soluciones/analitica-digital/,https://pixvo.tech/ar/recursos/seo-vs-google-ads/,internal,SEO vs Google Ads,P2,ar
https://pixvo.tech/ar/soluciones/analitica-digital/,https://pixvo.tech/ar/recursos/n8n-vs-zapier/,internal,n8n vs Zapier,P2,ar
https://pixvo.tech/ar/soluciones/analitica-digital/,https://pixvo.tech/ar/casos-de-exito/microcuotas/,solution_to_case,Microcuotas,P1,ar
https://pixvo.tech/ar/soluciones/analitica-digital/,https://pixvo.tech/ar/casos-de-exito/hospital-metropolitano/,solution_to_case,Hospital Metropolitano,P2,ar
https://pixvo.tech/ar/soluciones/analitica-digital/,https://pixvo.tech/ar/auditoria-crecimiento-digital/,internal,Solicitar una auditoría,P1,ar
https://pixvo.tech/ar/soluciones/analitica-digital/,https://pixvo.tech/ar/planes/,conversion,Comparar planes y precios,P1,ar
https://pixvo.tech/ar/soluciones/analitica-digital/,https://pixvo.tech/ar/soluciones/automatizacion-de-procesos/,internal,Automatización,P1,ar
https://pixvo.tech/ar/soluciones/analitica-digital/,https://pixvo.tech/ar/soluciones/seguimiento-de-leads/,internal,Seguimiento de leads,P1,ar
https://pixvo.tech/ar/soluciones/analitica-digital/,https://pixvo.tech/ar/nosotros/,internal,Nosotros,P3,ar
https://pixvo.tech/ar/soluciones/analitica-digital/,https://pixvo.tech/ar/contacto/,internal,Contacto,P3,ar
https://pixvo.tech/ar/soluciones/analitica-digital/,https://pixvo.tech/mx/,internal,México,P1,ar
https://pixvo.tech/ar/soluciones/analitica-digital/,https://pixvo.tech/es/,internal,España,P1,ar
https://pixvo.tech/ar/soluciones/optimizacion-wordpress/,https://pixvo.tech/ar/sistema-crecimiento-digital/,child_to_parent,Sistema de crecimiento,P1,ar
https://pixvo.tech/ar/soluciones/optimizacion-wordpress/,https://pixvo.tech/ar/soluciones/seo-para-pymes/,internal,SEO para PyMEs,P1,ar
https://pixvo.tech/ar/soluciones/optimizacion-wordpress/,https://pixvo.tech/ar/auditoria-crecimiento-digital/,internal,Auditoría,P1,ar
https://pixvo.tech/ar/soluciones/optimizacion-wordpress/,https://pixvo.tech/ar/planes/,conversion,Planes,P1,ar
https://pixvo.tech/ar/soluciones/optimizacion-wordpress/,https://pixvo.tech/ar/casos-de-exito/,internal,Casos de éxito,P1,ar
https://pixvo.tech/ar/soluciones/optimizacion-wordpress/,https://pixvo.tech/ar/recursos/,internal,Recursos,P2,ar
https://pixvo.tech/ar/soluciones/optimizacion-wordpress/,https://pixvo.tech/ar/blog/,internal,Blog,P2,ar
https://pixvo.tech/ar/soluciones/optimizacion-wordpress/,https://pixvo.tech/ar/solicitar-diagnostico/,conversion,Solicitar diagnóstico,P1,ar
https://pixvo.tech/ar/soluciones/optimizacion-wordpress/,https://pixvo.tech/,internal,Inicio,P1,ar
https://pixvo.tech/ar/soluciones/optimizacion-wordpress/,https://pixvo.tech/ar/,internal,Argentina,P1,ar
https://pixvo.tech/ar/soluciones/optimizacion-wordpress/,https://pixvo.tech/ar/problemas/web-no-convierte/,internal,"Mi web recibe visitas, pero no vende ni genera oportunidades",P1,ar
https://pixvo.tech/ar/soluciones/optimizacion-wordpress/,https://pixvo.tech/ar/problemas/wordpress-lento/,parent_to_child,"WordPress lento: rendimiento, estabilidad y conversión",P1,ar
https://pixvo.tech/ar/soluciones/optimizacion-wordpress/,https://pixvo.tech/ar/soluciones/optimizacion-de-conversion/,internal,Optimización de conversión web,P2,ar
https://pixvo.tech/ar/soluciones/optimizacion-wordpress/,https://pixvo.tech/ar/soluciones/seo-wordpress/,internal,SEO para WordPress,P2,ar
https://pixvo.tech/ar/soluciones/optimizacion-wordpress/,https://pixvo.tech/ar/soluciones/analitica-digital/,internal,Consultoría de analítica digital,P2,ar
https://pixvo.tech/ar/soluciones/optimizacion-wordpress/,https://pixvo.tech/ar/recursos/rediseno-web-vs-optimizacion-cro/,internal,Rediseño web vs optimización CRO,P2,ar
https://pixvo.tech/ar/soluciones/optimizacion-wordpress/,https://pixvo.tech/ar/recursos/seo-mensual-vs-auditoria/,internal,SEO mensual vs auditoría SEO,P2,ar
https://pixvo.tech/ar/soluciones/optimizacion-wordpress/,https://pixvo.tech/ar/casos-de-exito/sanidad-web/,solution_to_case,Sanidad Web,P2,ar
https://pixvo.tech/ar/soluciones/optimizacion-wordpress/,https://pixvo.tech/ar/auditoria-crecimiento-digital/,internal,Solicitar una auditoría,P1,ar
https://pixvo.tech/ar/soluciones/optimizacion-wordpress/,https://pixvo.tech/ar/planes/,conversion,Comparar planes y precios,P1,ar
https://pixvo.tech/ar/soluciones/optimizacion-wordpress/,https://pixvo.tech/ar/soluciones/automatizacion-de-procesos/,internal,Automatización,P1,ar
https://pixvo.tech/ar/soluciones/optimizacion-wordpress/,https://pixvo.tech/ar/soluciones/seguimiento-de-leads/,internal,Seguimiento de leads,P1,ar
https://pixvo.tech/ar/soluciones/optimizacion-wordpress/,https://pixvo.tech/ar/nosotros/,internal,Nosotros,P3,ar
https://pixvo.tech/ar/soluciones/optimizacion-wordpress/,https://pixvo.tech/ar/contacto/,internal,Contacto,P3,ar
https://pixvo.tech/ar/soluciones/optimizacion-wordpress/,https://pixvo.tech/mx/,internal,México,P1,ar
https://pixvo.tech/ar/soluciones/optimizacion-wordpress/,https://pixvo.tech/es/,internal,España,P1,ar
https://pixvo.tech/ar/soluciones/optimizacion-de-conversion/,https://pixvo.tech/ar/sistema-crecimiento-digital/,child_to_parent,Sistema de crecimiento,P1,ar
https://pixvo.tech/ar/soluciones/optimizacion-de-conversion/,https://pixvo.tech/ar/soluciones/seo-para-pymes/,internal,SEO para PyMEs,P1,ar
https://pixvo.tech/ar/soluciones/optimizacion-de-conversion/,https://pixvo.tech/ar/auditoria-crecimiento-digital/,internal,Auditoría,P1,ar
https://pixvo.tech/ar/soluciones/optimizacion-de-conversion/,https://pixvo.tech/ar/planes/,conversion,Planes,P1,ar
https://pixvo.tech/ar/soluciones/optimizacion-de-conversion/,https://pixvo.tech/ar/casos-de-exito/,internal,Casos de éxito,P1,ar
https://pixvo.tech/ar/soluciones/optimizacion-de-conversion/,https://pixvo.tech/ar/recursos/,internal,Recursos,P2,ar
https://pixvo.tech/ar/soluciones/optimizacion-de-conversion/,https://pixvo.tech/ar/blog/,internal,Blog,P2,ar
https://pixvo.tech/ar/soluciones/optimizacion-de-conversion/,https://pixvo.tech/ar/solicitar-diagnostico/,conversion,Solicitar diagnóstico,P1,ar
https://pixvo.tech/ar/soluciones/optimizacion-de-conversion/,https://pixvo.tech/,internal,Inicio,P1,ar
https://pixvo.tech/ar/soluciones/optimizacion-de-conversion/,https://pixvo.tech/ar/,internal,Argentina,P1,ar
https://pixvo.tech/ar/soluciones/optimizacion-de-conversion/,https://pixvo.tech/ar/problemas/web-no-convierte/,parent_to_child,"Mi web recibe visitas, pero no vende ni genera oportunidades",P1,ar
https://pixvo.tech/ar/soluciones/optimizacion-de-conversion/,https://pixvo.tech/ar/soluciones/analitica-digital/,internal,Consultoría de analítica digital,P2,ar
https://pixvo.tech/ar/soluciones/optimizacion-de-conversion/,https://pixvo.tech/ar/soluciones/optimizacion-wordpress/,internal,Optimización WordPress para empresas,P2,ar
https://pixvo.tech/ar/soluciones/optimizacion-de-conversion/,https://pixvo.tech/ar/soluciones/contenido-seo/,internal,Servicio de contenido SEO,P2,ar
https://pixvo.tech/ar/soluciones/optimizacion-de-conversion/,https://pixvo.tech/ar/recursos/rediseno-web-vs-optimizacion-cro/,internal,Rediseño web vs optimización CRO,P2,ar
https://pixvo.tech/ar/soluciones/optimizacion-de-conversion/,https://pixvo.tech/ar/auditoria-crecimiento-digital/,internal,Solicitar una auditoría,P1,ar
https://pixvo.tech/ar/soluciones/optimizacion-de-conversion/,https://pixvo.tech/ar/planes/,conversion,Comparar planes y precios,P1,ar
https://pixvo.tech/ar/soluciones/optimizacion-de-conversion/,https://pixvo.tech/ar/soluciones/automatizacion-de-procesos/,internal,Automatización,P1,ar
https://pixvo.tech/ar/soluciones/optimizacion-de-conversion/,https://pixvo.tech/ar/soluciones/seguimiento-de-leads/,internal,Seguimiento de leads,P1,ar
https://pixvo.tech/ar/soluciones/optimizacion-de-conversion/,https://pixvo.tech/ar/nosotros/,internal,Nosotros,P3,ar
https://pixvo.tech/ar/soluciones/optimizacion-de-conversion/,https://pixvo.tech/ar/contacto/,internal,Contacto,P3,ar
https://pixvo.tech/ar/soluciones/optimizacion-de-conversion/,https://pixvo.tech/mx/,internal,México,P1,ar
https://pixvo.tech/ar/soluciones/optimizacion-de-conversion/,https://pixvo.tech/es/,internal,España,P1,ar
https://pixvo.tech/ar/problemas/leads-no-convierten/,https://pixvo.tech/ar/sistema-crecimiento-digital/,internal,Sistema de crecimiento,P1,ar
https://pixvo.tech/ar/problemas/leads-no-convierten/,https://pixvo.tech/ar/soluciones/seo-para-pymes/,problem_to_solution,SEO para PyMEs,P1,ar
https://pixvo.tech/ar/problemas/leads-no-convierten/,https://pixvo.tech/ar/auditoria-crecimiento-digital/,internal,Auditoría,P1,ar
https://pixvo.tech/ar/problemas/leads-no-convierten/,https://pixvo.tech/ar/planes/,conversion,Planes,P1,ar
https://pixvo.tech/ar/problemas/leads-no-convierten/,https://pixvo.tech/ar/casos-de-exito/,internal,Casos de éxito,P1,ar
https://pixvo.tech/ar/problemas/leads-no-convierten/,https://pixvo.tech/ar/recursos/,internal,Recursos,P2,ar
https://pixvo.tech/ar/problemas/leads-no-convierten/,https://pixvo.tech/ar/blog/,internal,Blog,P2,ar
https://pixvo.tech/ar/problemas/leads-no-convierten/,https://pixvo.tech/ar/solicitar-diagnostico/,conversion,Solicitar diagnóstico,P1,ar
https://pixvo.tech/ar/problemas/leads-no-convierten/,https://pixvo.tech/,internal,Inicio,P1,ar
https://pixvo.tech/ar/problemas/leads-no-convierten/,https://pixvo.tech/ar/,internal,Argentina,P1,ar
https://pixvo.tech/ar/problemas/leads-no-convierten/,https://pixvo.tech/ar/soluciones/seguimiento-de-leads/,child_to_parent,Automatización del seguimiento de leads,P1,ar
https://pixvo.tech/ar/problemas/leads-no-convierten/,https://pixvo.tech/ar/soluciones/analitica-digital/,problem_to_solution,Consultoría de analítica digital,P2,ar
https://pixvo.tech/ar/problemas/leads-no-convierten/,https://pixvo.tech/ar/auditoria-crecimiento-digital/,internal,Auditoría de crecimiento digital,P1,ar
https://pixvo.tech/ar/problemas/leads-no-convierten/,https://pixvo.tech/ar/auditoria-crecimiento-digital/,internal,Auditar por qué tus leads no avanzan,P1,ar
https://pixvo.tech/ar/problemas/leads-no-convierten/,https://pixvo.tech/ar/soluciones/automatizacion-de-procesos/,problem_to_solution,Automatización,P1,ar
https://pixvo.tech/ar/problemas/leads-no-convierten/,https://pixvo.tech/ar/soluciones/seguimiento-de-leads/,child_to_parent,Seguimiento de leads,P1,ar
https://pixvo.tech/ar/problemas/leads-no-convierten/,https://pixvo.tech/ar/nosotros/,internal,Nosotros,P3,ar
https://pixvo.tech/ar/problemas/leads-no-convierten/,https://pixvo.tech/ar/contacto/,internal,Contacto,P3,ar
https://pixvo.tech/ar/problemas/leads-no-convierten/,https://pixvo.tech/mx/,internal,México,P1,ar
https://pixvo.tech/ar/problemas/leads-no-convierten/,https://pixvo.tech/es/,internal,España,P1,ar
https://pixvo.tech/ar/problemas/reducir-tareas-manuales/,https://pixvo.tech/ar/sistema-crecimiento-digital/,internal,Sistema de crecimiento,P1,ar
https://pixvo.tech/ar/problemas/reducir-tareas-manuales/,https://pixvo.tech/ar/soluciones/seo-para-pymes/,problem_to_solution,SEO para PyMEs,P1,ar
https://pixvo.tech/ar/problemas/reducir-tareas-manuales/,https://pixvo.tech/ar/auditoria-crecimiento-digital/,internal,Auditoría,P1,ar
https://pixvo.tech/ar/problemas/reducir-tareas-manuales/,https://pixvo.tech/ar/planes/,conversion,Planes,P1,ar
https://pixvo.tech/ar/problemas/reducir-tareas-manuales/,https://pixvo.tech/ar/casos-de-exito/,internal,Casos de éxito,P1,ar
https://pixvo.tech/ar/problemas/reducir-tareas-manuales/,https://pixvo.tech/ar/recursos/,internal,Recursos,P2,ar
https://pixvo.tech/ar/problemas/reducir-tareas-manuales/,https://pixvo.tech/ar/blog/,internal,Blog,P2,ar
https://pixvo.tech/ar/problemas/reducir-tareas-manuales/,https://pixvo.tech/ar/solicitar-diagnostico/,conversion,Solicitar diagnóstico,P1,ar
https://pixvo.tech/ar/problemas/reducir-tareas-manuales/,https://pixvo.tech/,internal,Inicio,P1,ar
https://pixvo.tech/ar/problemas/reducir-tareas-manuales/,https://pixvo.tech/ar/,internal,Argentina,P1,ar
https://pixvo.tech/ar/problemas/reducir-tareas-manuales/,https://pixvo.tech/ar/soluciones/automatizacion-de-procesos/,child_to_parent,Automatización de procesos para PyMEs,P1,ar
https://pixvo.tech/ar/problemas/reducir-tareas-manuales/,https://pixvo.tech/ar/soluciones/seguimiento-de-leads/,problem_to_solution,Automatización del seguimiento de leads,P1,ar
https://pixvo.tech/ar/problemas/reducir-tareas-manuales/,https://pixvo.tech/ar/auditoria-crecimiento-digital/,internal,Auditoría de crecimiento digital,P1,ar
https://pixvo.tech/ar/problemas/reducir-tareas-manuales/,https://pixvo.tech/ar/solicitar-diagnostico/,conversion,Detectar qué tareas conviene automatizar,P1,ar
https://pixvo.tech/ar/problemas/reducir-tareas-manuales/,https://pixvo.tech/ar/soluciones/automatizacion-de-procesos/,child_to_parent,Automatización,P1,ar
https://pixvo.tech/ar/problemas/reducir-tareas-manuales/,https://pixvo.tech/ar/soluciones/seguimiento-de-leads/,problem_to_solution,Seguimiento de leads,P1,ar
https://pixvo.tech/ar/problemas/reducir-tareas-manuales/,https://pixvo.tech/ar/nosotros/,internal,Nosotros,P3,ar
https://pixvo.tech/ar/problemas/reducir-tareas-manuales/,https://pixvo.tech/ar/contacto/,internal,Contacto,P3,ar
https://pixvo.tech/ar/problemas/reducir-tareas-manuales/,https://pixvo.tech/mx/,internal,México,P1,ar
https://pixvo.tech/ar/problemas/reducir-tareas-manuales/,https://pixvo.tech/es/,internal,España,P1,ar
https://pixvo.tech/ar/problemas/web-no-convierte/,https://pixvo.tech/ar/sistema-crecimiento-digital/,internal,Sistema de crecimiento,P1,ar
https://pixvo.tech/ar/problemas/web-no-convierte/,https://pixvo.tech/ar/soluciones/seo-para-pymes/,problem_to_solution,SEO para PyMEs,P1,ar
https://pixvo.tech/ar/problemas/web-no-convierte/,https://pixvo.tech/ar/auditoria-crecimiento-digital/,internal,Auditoría,P1,ar
https://pixvo.tech/ar/problemas/web-no-convierte/,https://pixvo.tech/ar/planes/,conversion,Planes,P1,ar
https://pixvo.tech/ar/problemas/web-no-convierte/,https://pixvo.tech/ar/casos-de-exito/,internal,Casos de éxito,P1,ar
https://pixvo.tech/ar/problemas/web-no-convierte/,https://pixvo.tech/ar/recursos/,internal,Recursos,P2,ar
https://pixvo.tech/ar/problemas/web-no-convierte/,https://pixvo.tech/ar/blog/,internal,Blog,P2,ar
https://pixvo.tech/ar/problemas/web-no-convierte/,https://pixvo.tech/ar/solicitar-diagnostico/,conversion,Solicitar diagnóstico,P1,ar
https://pixvo.tech/ar/problemas/web-no-convierte/,https://pixvo.tech/,internal,Inicio,P1,ar
https://pixvo.tech/ar/problemas/web-no-convierte/,https://pixvo.tech/ar/,internal,Argentina,P1,ar
https://pixvo.tech/ar/problemas/web-no-convierte/,https://pixvo.tech/ar/soluciones/optimizacion-de-conversion/,child_to_parent,Optimización de conversión web,P2,ar
https://pixvo.tech/ar/problemas/web-no-convierte/,https://pixvo.tech/ar/soluciones/optimizacion-wordpress/,problem_to_solution,Optimización WordPress para empresas,P2,ar
https://pixvo.tech/ar/problemas/web-no-convierte/,https://pixvo.tech/ar/auditoria-crecimiento-digital/,internal,Auditoría de crecimiento digital,P1,ar
https://pixvo.tech/ar/problemas/web-no-convierte/,https://pixvo.tech/ar/auditoria-crecimiento-digital/,internal,Auditar por qué tu web no convierte,P1,ar
https://pixvo.tech/ar/problemas/web-no-convierte/,https://pixvo.tech/ar/soluciones/automatizacion-de-procesos/,problem_to_solution,Automatización,P1,ar
https://pixvo.tech/ar/problemas/web-no-convierte/,https://pixvo.tech/ar/soluciones/seguimiento-de-leads/,problem_to_solution,Seguimiento de leads,P1,ar
https://pixvo.tech/ar/problemas/web-no-convierte/,https://pixvo.tech/ar/nosotros/,internal,Nosotros,P3,ar
https://pixvo.tech/ar/problemas/web-no-convierte/,https://pixvo.tech/ar/contacto/,internal,Contacto,P3,ar
https://pixvo.tech/ar/problemas/web-no-convierte/,https://pixvo.tech/mx/,internal,México,P1,ar
https://pixvo.tech/ar/problemas/web-no-convierte/,https://pixvo.tech/es/,internal,España,P1,ar
https://pixvo.tech/ar/problemas/dependencia-publicidad-paga/,https://pixvo.tech/ar/sistema-crecimiento-digital/,internal,Sistema de crecimiento,P1,ar
https://pixvo.tech/ar/problemas/dependencia-publicidad-paga/,https://pixvo.tech/ar/soluciones/seo-para-pymes/,child_to_parent,SEO para PyMEs,P1,ar
https://pixvo.tech/ar/problemas/dependencia-publicidad-paga/,https://pixvo.tech/ar/auditoria-crecimiento-digital/,internal,Auditoría,P1,ar
https://pixvo.tech/ar/problemas/dependencia-publicidad-paga/,https://pixvo.tech/ar/planes/,conversion,Planes,P1,ar
https://pixvo.tech/ar/problemas/dependencia-publicidad-paga/,https://pixvo.tech/ar/casos-de-exito/,internal,Casos de éxito,P1,ar
https://pixvo.tech/ar/problemas/dependencia-publicidad-paga/,https://pixvo.tech/ar/recursos/,internal,Recursos,P2,ar
https://pixvo.tech/ar/problemas/dependencia-publicidad-paga/,https://pixvo.tech/ar/blog/,internal,Blog,P2,ar
https://pixvo.tech/ar/problemas/dependencia-publicidad-paga/,https://pixvo.tech/ar/solicitar-diagnostico/,conversion,Solicitar diagnóstico,P1,ar
https://pixvo.tech/ar/problemas/dependencia-publicidad-paga/,https://pixvo.tech/,internal,Inicio,P1,ar
https://pixvo.tech/ar/problemas/dependencia-publicidad-paga/,https://pixvo.tech/ar/,internal,Argentina,P1,ar
https://pixvo.tech/ar/problemas/dependencia-publicidad-paga/,https://pixvo.tech/ar/soluciones/seo-para-pymes/,child_to_parent,SEO para PyMEs orientado a captar clientes,P1,ar
https://pixvo.tech/ar/problemas/dependencia-publicidad-paga/,https://pixvo.tech/ar/soluciones/contenido-seo/,problem_to_solution,Servicio de contenido SEO,P2,ar
https://pixvo.tech/ar/problemas/dependencia-publicidad-paga/,https://pixvo.tech/ar/auditoria-crecimiento-digital/,internal,Auditoría de crecimiento digital,P1,ar
https://pixvo.tech/ar/problemas/dependencia-publicidad-paga/,https://pixvo.tech/ar/auditoria-crecimiento-digital/,internal,Evaluar una ruta orgánica sostenible,P1,ar
https://pixvo.tech/ar/problemas/dependencia-publicidad-paga/,https://pixvo.tech/ar/soluciones/automatizacion-de-procesos/,problem_to_solution,Automatización,P1,ar
https://pixvo.tech/ar/problemas/dependencia-publicidad-paga/,https://pixvo.tech/ar/soluciones/seguimiento-de-leads/,problem_to_solution,Seguimiento de leads,P1,ar
https://pixvo.tech/ar/problemas/dependencia-publicidad-paga/,https://pixvo.tech/ar/nosotros/,internal,Nosotros,P3,ar
https://pixvo.tech/ar/problemas/dependencia-publicidad-paga/,https://pixvo.tech/ar/contacto/,internal,Contacto,P3,ar
https://pixvo.tech/ar/problemas/dependencia-publicidad-paga/,https://pixvo.tech/mx/,internal,México,P1,ar
https://pixvo.tech/ar/problemas/dependencia-publicidad-paga/,https://pixvo.tech/es/,internal,España,P1,ar
https://pixvo.tech/ar/problemas/medir-resultados-marketing/,https://pixvo.tech/ar/sistema-crecimiento-digital/,internal,Sistema de crecimiento,P1,ar
https://pixvo.tech/ar/problemas/medir-resultados-marketing/,https://pixvo.tech/ar/soluciones/seo-para-pymes/,problem_to_solution,SEO para PyMEs,P1,ar
https://pixvo.tech/ar/problemas/medir-resultados-marketing/,https://pixvo.tech/ar/auditoria-crecimiento-digital/,internal,Auditoría,P1,ar
https://pixvo.tech/ar/problemas/medir-resultados-marketing/,https://pixvo.tech/ar/planes/,conversion,Planes,P1,ar
https://pixvo.tech/ar/problemas/medir-resultados-marketing/,https://pixvo.tech/ar/casos-de-exito/,internal,Casos de éxito,P1,ar
https://pixvo.tech/ar/problemas/medir-resultados-marketing/,https://pixvo.tech/ar/recursos/,internal,Recursos,P2,ar
https://pixvo.tech/ar/problemas/medir-resultados-marketing/,https://pixvo.tech/ar/blog/,internal,Blog,P2,ar
https://pixvo.tech/ar/problemas/medir-resultados-marketing/,https://pixvo.tech/ar/solicitar-diagnostico/,conversion,Solicitar diagnóstico,P1,ar
https://pixvo.tech/ar/problemas/medir-resultados-marketing/,https://pixvo.tech/,internal,Inicio,P1,ar
https://pixvo.tech/ar/problemas/medir-resultados-marketing/,https://pixvo.tech/ar/,internal,Argentina,P1,ar
https://pixvo.tech/ar/problemas/medir-resultados-marketing/,https://pixvo.tech/ar/soluciones/analitica-digital/,child_to_parent,Consultoría de analítica digital,P2,ar
https://pixvo.tech/ar/problemas/medir-resultados-marketing/,https://pixvo.tech/ar/soluciones/seguimiento-de-leads/,problem_to_solution,Automatización del seguimiento de leads,P1,ar
https://pixvo.tech/ar/problemas/medir-resultados-marketing/,https://pixvo.tech/ar/auditoria-crecimiento-digital/,internal,Auditoría de crecimiento digital,P1,ar
https://pixvo.tech/ar/problemas/medir-resultados-marketing/,https://pixvo.tech/ar/auditoria-crecimiento-digital/,internal,Revisar la trazabilidad de tu marketing,P1,ar
https://pixvo.tech/ar/problemas/medir-resultados-marketing/,https://pixvo.tech/ar/soluciones/automatizacion-de-procesos/,problem_to_solution,Automatización,P1,ar
https://pixvo.tech/ar/problemas/medir-resultados-marketing/,https://pixvo.tech/ar/soluciones/seguimiento-de-leads/,problem_to_solution,Seguimiento de leads,P1,ar
https://pixvo.tech/ar/problemas/medir-resultados-marketing/,https://pixvo.tech/ar/nosotros/,internal,Nosotros,P3,ar
https://pixvo.tech/ar/problemas/medir-resultados-marketing/,https://pixvo.tech/ar/contacto/,internal,Contacto,P3,ar
https://pixvo.tech/ar/problemas/medir-resultados-marketing/,https://pixvo.tech/mx/,internal,México,P1,ar
https://pixvo.tech/ar/problemas/medir-resultados-marketing/,https://pixvo.tech/es/,internal,España,P1,ar
https://pixvo.tech/ar/problemas/conectar-marketing-y-ventas/,https://pixvo.tech/ar/sistema-crecimiento-digital/,internal,Sistema de crecimiento,P1,ar
https://pixvo.tech/ar/problemas/conectar-marketing-y-ventas/,https://pixvo.tech/ar/soluciones/seo-para-pymes/,problem_to_solution,SEO para PyMEs,P1,ar
https://pixvo.tech/ar/problemas/conectar-marketing-y-ventas/,https://pixvo.tech/ar/auditoria-crecimiento-digital/,internal,Auditoría,P1,ar
https://pixvo.tech/ar/problemas/conectar-marketing-y-ventas/,https://pixvo.tech/ar/planes/,conversion,Planes,P1,ar
https://pixvo.tech/ar/problemas/conectar-marketing-y-ventas/,https://pixvo.tech/ar/casos-de-exito/,internal,Casos de éxito,P1,ar
https://pixvo.tech/ar/problemas/conectar-marketing-y-ventas/,https://pixvo.tech/ar/recursos/,internal,Recursos,P2,ar
https://pixvo.tech/ar/problemas/conectar-marketing-y-ventas/,https://pixvo.tech/ar/blog/,internal,Blog,P2,ar
https://pixvo.tech/ar/problemas/conectar-marketing-y-ventas/,https://pixvo.tech/ar/solicitar-diagnostico/,conversion,Solicitar diagnóstico,P1,ar
https://pixvo.tech/ar/problemas/conectar-marketing-y-ventas/,https://pixvo.tech/,internal,Inicio,P1,ar
https://pixvo.tech/ar/problemas/conectar-marketing-y-ventas/,https://pixvo.tech/ar/,internal,Argentina,P1,ar
https://pixvo.tech/ar/problemas/conectar-marketing-y-ventas/,https://pixvo.tech/ar/soluciones/seguimiento-de-leads/,child_to_parent,Automatización del seguimiento de leads,P1,ar
https://pixvo.tech/ar/problemas/conectar-marketing-y-ventas/,https://pixvo.tech/ar/soluciones/automatizacion-de-marketing/,problem_to_solution,Automatización de marketing,P2,ar
https://pixvo.tech/ar/problemas/conectar-marketing-y-ventas/,https://pixvo.tech/ar/auditoria-crecimiento-digital/,internal,Auditoría de crecimiento digital,P1,ar
https://pixvo.tech/ar/problemas/conectar-marketing-y-ventas/,https://pixvo.tech/ar/solicitar-diagnostico/,conversion,Diagnosticar la entrega entre marketing y ventas,P1,ar
https://pixvo.tech/ar/problemas/conectar-marketing-y-ventas/,https://pixvo.tech/ar/soluciones/automatizacion-de-procesos/,problem_to_solution,Automatización,P1,ar
https://pixvo.tech/ar/problemas/conectar-marketing-y-ventas/,https://pixvo.tech/ar/soluciones/seguimiento-de-leads/,child_to_parent,Seguimiento de leads,P1,ar
https://pixvo.tech/ar/problemas/conectar-marketing-y-ventas/,https://pixvo.tech/ar/nosotros/,internal,Nosotros,P3,ar
https://pixvo.tech/ar/problemas/conectar-marketing-y-ventas/,https://pixvo.tech/ar/contacto/,internal,Contacto,P3,ar
https://pixvo.tech/ar/problemas/conectar-marketing-y-ventas/,https://pixvo.tech/mx/,internal,México,P1,ar
https://pixvo.tech/ar/problemas/conectar-marketing-y-ventas/,https://pixvo.tech/es/,internal,España,P1,ar
https://pixvo.tech/ar/problemas/wordpress-lento/,https://pixvo.tech/ar/sistema-crecimiento-digital/,internal,Sistema de crecimiento,P1,ar
https://pixvo.tech/ar/problemas/wordpress-lento/,https://pixvo.tech/ar/soluciones/seo-para-pymes/,problem_to_solution,SEO para PyMEs,P1,ar
https://pixvo.tech/ar/problemas/wordpress-lento/,https://pixvo.tech/ar/auditoria-crecimiento-digital/,internal,Auditoría,P1,ar
https://pixvo.tech/ar/problemas/wordpress-lento/,https://pixvo.tech/ar/planes/,conversion,Planes,P1,ar
https://pixvo.tech/ar/problemas/wordpress-lento/,https://pixvo.tech/ar/casos-de-exito/,internal,Casos de éxito,P1,ar
https://pixvo.tech/ar/problemas/wordpress-lento/,https://pixvo.tech/ar/recursos/,internal,Recursos,P2,ar
https://pixvo.tech/ar/problemas/wordpress-lento/,https://pixvo.tech/ar/blog/,internal,Blog,P2,ar
https://pixvo.tech/ar/problemas/wordpress-lento/,https://pixvo.tech/ar/solicitar-diagnostico/,conversion,Solicitar diagnóstico,P1,ar
https://pixvo.tech/ar/problemas/wordpress-lento/,https://pixvo.tech/,internal,Inicio,P1,ar
https://pixvo.tech/ar/problemas/wordpress-lento/,https://pixvo.tech/ar/,internal,Argentina,P1,ar
https://pixvo.tech/ar/problemas/wordpress-lento/,https://pixvo.tech/ar/soluciones/optimizacion-wordpress/,child_to_parent,Optimización WordPress para empresas,P2,ar
https://pixvo.tech/ar/problemas/wordpress-lento/,https://pixvo.tech/ar/soluciones/seo-wordpress/,problem_to_solution,SEO para WordPress,P2,ar
https://pixvo.tech/ar/problemas/wordpress-lento/,https://pixvo.tech/ar/auditoria-crecimiento-digital/,internal,Auditoría de crecimiento digital,P1,ar
https://pixvo.tech/ar/problemas/wordpress-lento/,https://pixvo.tech/ar/auditoria-crecimiento-digital/,internal,Auditar rendimiento y estabilidad de WordPress,P1,ar
https://pixvo.tech/ar/problemas/wordpress-lento/,https://pixvo.tech/ar/soluciones/automatizacion-de-procesos/,problem_to_solution,Automatización,P1,ar
https://pixvo.tech/ar/problemas/wordpress-lento/,https://pixvo.tech/ar/soluciones/seguimiento-de-leads/,problem_to_solution,Seguimiento de leads,P1,ar
https://pixvo.tech/ar/problemas/wordpress-lento/,https://pixvo.tech/ar/nosotros/,internal,Nosotros,P3,ar
https://pixvo.tech/ar/problemas/wordpress-lento/,https://pixvo.tech/ar/contacto/,internal,Contacto,P3,ar
https://pixvo.tech/ar/problemas/wordpress-lento/,https://pixvo.tech/mx/,internal,México,P1,ar
https://pixvo.tech/ar/problemas/wordpress-lento/,https://pixvo.tech/es/,internal,España,P1,ar
https://pixvo.tech/ar/problemas/contenido-no-genera-clientes/,https://pixvo.tech/ar/sistema-crecimiento-digital/,internal,Sistema de crecimiento,P1,ar
https://pixvo.tech/ar/problemas/contenido-no-genera-clientes/,https://pixvo.tech/ar/soluciones/seo-para-pymes/,problem_to_solution,SEO para PyMEs,P1,ar
https://pixvo.tech/ar/problemas/contenido-no-genera-clientes/,https://pixvo.tech/ar/auditoria-crecimiento-digital/,internal,Auditoría,P1,ar
https://pixvo.tech/ar/problemas/contenido-no-genera-clientes/,https://pixvo.tech/ar/planes/,conversion,Planes,P1,ar
https://pixvo.tech/ar/problemas/contenido-no-genera-clientes/,https://pixvo.tech/ar/casos-de-exito/,internal,Casos de éxito,P1,ar
https://pixvo.tech/ar/problemas/contenido-no-genera-clientes/,https://pixvo.tech/ar/recursos/,internal,Recursos,P2,ar
https://pixvo.tech/ar/problemas/contenido-no-genera-clientes/,https://pixvo.tech/ar/blog/,internal,Blog,P2,ar
https://pixvo.tech/ar/problemas/contenido-no-genera-clientes/,https://pixvo.tech/ar/solicitar-diagnostico/,conversion,Solicitar diagnóstico,P1,ar
https://pixvo.tech/ar/problemas/contenido-no-genera-clientes/,https://pixvo.tech/,internal,Inicio,P1,ar
https://pixvo.tech/ar/problemas/contenido-no-genera-clientes/,https://pixvo.tech/ar/,internal,Argentina,P1,ar
https://pixvo.tech/ar/problemas/contenido-no-genera-clientes/,https://pixvo.tech/ar/soluciones/contenido-seo/,child_to_parent,Servicio de contenido SEO,P2,ar
https://pixvo.tech/ar/problemas/contenido-no-genera-clientes/,https://pixvo.tech/ar/soluciones/seo-para-pymes/,problem_to_solution,SEO para PyMEs orientado a captar clientes,P1,ar
https://pixvo.tech/ar/problemas/contenido-no-genera-clientes/,https://pixvo.tech/ar/auditoria-crecimiento-digital/,internal,Auditoría de crecimiento digital,P1,ar
https://pixvo.tech/ar/problemas/contenido-no-genera-clientes/,https://pixvo.tech/ar/solicitar-diagnostico/,conversion,"Auditar intención, enlaces y conversión del contenido",P1,ar
https://pixvo.tech/ar/problemas/contenido-no-genera-clientes/,https://pixvo.tech/ar/soluciones/automatizacion-de-procesos/,problem_to_solution,Automatización,P1,ar
https://pixvo.tech/ar/problemas/contenido-no-genera-clientes/,https://pixvo.tech/ar/soluciones/seguimiento-de-leads/,problem_to_solution,Seguimiento de leads,P1,ar
https://pixvo.tech/ar/problemas/contenido-no-genera-clientes/,https://pixvo.tech/ar/nosotros/,internal,Nosotros,P3,ar
https://pixvo.tech/ar/problemas/contenido-no-genera-clientes/,https://pixvo.tech/ar/contacto/,internal,Contacto,P3,ar
https://pixvo.tech/ar/problemas/contenido-no-genera-clientes/,https://pixvo.tech/mx/,internal,México,P1,ar
https://pixvo.tech/ar/problemas/contenido-no-genera-clientes/,https://pixvo.tech/es/,internal,España,P1,ar
https://pixvo.tech/ar/casos-de-exito/,https://pixvo.tech/ar/sistema-crecimiento-digital/,child_to_parent,Sistema de crecimiento,P1,ar
https://pixvo.tech/ar/casos-de-exito/,https://pixvo.tech/ar/soluciones/seo-para-pymes/,internal,SEO para PyMEs,P1,ar
https://pixvo.tech/ar/casos-de-exito/,https://pixvo.tech/ar/auditoria-crecimiento-digital/,internal,Auditoría,P1,ar
https://pixvo.tech/ar/casos-de-exito/,https://pixvo.tech/ar/planes/,conversion,Planes,P1,ar
https://pixvo.tech/ar/casos-de-exito/,https://pixvo.tech/ar/casos-de-exito/,internal,Casos de éxito,P1,ar
https://pixvo.tech/ar/casos-de-exito/,https://pixvo.tech/ar/recursos/,internal,Recursos,P2,ar
https://pixvo.tech/ar/casos-de-exito/,https://pixvo.tech/ar/blog/,internal,Blog,P2,ar
https://pixvo.tech/ar/casos-de-exito/,https://pixvo.tech/ar/solicitar-diagnostico/,conversion,Solicitar diagnóstico,P1,ar
https://pixvo.tech/ar/casos-de-exito/,https://pixvo.tech/,internal,Inicio,P1,ar
https://pixvo.tech/ar/casos-de-exito/,https://pixvo.tech/ar/,internal,Argentina,P1,ar
https://pixvo.tech/ar/casos-de-exito/,https://pixvo.tech/ar/casos-de-exito/microcuotas/,parent_to_child,Microcuotas,P1,ar
https://pixvo.tech/ar/casos-de-exito/,https://pixvo.tech/ar/casos-de-exito/hospital-metropolitano/,parent_to_child,Hospital Metropolitano,P2,ar
https://pixvo.tech/ar/casos-de-exito/,https://pixvo.tech/ar/casos-de-exito/sanidad-web/,parent_to_child,Sanidad Web,P2,ar
https://pixvo.tech/ar/casos-de-exito/,https://pixvo.tech/ar/casos-de-exito/paola-informa/,parent_to_child,Paola Informa,P2,ar
https://pixvo.tech/ar/casos-de-exito/,https://pixvo.tech/ar/casos-de-exito/arpitools/,parent_to_child,Arpitools,P2,ar
https://pixvo.tech/ar/casos-de-exito/,https://pixvo.tech/ar/auditoria-crecimiento-digital/,internal,Auditar un cuello de botella,P1,ar
https://pixvo.tech/ar/casos-de-exito/,https://pixvo.tech/ar/solicitar-diagnostico/,conversion,Compartir el contexto de tu empresa,P1,ar
https://pixvo.tech/ar/casos-de-exito/,https://pixvo.tech/ar/soluciones/automatizacion-de-procesos/,internal,Automatización,P1,ar
https://pixvo.tech/ar/casos-de-exito/,https://pixvo.tech/ar/soluciones/seguimiento-de-leads/,internal,Seguimiento de leads,P1,ar
https://pixvo.tech/ar/casos-de-exito/,https://pixvo.tech/ar/nosotros/,internal,Nosotros,P3,ar
https://pixvo.tech/ar/casos-de-exito/,https://pixvo.tech/ar/contacto/,internal,Contacto,P3,ar
https://pixvo.tech/ar/casos-de-exito/,https://pixvo.tech/mx/,internal,México,P1,ar
https://pixvo.tech/ar/casos-de-exito/,https://pixvo.tech/es/,internal,España,P1,ar
https://pixvo.tech/ar/casos-de-exito/microcuotas/,https://pixvo.tech/ar/sistema-crecimiento-digital/,internal,Sistema de crecimiento,P1,ar
https://pixvo.tech/ar/casos-de-exito/microcuotas/,https://pixvo.tech/ar/soluciones/seo-para-pymes/,case_to_solution,SEO para PyMEs,P1,ar
https://pixvo.tech/ar/casos-de-exito/microcuotas/,https://pixvo.tech/ar/auditoria-crecimiento-digital/,internal,Auditoría,P1,ar
https://pixvo.tech/ar/casos-de-exito/microcuotas/,https://pixvo.tech/ar/planes/,conversion,Planes,P1,ar
https://pixvo.tech/ar/casos-de-exito/microcuotas/,https://pixvo.tech/ar/casos-de-exito/,child_to_parent,Casos de éxito,P1,ar
https://pixvo.tech/ar/casos-de-exito/microcuotas/,https://pixvo.tech/ar/recursos/,internal,Recursos,P2,ar
https://pixvo.tech/ar/casos-de-exito/microcuotas/,https://pixvo.tech/ar/blog/,internal,Blog,P2,ar
https://pixvo.tech/ar/casos-de-exito/microcuotas/,https://pixvo.tech/ar/solicitar-diagnostico/,conversion,Solicitar diagnóstico,P1,ar
https://pixvo.tech/ar/casos-de-exito/microcuotas/,https://pixvo.tech/,internal,Inicio,P1,ar
https://pixvo.tech/ar/casos-de-exito/microcuotas/,https://pixvo.tech/ar/,internal,Argentina,P1,ar
https://pixvo.tech/ar/casos-de-exito/microcuotas/,https://pixvo.tech/ar/soluciones/automatizacion-de-procesos/,case_to_solution,reducir tareas manuales en la precalificación,P1,ar
https://pixvo.tech/ar/casos-de-exito/microcuotas/,https://pixvo.tech/ar/soluciones/seguimiento-de-leads/,case_to_solution,automatizar el seguimiento de leads filtrados,P1,ar
https://pixvo.tech/ar/casos-de-exito/microcuotas/,https://pixvo.tech/ar/soluciones/analitica-digital/,case_to_solution,"medir captación, clasificación y aprobaciones por etapa",P2,ar
https://pixvo.tech/ar/casos-de-exito/microcuotas/,https://pixvo.tech/ar/auditoria-crecimiento-digital/,internal,auditar el proceso de captación e integración,P1,ar
https://pixvo.tech/ar/casos-de-exito/microcuotas/,https://pixvo.tech/ar/casos-de-exito/sanidad-web/,internal,Sanidad Web,P2,ar
https://pixvo.tech/ar/casos-de-exito/microcuotas/,https://pixvo.tech/ar/casos-de-exito/paola-informa/,internal,Paola Informa,P2,ar
https://pixvo.tech/ar/casos-de-exito/microcuotas/,https://pixvo.tech/ar/solicitar-diagnostico/,conversion,Analicemos qué parte de este proceso puedes automatizar,P1,ar
https://pixvo.tech/ar/casos-de-exito/microcuotas/,https://pixvo.tech/ar/soluciones/automatizacion-de-procesos/,case_to_solution,Automatización,P1,ar
https://pixvo.tech/ar/casos-de-exito/microcuotas/,https://pixvo.tech/ar/soluciones/seguimiento-de-leads/,case_to_solution,Seguimiento de leads,P1,ar
https://pixvo.tech/ar/casos-de-exito/microcuotas/,https://pixvo.tech/ar/nosotros/,internal,Nosotros,P3,ar
https://pixvo.tech/ar/casos-de-exito/microcuotas/,https://pixvo.tech/ar/contacto/,internal,Contacto,P3,ar
https://pixvo.tech/ar/casos-de-exito/microcuotas/,https://pixvo.tech/mx/,internal,México,P1,ar
https://pixvo.tech/ar/casos-de-exito/microcuotas/,https://pixvo.tech/es/,internal,España,P1,ar
https://pixvo.tech/ar/casos-de-exito/hospital-metropolitano/,https://pixvo.tech/ar/sistema-crecimiento-digital/,internal,Sistema de crecimiento,P1,ar
https://pixvo.tech/ar/casos-de-exito/hospital-metropolitano/,https://pixvo.tech/ar/soluciones/seo-para-pymes/,case_to_solution,SEO para PyMEs,P1,ar
https://pixvo.tech/ar/casos-de-exito/hospital-metropolitano/,https://pixvo.tech/ar/auditoria-crecimiento-digital/,internal,Auditoría,P1,ar
https://pixvo.tech/ar/casos-de-exito/hospital-metropolitano/,https://pixvo.tech/ar/planes/,conversion,Planes,P1,ar
https://pixvo.tech/ar/casos-de-exito/hospital-metropolitano/,https://pixvo.tech/ar/casos-de-exito/,child_to_parent,Casos de éxito,P1,ar
https://pixvo.tech/ar/casos-de-exito/hospital-metropolitano/,https://pixvo.tech/ar/recursos/,internal,Recursos,P2,ar
https://pixvo.tech/ar/casos-de-exito/hospital-metropolitano/,https://pixvo.tech/ar/blog/,internal,Blog,P2,ar
https://pixvo.tech/ar/casos-de-exito/hospital-metropolitano/,https://pixvo.tech/ar/solicitar-diagnostico/,conversion,Solicitar diagnóstico,P1,ar
https://pixvo.tech/ar/casos-de-exito/hospital-metropolitano/,https://pixvo.tech/,internal,Inicio,P1,ar
https://pixvo.tech/ar/casos-de-exito/hospital-metropolitano/,https://pixvo.tech/ar/,internal,Argentina,P1,ar
https://pixvo.tech/ar/casos-de-exito/hospital-metropolitano/,https://pixvo.tech/ar/soluciones/automatizacion-de-procesos/,case_to_solution,centralizar procesos operativos repetitivos,P1,ar
https://pixvo.tech/ar/casos-de-exito/hospital-metropolitano/,https://pixvo.tech/ar/soluciones/analitica-digital/,case_to_solution,definir una capa de datos compartida y trazable,P2,ar
https://pixvo.tech/ar/casos-de-exito/hospital-metropolitano/,https://pixvo.tech/ar/casos-de-exito/paola-informa/,internal,Paola Informa,P2,ar
https://pixvo.tech/ar/casos-de-exito/hospital-metropolitano/,https://pixvo.tech/ar/casos-de-exito/arpitools/,internal,Arpitools,P2,ar
https://pixvo.tech/ar/casos-de-exito/hospital-metropolitano/,https://pixvo.tech/ar/solicitar-diagnostico/,conversion,Analicemos qué parte de este proceso puedes automatizar,P1,ar
https://pixvo.tech/ar/casos-de-exito/hospital-metropolitano/,https://pixvo.tech/ar/soluciones/automatizacion-de-procesos/,case_to_solution,Automatización,P1,ar
https://pixvo.tech/ar/casos-de-exito/hospital-metropolitano/,https://pixvo.tech/ar/soluciones/seguimiento-de-leads/,case_to_solution,Seguimiento de leads,P1,ar
https://pixvo.tech/ar/casos-de-exito/hospital-metropolitano/,https://pixvo.tech/ar/nosotros/,internal,Nosotros,P3,ar
https://pixvo.tech/ar/casos-de-exito/hospital-metropolitano/,https://pixvo.tech/ar/contacto/,internal,Contacto,P3,ar
https://pixvo.tech/ar/casos-de-exito/hospital-metropolitano/,https://pixvo.tech/mx/,internal,México,P1,ar
https://pixvo.tech/ar/casos-de-exito/hospital-metropolitano/,https://pixvo.tech/es/,internal,España,P1,ar
https://pixvo.tech/ar/casos-de-exito/sanidad-web/,https://pixvo.tech/ar/sistema-crecimiento-digital/,internal,Sistema de crecimiento,P1,ar
https://pixvo.tech/ar/casos-de-exito/sanidad-web/,https://pixvo.tech/ar/soluciones/seo-para-pymes/,case_to_solution,SEO para PyMEs,P1,ar
https://pixvo.tech/ar/casos-de-exito/sanidad-web/,https://pixvo.tech/ar/auditoria-crecimiento-digital/,internal,Auditoría,P1,ar
https://pixvo.tech/ar/casos-de-exito/sanidad-web/,https://pixvo.tech/ar/planes/,conversion,Planes,P1,ar
https://pixvo.tech/ar/casos-de-exito/sanidad-web/,https://pixvo.tech/ar/casos-de-exito/,child_to_parent,Casos de éxito,P1,ar
https://pixvo.tech/ar/casos-de-exito/sanidad-web/,https://pixvo.tech/ar/recursos/,internal,Recursos,P2,ar
https://pixvo.tech/ar/casos-de-exito/sanidad-web/,https://pixvo.tech/ar/blog/,internal,Blog,P2,ar
https://pixvo.tech/ar/casos-de-exito/sanidad-web/,https://pixvo.tech/ar/solicitar-diagnostico/,conversion,Solicitar diagnóstico,P1,ar
https://pixvo.tech/ar/casos-de-exito/sanidad-web/,https://pixvo.tech/,internal,Inicio,P1,ar
https://pixvo.tech/ar/casos-de-exito/sanidad-web/,https://pixvo.tech/ar/,internal,Argentina,P1,ar
https://pixvo.tech/ar/casos-de-exito/sanidad-web/,https://pixvo.tech/ar/soluciones/seo-wordpress/,case_to_solution,trabajar el SEO técnico de WordPress,P2,ar
https://pixvo.tech/ar/casos-de-exito/sanidad-web/,https://pixvo.tech/ar/soluciones/optimizacion-wordpress/,case_to_solution,mejorar rendimiento y estabilidad en WordPress,P2,ar
https://pixvo.tech/ar/casos-de-exito/sanidad-web/,https://pixvo.tech/ar/soluciones/contenido-seo/,case_to_solution,organizar contenido territorial con intención y arquitectura,P2,ar
https://pixvo.tech/ar/casos-de-exito/sanidad-web/,https://pixvo.tech/ar/casos-de-exito/microcuotas/,internal,Microcuotas,P1,ar
https://pixvo.tech/ar/casos-de-exito/sanidad-web/,https://pixvo.tech/ar/casos-de-exito/paola-informa/,internal,Paola Informa,P2,ar
https://pixvo.tech/ar/casos-de-exito/sanidad-web/,https://pixvo.tech/ar/solicitar-diagnostico/,conversion,Analicemos qué parte de este proceso puedes automatizar,P1,ar
https://pixvo.tech/ar/casos-de-exito/sanidad-web/,https://pixvo.tech/ar/soluciones/automatizacion-de-procesos/,case_to_solution,Automatización,P1,ar
https://pixvo.tech/ar/casos-de-exito/sanidad-web/,https://pixvo.tech/ar/soluciones/seguimiento-de-leads/,case_to_solution,Seguimiento de leads,P1,ar
https://pixvo.tech/ar/casos-de-exito/sanidad-web/,https://pixvo.tech/ar/nosotros/,internal,Nosotros,P3,ar
https://pixvo.tech/ar/casos-de-exito/sanidad-web/,https://pixvo.tech/ar/contacto/,internal,Contacto,P3,ar
https://pixvo.tech/ar/casos-de-exito/sanidad-web/,https://pixvo.tech/mx/,internal,México,P1,ar
https://pixvo.tech/ar/casos-de-exito/sanidad-web/,https://pixvo.tech/es/,internal,España,P1,ar
https://pixvo.tech/ar/casos-de-exito/paola-informa/,https://pixvo.tech/ar/sistema-crecimiento-digital/,internal,Sistema de crecimiento,P1,ar
https://pixvo.tech/ar/casos-de-exito/paola-informa/,https://pixvo.tech/ar/soluciones/seo-para-pymes/,case_to_solution,SEO para PyMEs,P1,ar
https://pixvo.tech/ar/casos-de-exito/paola-informa/,https://pixvo.tech/ar/auditoria-crecimiento-digital/,internal,Auditoría,P1,ar
https://pixvo.tech/ar/casos-de-exito/paola-informa/,https://pixvo.tech/ar/planes/,conversion,Planes,P1,ar
https://pixvo.tech/ar/casos-de-exito/paola-informa/,https://pixvo.tech/ar/casos-de-exito/,child_to_parent,Casos de éxito,P1,ar
https://pixvo.tech/ar/casos-de-exito/paola-informa/,https://pixvo.tech/ar/recursos/,internal,Recursos,P2,ar
https://pixvo.tech/ar/casos-de-exito/paola-informa/,https://pixvo.tech/ar/blog/,internal,Blog,P2,ar
https://pixvo.tech/ar/casos-de-exito/paola-informa/,https://pixvo.tech/ar/solicitar-diagnostico/,conversion,Solicitar diagnóstico,P1,ar
https://pixvo.tech/ar/casos-de-exito/paola-informa/,https://pixvo.tech/,internal,Inicio,P1,ar
https://pixvo.tech/ar/casos-de-exito/paola-informa/,https://pixvo.tech/ar/,internal,Argentina,P1,ar
https://pixvo.tech/ar/casos-de-exito/paola-informa/,https://pixvo.tech/ar/soluciones/automatizacion-de-procesos/,case_to_solution,centralizar flujos de información y notificaciones,P1,ar
https://pixvo.tech/ar/casos-de-exito/paola-informa/,https://pixvo.tech/ar/soluciones/analitica-digital/,case_to_solution,"medir contenidos, preferencias y uso sin inventar resultados",P2,ar
https://pixvo.tech/ar/casos-de-exito/paola-informa/,https://pixvo.tech/ar/casos-de-exito/sanidad-web/,internal,Sanidad Web,P2,ar
https://pixvo.tech/ar/casos-de-exito/paola-informa/,https://pixvo.tech/ar/casos-de-exito/arpitools/,internal,Arpitools,P2,ar
https://pixvo.tech/ar/casos-de-exito/paola-informa/,https://pixvo.tech/ar/solicitar-diagnostico/,conversion,Analicemos qué parte de este proceso puedes automatizar,P1,ar
https://pixvo.tech/ar/casos-de-exito/paola-informa/,https://pixvo.tech/ar/soluciones/automatizacion-de-procesos/,case_to_solution,Automatización,P1,ar
https://pixvo.tech/ar/casos-de-exito/paola-informa/,https://pixvo.tech/ar/soluciones/seguimiento-de-leads/,case_to_solution,Seguimiento de leads,P1,ar
https://pixvo.tech/ar/casos-de-exito/paola-informa/,https://pixvo.tech/ar/nosotros/,internal,Nosotros,P3,ar
https://pixvo.tech/ar/casos-de-exito/paola-informa/,https://pixvo.tech/ar/contacto/,internal,Contacto,P3,ar
https://pixvo.tech/ar/casos-de-exito/paola-informa/,https://pixvo.tech/mx/,internal,México,P1,ar
https://pixvo.tech/ar/casos-de-exito/paola-informa/,https://pixvo.tech/es/,internal,España,P1,ar
https://pixvo.tech/ar/casos-de-exito/arpitools/,https://pixvo.tech/ar/sistema-crecimiento-digital/,internal,Sistema de crecimiento,P1,ar
https://pixvo.tech/ar/casos-de-exito/arpitools/,https://pixvo.tech/ar/soluciones/seo-para-pymes/,case_to_solution,SEO para PyMEs,P1,ar
https://pixvo.tech/ar/casos-de-exito/arpitools/,https://pixvo.tech/ar/auditoria-crecimiento-digital/,internal,Auditoría,P1,ar
https://pixvo.tech/ar/casos-de-exito/arpitools/,https://pixvo.tech/ar/planes/,conversion,Planes,P1,ar
https://pixvo.tech/ar/casos-de-exito/arpitools/,https://pixvo.tech/ar/casos-de-exito/,child_to_parent,Casos de éxito,P1,ar
https://pixvo.tech/ar/casos-de-exito/arpitools/,https://pixvo.tech/ar/recursos/,internal,Recursos,P2,ar
https://pixvo.tech/ar/casos-de-exito/arpitools/,https://pixvo.tech/ar/blog/,internal,Blog,P2,ar
https://pixvo.tech/ar/casos-de-exito/arpitools/,https://pixvo.tech/ar/solicitar-diagnostico/,conversion,Solicitar diagnóstico,P1,ar
https://pixvo.tech/ar/casos-de-exito/arpitools/,https://pixvo.tech/,internal,Inicio,P1,ar
https://pixvo.tech/ar/casos-de-exito/arpitools/,https://pixvo.tech/ar/,internal,Argentina,P1,ar
https://pixvo.tech/ar/casos-de-exito/arpitools/,https://pixvo.tech/ar/soluciones/automatizacion-de-procesos/,case_to_solution,conectar la operación mobile con procesos web,P1,ar
https://pixvo.tech/ar/casos-de-exito/arpitools/,https://pixvo.tech/ar/soluciones/analitica-digital/,case_to_solution,estructurar reporting operativo sobre datos verificables,P2,ar
https://pixvo.tech/ar/casos-de-exito/arpitools/,https://pixvo.tech/ar/casos-de-exito/hospital-metropolitano/,internal,Hospital Metropolitano,P2,ar
https://pixvo.tech/ar/casos-de-exito/arpitools/,https://pixvo.tech/ar/casos-de-exito/paola-informa/,internal,Paola Informa,P2,ar
https://pixvo.tech/ar/casos-de-exito/arpitools/,https://pixvo.tech/ar/solicitar-diagnostico/,conversion,Analicemos qué parte de este proceso puedes automatizar,P1,ar
https://pixvo.tech/ar/casos-de-exito/arpitools/,https://pixvo.tech/ar/soluciones/automatizacion-de-procesos/,case_to_solution,Automatización,P1,ar
https://pixvo.tech/ar/casos-de-exito/arpitools/,https://pixvo.tech/ar/soluciones/seguimiento-de-leads/,case_to_solution,Seguimiento de leads,P1,ar
https://pixvo.tech/ar/casos-de-exito/arpitools/,https://pixvo.tech/ar/nosotros/,internal,Nosotros,P3,ar
https://pixvo.tech/ar/casos-de-exito/arpitools/,https://pixvo.tech/ar/contacto/,internal,Contacto,P3,ar
https://pixvo.tech/ar/casos-de-exito/arpitools/,https://pixvo.tech/mx/,internal,México,P1,ar
https://pixvo.tech/ar/casos-de-exito/arpitools/,https://pixvo.tech/es/,internal,España,P1,ar
https://pixvo.tech/ar/recursos/,https://pixvo.tech/ar/sistema-crecimiento-digital/,child_to_parent,Sistema de crecimiento,P1,ar
https://pixvo.tech/ar/recursos/,https://pixvo.tech/ar/soluciones/seo-para-pymes/,internal,SEO para PyMEs,P1,ar
https://pixvo.tech/ar/recursos/,https://pixvo.tech/ar/auditoria-crecimiento-digital/,internal,Auditoría,P1,ar
https://pixvo.tech/ar/recursos/,https://pixvo.tech/ar/planes/,conversion,Planes,P1,ar
https://pixvo.tech/ar/recursos/,https://pixvo.tech/ar/casos-de-exito/,internal,Casos de éxito,P1,ar
https://pixvo.tech/ar/recursos/,https://pixvo.tech/ar/recursos/,internal,Recursos,P2,ar
https://pixvo.tech/ar/recursos/,https://pixvo.tech/ar/blog/,internal,Blog,P2,ar
https://pixvo.tech/ar/recursos/,https://pixvo.tech/ar/solicitar-diagnostico/,conversion,Solicitar diagnóstico,P1,ar
https://pixvo.tech/ar/recursos/,https://pixvo.tech/,internal,Inicio,P1,ar
https://pixvo.tech/ar/recursos/,https://pixvo.tech/ar/,internal,Argentina,P1,ar
https://pixvo.tech/ar/recursos/,https://pixvo.tech/ar/recursos/seo-vs-google-ads/,parent_to_child,SEO vs Google Ads,P2,ar
https://pixvo.tech/ar/recursos/,https://pixvo.tech/ar/recursos/agencia-seo-vs-consultor-seo/,parent_to_child,Agencia SEO vs consultor SEO,P2,ar
https://pixvo.tech/ar/recursos/,https://pixvo.tech/ar/recursos/seo-mensual-vs-auditoria/,parent_to_child,SEO mensual vs auditoría SEO,P2,ar
https://pixvo.tech/ar/recursos/,https://pixvo.tech/ar/recursos/n8n-vs-zapier/,parent_to_child,n8n vs Zapier,P2,ar
https://pixvo.tech/ar/recursos/,https://pixvo.tech/ar/recursos/crm-vs-automatizacion-de-leads/,parent_to_child,CRM vs automatización de leads,P2,ar
https://pixvo.tech/ar/recursos/,https://pixvo.tech/ar/recursos/rediseno-web-vs-optimizacion-cro/,parent_to_child,Rediseño web vs optimización CRO,P2,ar
https://pixvo.tech/ar/recursos/,https://pixvo.tech/ar/recursos/seo-vs-sistema-de-crecimiento/,parent_to_child,SEO vs sistema de crecimiento digital,P2,ar
https://pixvo.tech/ar/recursos/,https://pixvo.tech/ar/auditoria-crecimiento-digital/,internal,Solicitar una auditoría,P1,ar
https://pixvo.tech/ar/recursos/,https://pixvo.tech/ar/planes/,conversion,Comparar planes,P1,ar
https://pixvo.tech/ar/recursos/,https://pixvo.tech/ar/soluciones/automatizacion-de-procesos/,internal,Automatización,P1,ar
https://pixvo.tech/ar/recursos/,https://pixvo.tech/ar/soluciones/seguimiento-de-leads/,internal,Seguimiento de leads,P1,ar
https://pixvo.tech/ar/recursos/,https://pixvo.tech/ar/nosotros/,internal,Nosotros,P3,ar
https://pixvo.tech/ar/recursos/,https://pixvo.tech/ar/contacto/,internal,Contacto,P3,ar
https://pixvo.tech/ar/recursos/,https://pixvo.tech/mx/,internal,México,P1,ar
https://pixvo.tech/ar/recursos/,https://pixvo.tech/es/,internal,España,P1,ar
https://pixvo.tech/ar/recursos/seo-vs-google-ads/,https://pixvo.tech/ar/sistema-crecimiento-digital/,editorial_to_money,Sistema de crecimiento,P1,ar
https://pixvo.tech/ar/recursos/seo-vs-google-ads/,https://pixvo.tech/ar/soluciones/seo-para-pymes/,editorial_to_money,SEO para PyMEs,P1,ar
https://pixvo.tech/ar/recursos/seo-vs-google-ads/,https://pixvo.tech/ar/auditoria-crecimiento-digital/,editorial_to_money,Auditoría,P1,ar
https://pixvo.tech/ar/recursos/seo-vs-google-ads/,https://pixvo.tech/ar/planes/,conversion,Planes,P1,ar
https://pixvo.tech/ar/recursos/seo-vs-google-ads/,https://pixvo.tech/ar/casos-de-exito/,internal,Casos de éxito,P1,ar
https://pixvo.tech/ar/recursos/seo-vs-google-ads/,https://pixvo.tech/ar/recursos/,child_to_parent,Recursos,P2,ar
https://pixvo.tech/ar/recursos/seo-vs-google-ads/,https://pixvo.tech/ar/blog/,internal,Blog,P2,ar
https://pixvo.tech/ar/recursos/seo-vs-google-ads/,https://pixvo.tech/ar/solicitar-diagnostico/,conversion,Solicitar diagnóstico,P1,ar
https://pixvo.tech/ar/recursos/seo-vs-google-ads/,https://pixvo.tech/,internal,Inicio,P1,ar
https://pixvo.tech/ar/recursos/seo-vs-google-ads/,https://pixvo.tech/ar/,internal,Argentina,P1,ar
https://pixvo.tech/ar/recursos/seo-vs-google-ads/,https://pixvo.tech/ar/soluciones/seo-para-pymes/,editorial_to_money,SEO para PyMEs orientado a captar clientes,P1,ar
https://pixvo.tech/ar/recursos/seo-vs-google-ads/,https://pixvo.tech/ar/soluciones/analitica-digital/,editorial_to_money,Consultoría de analítica digital,P2,ar
https://pixvo.tech/ar/recursos/seo-vs-google-ads/,https://pixvo.tech/ar/auditoria-crecimiento-digital/,editorial_to_money,Auditoría de crecimiento digital,P1,ar
https://pixvo.tech/ar/recursos/seo-vs-google-ads/,https://pixvo.tech/ar/planes/,conversion,Planes y precios,P1,ar
https://pixvo.tech/ar/recursos/seo-vs-google-ads/,https://pixvo.tech/ar/soluciones/automatizacion-de-procesos/,editorial_to_money,Automatización,P1,ar
https://pixvo.tech/ar/recursos/seo-vs-google-ads/,https://pixvo.tech/ar/soluciones/seguimiento-de-leads/,editorial_to_money,Seguimiento de leads,P1,ar
https://pixvo.tech/ar/recursos/seo-vs-google-ads/,https://pixvo.tech/ar/nosotros/,internal,Nosotros,P3,ar
https://pixvo.tech/ar/recursos/seo-vs-google-ads/,https://pixvo.tech/ar/contacto/,internal,Contacto,P3,ar
https://pixvo.tech/ar/recursos/seo-vs-google-ads/,https://pixvo.tech/mx/,internal,México,P1,ar
https://pixvo.tech/ar/recursos/seo-vs-google-ads/,https://pixvo.tech/es/,internal,España,P1,ar
https://pixvo.tech/ar/recursos/agencia-seo-vs-consultor-seo/,https://pixvo.tech/ar/sistema-crecimiento-digital/,editorial_to_money,Sistema de crecimiento,P1,ar
https://pixvo.tech/ar/recursos/agencia-seo-vs-consultor-seo/,https://pixvo.tech/ar/soluciones/seo-para-pymes/,editorial_to_money,SEO para PyMEs,P1,ar
https://pixvo.tech/ar/recursos/agencia-seo-vs-consultor-seo/,https://pixvo.tech/ar/auditoria-crecimiento-digital/,editorial_to_money,Auditoría,P1,ar
https://pixvo.tech/ar/recursos/agencia-seo-vs-consultor-seo/,https://pixvo.tech/ar/planes/,conversion,Planes,P1,ar
https://pixvo.tech/ar/recursos/agencia-seo-vs-consultor-seo/,https://pixvo.tech/ar/casos-de-exito/,internal,Casos de éxito,P1,ar
https://pixvo.tech/ar/recursos/agencia-seo-vs-consultor-seo/,https://pixvo.tech/ar/recursos/,child_to_parent,Recursos,P2,ar
https://pixvo.tech/ar/recursos/agencia-seo-vs-consultor-seo/,https://pixvo.tech/ar/blog/,internal,Blog,P2,ar
https://pixvo.tech/ar/recursos/agencia-seo-vs-consultor-seo/,https://pixvo.tech/ar/solicitar-diagnostico/,conversion,Solicitar diagnóstico,P1,ar
https://pixvo.tech/ar/recursos/agencia-seo-vs-consultor-seo/,https://pixvo.tech/,internal,Inicio,P1,ar
https://pixvo.tech/ar/recursos/agencia-seo-vs-consultor-seo/,https://pixvo.tech/ar/,internal,Argentina,P1,ar
https://pixvo.tech/ar/recursos/agencia-seo-vs-consultor-seo/,https://pixvo.tech/ar/soluciones/seo-para-pymes/,editorial_to_money,SEO para PyMEs orientado a captar clientes,P1,ar
https://pixvo.tech/ar/recursos/agencia-seo-vs-consultor-seo/,https://pixvo.tech/ar/sistema-crecimiento-digital/,editorial_to_money,Pixvo Growth System,P1,ar
https://pixvo.tech/ar/recursos/agencia-seo-vs-consultor-seo/,https://pixvo.tech/ar/auditoria-crecimiento-digital/,editorial_to_money,Auditoría de crecimiento digital,P1,ar
https://pixvo.tech/ar/recursos/agencia-seo-vs-consultor-seo/,https://pixvo.tech/ar/planes/,conversion,Planes y precios,P1,ar
https://pixvo.tech/ar/recursos/agencia-seo-vs-consultor-seo/,https://pixvo.tech/ar/soluciones/automatizacion-de-procesos/,editorial_to_money,Automatización,P1,ar
https://pixvo.tech/ar/recursos/agencia-seo-vs-consultor-seo/,https://pixvo.tech/ar/soluciones/seguimiento-de-leads/,editorial_to_money,Seguimiento de leads,P1,ar
https://pixvo.tech/ar/recursos/agencia-seo-vs-consultor-seo/,https://pixvo.tech/ar/nosotros/,internal,Nosotros,P3,ar
https://pixvo.tech/ar/recursos/agencia-seo-vs-consultor-seo/,https://pixvo.tech/ar/contacto/,internal,Contacto,P3,ar
https://pixvo.tech/ar/recursos/agencia-seo-vs-consultor-seo/,https://pixvo.tech/mx/,internal,México,P1,ar
https://pixvo.tech/ar/recursos/agencia-seo-vs-consultor-seo/,https://pixvo.tech/es/,internal,España,P1,ar
https://pixvo.tech/ar/recursos/seo-mensual-vs-auditoria/,https://pixvo.tech/ar/sistema-crecimiento-digital/,editorial_to_money,Sistema de crecimiento,P1,ar
https://pixvo.tech/ar/recursos/seo-mensual-vs-auditoria/,https://pixvo.tech/ar/soluciones/seo-para-pymes/,editorial_to_money,SEO para PyMEs,P1,ar
https://pixvo.tech/ar/recursos/seo-mensual-vs-auditoria/,https://pixvo.tech/ar/auditoria-crecimiento-digital/,editorial_to_money,Auditoría,P1,ar
https://pixvo.tech/ar/recursos/seo-mensual-vs-auditoria/,https://pixvo.tech/ar/planes/,conversion,Planes,P1,ar
https://pixvo.tech/ar/recursos/seo-mensual-vs-auditoria/,https://pixvo.tech/ar/casos-de-exito/,internal,Casos de éxito,P1,ar
https://pixvo.tech/ar/recursos/seo-mensual-vs-auditoria/,https://pixvo.tech/ar/recursos/,child_to_parent,Recursos,P2,ar
https://pixvo.tech/ar/recursos/seo-mensual-vs-auditoria/,https://pixvo.tech/ar/blog/,internal,Blog,P2,ar
https://pixvo.tech/ar/recursos/seo-mensual-vs-auditoria/,https://pixvo.tech/ar/solicitar-diagnostico/,conversion,Solicitar diagnóstico,P1,ar
https://pixvo.tech/ar/recursos/seo-mensual-vs-auditoria/,https://pixvo.tech/,internal,Inicio,P1,ar
https://pixvo.tech/ar/recursos/seo-mensual-vs-auditoria/,https://pixvo.tech/ar/,internal,Argentina,P1,ar
https://pixvo.tech/ar/recursos/seo-mensual-vs-auditoria/,https://pixvo.tech/ar/soluciones/seo-para-pymes/,editorial_to_money,SEO para PyMEs orientado a captar clientes,P1,ar
https://pixvo.tech/ar/recursos/seo-mensual-vs-auditoria/,https://pixvo.tech/ar/auditoria-crecimiento-digital/,editorial_to_money,Auditoría de crecimiento digital,P1,ar
https://pixvo.tech/ar/recursos/seo-mensual-vs-auditoria/,https://pixvo.tech/ar/planes/,conversion,Planes y precios,P1,ar
https://pixvo.tech/ar/recursos/seo-mensual-vs-auditoria/,https://pixvo.tech/ar/soluciones/automatizacion-de-procesos/,editorial_to_money,Automatización,P1,ar
https://pixvo.tech/ar/recursos/seo-mensual-vs-auditoria/,https://pixvo.tech/ar/soluciones/seguimiento-de-leads/,editorial_to_money,Seguimiento de leads,P1,ar
https://pixvo.tech/ar/recursos/seo-mensual-vs-auditoria/,https://pixvo.tech/ar/nosotros/,internal,Nosotros,P3,ar
https://pixvo.tech/ar/recursos/seo-mensual-vs-auditoria/,https://pixvo.tech/ar/contacto/,internal,Contacto,P3,ar
https://pixvo.tech/ar/recursos/seo-mensual-vs-auditoria/,https://pixvo.tech/mx/,internal,México,P1,ar
https://pixvo.tech/ar/recursos/seo-mensual-vs-auditoria/,https://pixvo.tech/es/,internal,España,P1,ar
https://pixvo.tech/ar/recursos/n8n-vs-zapier/,https://pixvo.tech/ar/sistema-crecimiento-digital/,editorial_to_money,Sistema de crecimiento,P1,ar
https://pixvo.tech/ar/recursos/n8n-vs-zapier/,https://pixvo.tech/ar/soluciones/seo-para-pymes/,editorial_to_money,SEO para PyMEs,P1,ar
https://pixvo.tech/ar/recursos/n8n-vs-zapier/,https://pixvo.tech/ar/auditoria-crecimiento-digital/,editorial_to_money,Auditoría,P1,ar
https://pixvo.tech/ar/recursos/n8n-vs-zapier/,https://pixvo.tech/ar/planes/,conversion,Planes,P1,ar
https://pixvo.tech/ar/recursos/n8n-vs-zapier/,https://pixvo.tech/ar/casos-de-exito/,internal,Casos de éxito,P1,ar
https://pixvo.tech/ar/recursos/n8n-vs-zapier/,https://pixvo.tech/ar/recursos/,child_to_parent,Recursos,P2,ar
https://pixvo.tech/ar/recursos/n8n-vs-zapier/,https://pixvo.tech/ar/blog/,internal,Blog,P2,ar
https://pixvo.tech/ar/recursos/n8n-vs-zapier/,https://pixvo.tech/ar/solicitar-diagnostico/,conversion,Solicitar diagnóstico,P1,ar
https://pixvo.tech/ar/recursos/n8n-vs-zapier/,https://pixvo.tech/,internal,Inicio,P1,ar
https://pixvo.tech/ar/recursos/n8n-vs-zapier/,https://pixvo.tech/ar/,internal,Argentina,P1,ar
https://pixvo.tech/ar/recursos/n8n-vs-zapier/,https://pixvo.tech/ar/soluciones/automatizacion-de-procesos/,editorial_to_money,Automatización de procesos para PyMEs,P1,ar
https://pixvo.tech/ar/recursos/n8n-vs-zapier/,https://pixvo.tech/ar/soluciones/analitica-digital/,editorial_to_money,Consultoría de analítica digital,P2,ar
https://pixvo.tech/ar/recursos/n8n-vs-zapier/,https://pixvo.tech/ar/auditoria-crecimiento-digital/,editorial_to_money,Auditoría de crecimiento digital,P1,ar
https://pixvo.tech/ar/recursos/n8n-vs-zapier/,https://pixvo.tech/ar/planes/,conversion,Planes y precios,P1,ar
https://pixvo.tech/ar/recursos/n8n-vs-zapier/,https://pixvo.tech/ar/soluciones/automatizacion-de-procesos/,editorial_to_money,Automatización,P1,ar
https://pixvo.tech/ar/recursos/n8n-vs-zapier/,https://pixvo.tech/ar/soluciones/seguimiento-de-leads/,editorial_to_money,Seguimiento de leads,P1,ar
https://pixvo.tech/ar/recursos/n8n-vs-zapier/,https://pixvo.tech/ar/nosotros/,internal,Nosotros,P3,ar
https://pixvo.tech/ar/recursos/n8n-vs-zapier/,https://pixvo.tech/ar/contacto/,internal,Contacto,P3,ar
https://pixvo.tech/ar/recursos/n8n-vs-zapier/,https://pixvo.tech/mx/,internal,México,P1,ar
https://pixvo.tech/ar/recursos/n8n-vs-zapier/,https://pixvo.tech/es/,internal,España,P1,ar
https://pixvo.tech/ar/recursos/crm-vs-automatizacion-de-leads/,https://pixvo.tech/ar/sistema-crecimiento-digital/,editorial_to_money,Sistema de crecimiento,P1,ar
https://pixvo.tech/ar/recursos/crm-vs-automatizacion-de-leads/,https://pixvo.tech/ar/soluciones/seo-para-pymes/,editorial_to_money,SEO para PyMEs,P1,ar
https://pixvo.tech/ar/recursos/crm-vs-automatizacion-de-leads/,https://pixvo.tech/ar/auditoria-crecimiento-digital/,editorial_to_money,Auditoría,P1,ar
https://pixvo.tech/ar/recursos/crm-vs-automatizacion-de-leads/,https://pixvo.tech/ar/planes/,conversion,Planes,P1,ar
https://pixvo.tech/ar/recursos/crm-vs-automatizacion-de-leads/,https://pixvo.tech/ar/casos-de-exito/,internal,Casos de éxito,P1,ar
https://pixvo.tech/ar/recursos/crm-vs-automatizacion-de-leads/,https://pixvo.tech/ar/recursos/,child_to_parent,Recursos,P2,ar
https://pixvo.tech/ar/recursos/crm-vs-automatizacion-de-leads/,https://pixvo.tech/ar/blog/,internal,Blog,P2,ar
https://pixvo.tech/ar/recursos/crm-vs-automatizacion-de-leads/,https://pixvo.tech/ar/solicitar-diagnostico/,conversion,Solicitar diagnóstico,P1,ar
https://pixvo.tech/ar/recursos/crm-vs-automatizacion-de-leads/,https://pixvo.tech/,internal,Inicio,P1,ar
https://pixvo.tech/ar/recursos/crm-vs-automatizacion-de-leads/,https://pixvo.tech/ar/,internal,Argentina,P1,ar
https://pixvo.tech/ar/recursos/crm-vs-automatizacion-de-leads/,https://pixvo.tech/ar/soluciones/seguimiento-de-leads/,editorial_to_money,Automatización del seguimiento de leads,P1,ar
https://pixvo.tech/ar/recursos/crm-vs-automatizacion-de-leads/,https://pixvo.tech/ar/soluciones/automatizacion-de-procesos/,editorial_to_money,Automatización de procesos para PyMEs,P1,ar
https://pixvo.tech/ar/recursos/crm-vs-automatizacion-de-leads/,https://pixvo.tech/ar/planes/,conversion,Planes y precios,P1,ar
https://pixvo.tech/ar/recursos/crm-vs-automatizacion-de-leads/,https://pixvo.tech/ar/soluciones/automatizacion-de-procesos/,editorial_to_money,Automatización,P1,ar
https://pixvo.tech/ar/recursos/crm-vs-automatizacion-de-leads/,https://pixvo.tech/ar/soluciones/seguimiento-de-leads/,editorial_to_money,Seguimiento de leads,P1,ar
https://pixvo.tech/ar/recursos/crm-vs-automatizacion-de-leads/,https://pixvo.tech/ar/nosotros/,internal,Nosotros,P3,ar
https://pixvo.tech/ar/recursos/crm-vs-automatizacion-de-leads/,https://pixvo.tech/ar/contacto/,internal,Contacto,P3,ar
https://pixvo.tech/ar/recursos/crm-vs-automatizacion-de-leads/,https://pixvo.tech/mx/,internal,México,P1,ar
https://pixvo.tech/ar/recursos/crm-vs-automatizacion-de-leads/,https://pixvo.tech/es/,internal,España,P1,ar
https://pixvo.tech/ar/recursos/rediseno-web-vs-optimizacion-cro/,https://pixvo.tech/ar/sistema-crecimiento-digital/,editorial_to_money,Sistema de crecimiento,P1,ar
https://pixvo.tech/ar/recursos/rediseno-web-vs-optimizacion-cro/,https://pixvo.tech/ar/soluciones/seo-para-pymes/,editorial_to_money,SEO para PyMEs,P1,ar
https://pixvo.tech/ar/recursos/rediseno-web-vs-optimizacion-cro/,https://pixvo.tech/ar/auditoria-crecimiento-digital/,editorial_to_money,Auditoría,P1,ar
https://pixvo.tech/ar/recursos/rediseno-web-vs-optimizacion-cro/,https://pixvo.tech/ar/planes/,conversion,Planes,P1,ar
https://pixvo.tech/ar/recursos/rediseno-web-vs-optimizacion-cro/,https://pixvo.tech/ar/casos-de-exito/,internal,Casos de éxito,P1,ar
https://pixvo.tech/ar/recursos/rediseno-web-vs-optimizacion-cro/,https://pixvo.tech/ar/recursos/,child_to_parent,Recursos,P2,ar
https://pixvo.tech/ar/recursos/rediseno-web-vs-optimizacion-cro/,https://pixvo.tech/ar/blog/,internal,Blog,P2,ar
https://pixvo.tech/ar/recursos/rediseno-web-vs-optimizacion-cro/,https://pixvo.tech/ar/solicitar-diagnostico/,conversion,Solicitar diagnóstico,P1,ar
https://pixvo.tech/ar/recursos/rediseno-web-vs-optimizacion-cro/,https://pixvo.tech/,internal,Inicio,P1,ar
https://pixvo.tech/ar/recursos/rediseno-web-vs-optimizacion-cro/,https://pixvo.tech/ar/,internal,Argentina,P1,ar
https://pixvo.tech/ar/recursos/rediseno-web-vs-optimizacion-cro/,https://pixvo.tech/ar/soluciones/optimizacion-de-conversion/,editorial_to_money,Optimización de conversión web,P2,ar
https://pixvo.tech/ar/recursos/rediseno-web-vs-optimizacion-cro/,https://pixvo.tech/ar/soluciones/analitica-digital/,editorial_to_money,Consultoría de analítica digital,P2,ar
https://pixvo.tech/ar/recursos/rediseno-web-vs-optimizacion-cro/,https://pixvo.tech/ar/auditoria-crecimiento-digital/,editorial_to_money,Auditoría de crecimiento digital,P1,ar
https://pixvo.tech/ar/recursos/rediseno-web-vs-optimizacion-cro/,https://pixvo.tech/ar/planes/,conversion,Planes y precios,P1,ar
https://pixvo.tech/ar/recursos/rediseno-web-vs-optimizacion-cro/,https://pixvo.tech/ar/soluciones/automatizacion-de-procesos/,editorial_to_money,Automatización,P1,ar
https://pixvo.tech/ar/recursos/rediseno-web-vs-optimizacion-cro/,https://pixvo.tech/ar/soluciones/seguimiento-de-leads/,editorial_to_money,Seguimiento de leads,P1,ar
https://pixvo.tech/ar/recursos/rediseno-web-vs-optimizacion-cro/,https://pixvo.tech/ar/nosotros/,internal,Nosotros,P3,ar
https://pixvo.tech/ar/recursos/rediseno-web-vs-optimizacion-cro/,https://pixvo.tech/ar/contacto/,internal,Contacto,P3,ar
https://pixvo.tech/ar/recursos/rediseno-web-vs-optimizacion-cro/,https://pixvo.tech/mx/,internal,México,P1,ar
https://pixvo.tech/ar/recursos/rediseno-web-vs-optimizacion-cro/,https://pixvo.tech/es/,internal,España,P1,ar
https://pixvo.tech/ar/recursos/seo-vs-sistema-de-crecimiento/,https://pixvo.tech/ar/sistema-crecimiento-digital/,editorial_to_money,Sistema de crecimiento,P1,ar
https://pixvo.tech/ar/recursos/seo-vs-sistema-de-crecimiento/,https://pixvo.tech/ar/soluciones/seo-para-pymes/,editorial_to_money,SEO para PyMEs,P1,ar
https://pixvo.tech/ar/recursos/seo-vs-sistema-de-crecimiento/,https://pixvo.tech/ar/auditoria-crecimiento-digital/,editorial_to_money,Auditoría,P1,ar
https://pixvo.tech/ar/recursos/seo-vs-sistema-de-crecimiento/,https://pixvo.tech/ar/planes/,conversion,Planes,P1,ar
https://pixvo.tech/ar/recursos/seo-vs-sistema-de-crecimiento/,https://pixvo.tech/ar/casos-de-exito/,internal,Casos de éxito,P1,ar
https://pixvo.tech/ar/recursos/seo-vs-sistema-de-crecimiento/,https://pixvo.tech/ar/recursos/,child_to_parent,Recursos,P2,ar
https://pixvo.tech/ar/recursos/seo-vs-sistema-de-crecimiento/,https://pixvo.tech/ar/blog/,internal,Blog,P2,ar
https://pixvo.tech/ar/recursos/seo-vs-sistema-de-crecimiento/,https://pixvo.tech/ar/solicitar-diagnostico/,conversion,Solicitar diagnóstico,P1,ar
https://pixvo.tech/ar/recursos/seo-vs-sistema-de-crecimiento/,https://pixvo.tech/,internal,Inicio,P1,ar
https://pixvo.tech/ar/recursos/seo-vs-sistema-de-crecimiento/,https://pixvo.tech/ar/,internal,Argentina,P1,ar
https://pixvo.tech/ar/recursos/seo-vs-sistema-de-crecimiento/,https://pixvo.tech/ar/soluciones/seo-para-pymes/,editorial_to_money,SEO para PyMEs orientado a captar clientes,P1,ar
https://pixvo.tech/ar/recursos/seo-vs-sistema-de-crecimiento/,https://pixvo.tech/ar/sistema-crecimiento-digital/,editorial_to_money,Pixvo Growth System,P1,ar
https://pixvo.tech/ar/recursos/seo-vs-sistema-de-crecimiento/,https://pixvo.tech/ar/auditoria-crecimiento-digital/,editorial_to_money,Auditoría de crecimiento digital,P1,ar
https://pixvo.tech/ar/recursos/seo-vs-sistema-de-crecimiento/,https://pixvo.tech/ar/planes/,conversion,Planes y precios,P1,ar
https://pixvo.tech/ar/recursos/seo-vs-sistema-de-crecimiento/,https://pixvo.tech/ar/soluciones/automatizacion-de-procesos/,editorial_to_money,Automatización,P1,ar
https://pixvo.tech/ar/recursos/seo-vs-sistema-de-crecimiento/,https://pixvo.tech/ar/soluciones/seguimiento-de-leads/,editorial_to_money,Seguimiento de leads,P1,ar
https://pixvo.tech/ar/recursos/seo-vs-sistema-de-crecimiento/,https://pixvo.tech/ar/nosotros/,internal,Nosotros,P3,ar
https://pixvo.tech/ar/recursos/seo-vs-sistema-de-crecimiento/,https://pixvo.tech/ar/contacto/,internal,Contacto,P3,ar
https://pixvo.tech/ar/recursos/seo-vs-sistema-de-crecimiento/,https://pixvo.tech/mx/,internal,México,P1,ar
https://pixvo.tech/ar/recursos/seo-vs-sistema-de-crecimiento/,https://pixvo.tech/es/,internal,España,P1,ar
https://pixvo.tech/ar/blog/,https://pixvo.tech/ar/sistema-crecimiento-digital/,internal,Sistema de crecimiento,P1,ar
https://pixvo.tech/ar/blog/,https://pixvo.tech/ar/soluciones/seo-para-pymes/,internal,SEO para PyMEs,P1,ar
https://pixvo.tech/ar/blog/,https://pixvo.tech/ar/auditoria-crecimiento-digital/,internal,Auditoría,P1,ar
https://pixvo.tech/ar/blog/,https://pixvo.tech/ar/planes/,conversion,Planes,P1,ar
https://pixvo.tech/ar/blog/,https://pixvo.tech/ar/casos-de-exito/,internal,Casos de éxito,P1,ar
https://pixvo.tech/ar/blog/,https://pixvo.tech/ar/recursos/,internal,Recursos,P2,ar
https://pixvo.tech/ar/blog/,https://pixvo.tech/ar/blog/,internal,Blog,P2,ar
https://pixvo.tech/ar/blog/,https://pixvo.tech/ar/solicitar-diagnostico/,conversion,Solicitar diagnóstico,P1,ar
https://pixvo.tech/ar/blog/,https://pixvo.tech/,internal,Inicio,P1,ar
https://pixvo.tech/ar/blog/,https://pixvo.tech/ar/,child_to_parent,Argentina,P1,ar
https://pixvo.tech/ar/blog/,https://pixvo.tech/ar/blog/ataque-real-en-npm-como-el-compromiso-de-axios-expuso-miles-de-entornos-sin-que-nadie-lo-notara/,parent_to_child,Ataque real en NPM: cómo el compromiso de Axios expuso miles de entornos sin que nadie lo notara,P2,ar
https://pixvo.tech/ar/blog/,https://pixvo.tech/ar/blog/matriz-objetivo-icp-canal-lead-magnet-pagina-evento-de-conversion-metricas/,parent_to_child,Matriz Objetivo / ICP / Canal / Lead Magnet / Página / Evento de Conversión / Métricas,P3,ar
https://pixvo.tech/ar/blog/,https://pixvo.tech/ar/blog/por-que-un-sitio-wordpress-no-puede-quedar-librado-a-la-suerte-y-como-evitar-dolores-de-cabeza-despues/,parent_to_child,Por qué un sitio WordPress no puede quedar librado a la suerte (y cómo evitar dolores de cabeza después),P3,ar
https://pixvo.tech/ar/blog/,https://pixvo.tech/ar/blog/como-una-buena-automatizacion-puede-cambiar-por-completo-el-flujo-de-trabajo-de-tu-empresa/,parent_to_child,Cómo una buena automatización puede cambiar por completo el flujo de trabajo de tu empresa,P3,ar
https://pixvo.tech/ar/blog/,https://pixvo.tech/ar/blog/por-que-geeksy-shop-es-hoy-una-de-las-mejores-fuentes-para-comprar-productos-del-fandom-y-como-aprovecharlo-desde-pixvo-tech/,parent_to_child,Por qué Geeksy.shop es hoy una de las mejores fuentes para comprar productos del fandom,P3,ar
https://pixvo.tech/ar/blog/,https://pixvo.tech/ar/blog/black-friday-y-cyber-week-el-momento-del-ano-donde-tu-negocio-no-puede-improvisar/,parent_to_child,Black Friday y Cyber Week: el momento del año donde tu negocio no puede improvisar,P3,ar
https://pixvo.tech/ar/blog/,https://pixvo.tech/ar/blog/el-mal-uso-de-la-ia-y-sus-consecuencias-reales-el-ejemplo-critico-de-los-libros-de-foraging-en-amazon/,parent_to_child,El mal uso de la IA y sus consecuencias reales: el ejemplo crítico de los libros de foraging en Amazon,P3,ar
https://pixvo.tech/ar/blog/,https://pixvo.tech/ar/blog/por-que-necesitas-un-sitio-web-profesional-en-2025-y-como-conseguir-hosting-premium-con-descuento/,parent_to_child,Por qué necesitás un sitio web profesional en 2025 (y cómo conseguir hosting premium con descuento),P3,ar
https://pixvo.tech/ar/blog/,https://pixvo.tech/ar/blog/la-importancia-de-las-decisiones-y-resoluciones-eficientes-en-la-gestion-de-pequenas-y-medianas-empresas/,parent_to_child,La importancia de las decisiones y resoluciones eficientes en la gestión de pequeñas y medianas empresas,P3,ar
https://pixvo.tech/ar/blog/,https://pixvo.tech/ar/blog/crear-un-sitio-web-rapido-con-las-herramientas-de-ia-de-hostinger/,parent_to_child,Crear un sitio web rápido con las herramientas de IA de Hostinger,P3,ar
https://pixvo.tech/ar/blog/,https://pixvo.tech/ar/blog/la-ia-esta-matando-la-creatividad/,parent_to_child,La IA está matando la creatividad,P3,ar
https://pixvo.tech/ar/blog/,https://pixvo.tech/ar/blog/redactar-sin-ia-reduce-productividad-evidencia-limites-y-como-implementarlo-en-marketing/,parent_to_child,"Redactar sin IA reduce productividad: evidencia, límites y cómo implementarlo en marketing",P3,ar
https://pixvo.tech/ar/blog/,https://pixvo.tech/ar/blog/caso-de-exito-microcuotas-y-como-google-ads-desarrollo-a-medida-le-cambiaron-el-juego/,parent_to_child,"Google Ads, validación y Clientify: arquitectura del funnel de Microcuotas",P3,ar
https://pixvo.tech/ar/blog/,https://pixvo.tech/ar/soluciones/automatizacion-de-procesos/,internal,Automatización,P1,ar
https://pixvo.tech/ar/blog/,https://pixvo.tech/ar/soluciones/seguimiento-de-leads/,internal,Seguimiento de leads,P1,ar
https://pixvo.tech/ar/blog/,https://pixvo.tech/ar/nosotros/,internal,Nosotros,P3,ar
https://pixvo.tech/ar/blog/,https://pixvo.tech/ar/contacto/,internal,Contacto,P3,ar
https://pixvo.tech/ar/blog/,https://pixvo.tech/mx/,internal,México,P1,ar
https://pixvo.tech/ar/blog/,https://pixvo.tech/es/,internal,España,P1,ar
https://pixvo.tech/ar/blog/ataque-real-en-npm-como-el-compromiso-de-axios-expuso-miles-de-entornos-sin-que-nadie-lo-notara/,https://pixvo.tech/ar/sistema-crecimiento-digital/,editorial_to_money,Sistema de crecimiento,P1,ar
https://pixvo.tech/ar/blog/ataque-real-en-npm-como-el-compromiso-de-axios-expuso-miles-de-entornos-sin-que-nadie-lo-notara/,https://pixvo.tech/ar/soluciones/seo-para-pymes/,editorial_to_money,SEO para PyMEs,P1,ar
https://pixvo.tech/ar/blog/ataque-real-en-npm-como-el-compromiso-de-axios-expuso-miles-de-entornos-sin-que-nadie-lo-notara/,https://pixvo.tech/ar/auditoria-crecimiento-digital/,editorial_to_money,Auditoría,P1,ar
https://pixvo.tech/ar/blog/ataque-real-en-npm-como-el-compromiso-de-axios-expuso-miles-de-entornos-sin-que-nadie-lo-notara/,https://pixvo.tech/ar/planes/,conversion,Planes,P1,ar
https://pixvo.tech/ar/blog/ataque-real-en-npm-como-el-compromiso-de-axios-expuso-miles-de-entornos-sin-que-nadie-lo-notara/,https://pixvo.tech/ar/casos-de-exito/,internal,Casos de éxito,P1,ar
https://pixvo.tech/ar/blog/ataque-real-en-npm-como-el-compromiso-de-axios-expuso-miles-de-entornos-sin-que-nadie-lo-notara/,https://pixvo.tech/ar/recursos/,internal,Recursos,P2,ar
https://pixvo.tech/ar/blog/ataque-real-en-npm-como-el-compromiso-de-axios-expuso-miles-de-entornos-sin-que-nadie-lo-notara/,https://pixvo.tech/ar/blog/,child_to_parent,Blog,P2,ar
https://pixvo.tech/ar/blog/ataque-real-en-npm-como-el-compromiso-de-axios-expuso-miles-de-entornos-sin-que-nadie-lo-notara/,https://pixvo.tech/ar/solicitar-diagnostico/,conversion,Solicitar diagnóstico,P1,ar
https://pixvo.tech/ar/blog/ataque-real-en-npm-como-el-compromiso-de-axios-expuso-miles-de-entornos-sin-que-nadie-lo-notara/,https://pixvo.tech/,internal,Inicio,P1,ar
https://pixvo.tech/ar/blog/ataque-real-en-npm-como-el-compromiso-de-axios-expuso-miles-de-entornos-sin-que-nadie-lo-notara/,https://pixvo.tech/ar/,internal,Argentina,P1,ar
https://pixvo.tech/ar/blog/ataque-real-en-npm-como-el-compromiso-de-axios-expuso-miles-de-entornos-sin-que-nadie-lo-notara/,https://pixvo.tech/ar/sistema-crecimiento-digital/,editorial_to_money,Argentina,P1,ar
https://pixvo.tech/ar/blog/ataque-real-en-npm-como-el-compromiso-de-axios-expuso-miles-de-entornos-sin-que-nadie-lo-notara/,https://pixvo.tech/ar/soluciones/optimizacion-wordpress/,editorial_to_money,mejorar rendimiento y estabilidad en WordPress,P2,ar
https://pixvo.tech/ar/blog/ataque-real-en-npm-como-el-compromiso-de-axios-expuso-miles-de-entornos-sin-que-nadie-lo-notara/,https://pixvo.tech/ar/soluciones/automatizacion-de-procesos/,editorial_to_money,Automatización,P1,ar
https://pixvo.tech/ar/blog/ataque-real-en-npm-como-el-compromiso-de-axios-expuso-miles-de-entornos-sin-que-nadie-lo-notara/,https://pixvo.tech/ar/soluciones/seguimiento-de-leads/,editorial_to_money,Seguimiento de leads,P1,ar
https://pixvo.tech/ar/blog/ataque-real-en-npm-como-el-compromiso-de-axios-expuso-miles-de-entornos-sin-que-nadie-lo-notara/,https://pixvo.tech/ar/nosotros/,internal,Nosotros,P3,ar
https://pixvo.tech/ar/blog/ataque-real-en-npm-como-el-compromiso-de-axios-expuso-miles-de-entornos-sin-que-nadie-lo-notara/,https://pixvo.tech/ar/contacto/,internal,Contacto,P3,ar
https://pixvo.tech/ar/blog/ataque-real-en-npm-como-el-compromiso-de-axios-expuso-miles-de-entornos-sin-que-nadie-lo-notara/,https://pixvo.tech/mx/,internal,México,P1,ar
https://pixvo.tech/ar/blog/ataque-real-en-npm-como-el-compromiso-de-axios-expuso-miles-de-entornos-sin-que-nadie-lo-notara/,https://pixvo.tech/es/,internal,España,P1,ar
https://pixvo.tech/ar/blog/matriz-objetivo-icp-canal-lead-magnet-pagina-evento-de-conversion-metricas/,https://pixvo.tech/ar/sistema-crecimiento-digital/,editorial_to_money,Sistema de crecimiento,P1,ar
https://pixvo.tech/ar/blog/matriz-objetivo-icp-canal-lead-magnet-pagina-evento-de-conversion-metricas/,https://pixvo.tech/ar/soluciones/seo-para-pymes/,editorial_to_money,SEO para PyMEs,P1,ar
https://pixvo.tech/ar/blog/matriz-objetivo-icp-canal-lead-magnet-pagina-evento-de-conversion-metricas/,https://pixvo.tech/ar/auditoria-crecimiento-digital/,editorial_to_money,Auditoría,P1,ar
https://pixvo.tech/ar/blog/matriz-objetivo-icp-canal-lead-magnet-pagina-evento-de-conversion-metricas/,https://pixvo.tech/ar/planes/,conversion,Planes,P1,ar
https://pixvo.tech/ar/blog/matriz-objetivo-icp-canal-lead-magnet-pagina-evento-de-conversion-metricas/,https://pixvo.tech/ar/casos-de-exito/,internal,Casos de éxito,P1,ar
https://pixvo.tech/ar/blog/matriz-objetivo-icp-canal-lead-magnet-pagina-evento-de-conversion-metricas/,https://pixvo.tech/ar/recursos/,internal,Recursos,P2,ar
https://pixvo.tech/ar/blog/matriz-objetivo-icp-canal-lead-magnet-pagina-evento-de-conversion-metricas/,https://pixvo.tech/ar/blog/,child_to_parent,Blog,P2,ar
https://pixvo.tech/ar/blog/matriz-objetivo-icp-canal-lead-magnet-pagina-evento-de-conversion-metricas/,https://pixvo.tech/ar/solicitar-diagnostico/,conversion,Solicitar diagnóstico,P1,ar
https://pixvo.tech/ar/blog/matriz-objetivo-icp-canal-lead-magnet-pagina-evento-de-conversion-metricas/,https://pixvo.tech/,internal,Inicio,P1,ar
https://pixvo.tech/ar/blog/matriz-objetivo-icp-canal-lead-magnet-pagina-evento-de-conversion-metricas/,https://pixvo.tech/ar/,internal,Argentina,P1,ar
https://pixvo.tech/ar/blog/matriz-objetivo-icp-canal-lead-magnet-pagina-evento-de-conversion-metricas/,https://pixvo.tech/ar/soluciones/analitica-digital/,editorial_to_money,Argentina,P2,ar
https://pixvo.tech/ar/blog/matriz-objetivo-icp-canal-lead-magnet-pagina-evento-de-conversion-metricas/,https://pixvo.tech/ar/soluciones/optimizacion-de-conversion/,editorial_to_money,mejorar la conversión de tu web,P2,ar
https://pixvo.tech/ar/blog/matriz-objetivo-icp-canal-lead-magnet-pagina-evento-de-conversion-metricas/,https://pixvo.tech/ar/soluciones/seguimiento-de-leads/,editorial_to_money,automatizar el seguimiento de tus leads,P1,ar
https://pixvo.tech/ar/blog/matriz-objetivo-icp-canal-lead-magnet-pagina-evento-de-conversion-metricas/,https://pixvo.tech/ar/soluciones/automatizacion-de-procesos/,editorial_to_money,Automatización,P1,ar
https://pixvo.tech/ar/blog/matriz-objetivo-icp-canal-lead-magnet-pagina-evento-de-conversion-metricas/,https://pixvo.tech/ar/soluciones/seguimiento-de-leads/,editorial_to_money,Seguimiento de leads,P1,ar
https://pixvo.tech/ar/blog/matriz-objetivo-icp-canal-lead-magnet-pagina-evento-de-conversion-metricas/,https://pixvo.tech/ar/nosotros/,internal,Nosotros,P3,ar
https://pixvo.tech/ar/blog/matriz-objetivo-icp-canal-lead-magnet-pagina-evento-de-conversion-metricas/,https://pixvo.tech/ar/contacto/,internal,Contacto,P3,ar
https://pixvo.tech/ar/blog/matriz-objetivo-icp-canal-lead-magnet-pagina-evento-de-conversion-metricas/,https://pixvo.tech/mx/,internal,México,P1,ar
https://pixvo.tech/ar/blog/matriz-objetivo-icp-canal-lead-magnet-pagina-evento-de-conversion-metricas/,https://pixvo.tech/es/,internal,España,P1,ar
https://pixvo.tech/ar/blog/por-que-un-sitio-wordpress-no-puede-quedar-librado-a-la-suerte-y-como-evitar-dolores-de-cabeza-despues/,https://pixvo.tech/ar/sistema-crecimiento-digital/,editorial_to_money,Sistema de crecimiento,P1,ar
https://pixvo.tech/ar/blog/por-que-un-sitio-wordpress-no-puede-quedar-librado-a-la-suerte-y-como-evitar-dolores-de-cabeza-despues/,https://pixvo.tech/ar/soluciones/seo-para-pymes/,editorial_to_money,SEO para PyMEs,P1,ar
https://pixvo.tech/ar/blog/por-que-un-sitio-wordpress-no-puede-quedar-librado-a-la-suerte-y-como-evitar-dolores-de-cabeza-despues/,https://pixvo.tech/ar/auditoria-crecimiento-digital/,editorial_to_money,Auditoría,P1,ar
https://pixvo.tech/ar/blog/por-que-un-sitio-wordpress-no-puede-quedar-librado-a-la-suerte-y-como-evitar-dolores-de-cabeza-despues/,https://pixvo.tech/ar/planes/,conversion,Planes,P1,ar
https://pixvo.tech/ar/blog/por-que-un-sitio-wordpress-no-puede-quedar-librado-a-la-suerte-y-como-evitar-dolores-de-cabeza-despues/,https://pixvo.tech/ar/casos-de-exito/,internal,Casos de éxito,P1,ar
https://pixvo.tech/ar/blog/por-que-un-sitio-wordpress-no-puede-quedar-librado-a-la-suerte-y-como-evitar-dolores-de-cabeza-despues/,https://pixvo.tech/ar/recursos/,internal,Recursos,P2,ar
https://pixvo.tech/ar/blog/por-que-un-sitio-wordpress-no-puede-quedar-librado-a-la-suerte-y-como-evitar-dolores-de-cabeza-despues/,https://pixvo.tech/ar/blog/,child_to_parent,Blog,P2,ar
https://pixvo.tech/ar/blog/por-que-un-sitio-wordpress-no-puede-quedar-librado-a-la-suerte-y-como-evitar-dolores-de-cabeza-despues/,https://pixvo.tech/ar/solicitar-diagnostico/,conversion,Solicitar diagnóstico,P1,ar
https://pixvo.tech/ar/blog/por-que-un-sitio-wordpress-no-puede-quedar-librado-a-la-suerte-y-como-evitar-dolores-de-cabeza-despues/,https://pixvo.tech/,internal,Inicio,P1,ar
https://pixvo.tech/ar/blog/por-que-un-sitio-wordpress-no-puede-quedar-librado-a-la-suerte-y-como-evitar-dolores-de-cabeza-despues/,https://pixvo.tech/ar/,internal,Argentina,P1,ar
https://pixvo.tech/ar/blog/por-que-un-sitio-wordpress-no-puede-quedar-librado-a-la-suerte-y-como-evitar-dolores-de-cabeza-despues/,https://pixvo.tech/ar/soluciones/optimizacion-wordpress/,editorial_to_money,Argentina,P2,ar
https://pixvo.tech/ar/blog/por-que-un-sitio-wordpress-no-puede-quedar-librado-a-la-suerte-y-como-evitar-dolores-de-cabeza-despues/,https://pixvo.tech/ar/soluciones/seo-wordpress/,editorial_to_money,mejorar el rastreo y la indexación de WordPress,P2,ar
https://pixvo.tech/ar/blog/por-que-un-sitio-wordpress-no-puede-quedar-librado-a-la-suerte-y-como-evitar-dolores-de-cabeza-despues/,https://pixvo.tech/ar/auditoria-crecimiento-digital/,editorial_to_money,auditar el proceso de captación y conversión,P1,ar
https://pixvo.tech/ar/blog/por-que-un-sitio-wordpress-no-puede-quedar-librado-a-la-suerte-y-como-evitar-dolores-de-cabeza-despues/,https://pixvo.tech/proyectos/shortcodes-en-pestanas/,internal,"Ver el proyecto técnico relacionado, separado de los casos de éxito",P3,ar
https://pixvo.tech/ar/blog/por-que-un-sitio-wordpress-no-puede-quedar-librado-a-la-suerte-y-como-evitar-dolores-de-cabeza-despues/,https://pixvo.tech/ar/soluciones/automatizacion-de-procesos/,editorial_to_money,Automatización,P1,ar
https://pixvo.tech/ar/blog/por-que-un-sitio-wordpress-no-puede-quedar-librado-a-la-suerte-y-como-evitar-dolores-de-cabeza-despues/,https://pixvo.tech/ar/soluciones/seguimiento-de-leads/,editorial_to_money,Seguimiento de leads,P1,ar
https://pixvo.tech/ar/blog/por-que-un-sitio-wordpress-no-puede-quedar-librado-a-la-suerte-y-como-evitar-dolores-de-cabeza-despues/,https://pixvo.tech/ar/nosotros/,internal,Nosotros,P3,ar
https://pixvo.tech/ar/blog/por-que-un-sitio-wordpress-no-puede-quedar-librado-a-la-suerte-y-como-evitar-dolores-de-cabeza-despues/,https://pixvo.tech/ar/contacto/,internal,Contacto,P3,ar
https://pixvo.tech/ar/blog/por-que-un-sitio-wordpress-no-puede-quedar-librado-a-la-suerte-y-como-evitar-dolores-de-cabeza-despues/,https://pixvo.tech/mx/,internal,México,P1,ar
https://pixvo.tech/ar/blog/por-que-un-sitio-wordpress-no-puede-quedar-librado-a-la-suerte-y-como-evitar-dolores-de-cabeza-despues/,https://pixvo.tech/es/,internal,España,P1,ar
https://pixvo.tech/ar/blog/como-una-buena-automatizacion-puede-cambiar-por-completo-el-flujo-de-trabajo-de-tu-empresa/,https://pixvo.tech/ar/sistema-crecimiento-digital/,editorial_to_money,Sistema de crecimiento,P1,ar
https://pixvo.tech/ar/blog/como-una-buena-automatizacion-puede-cambiar-por-completo-el-flujo-de-trabajo-de-tu-empresa/,https://pixvo.tech/ar/soluciones/seo-para-pymes/,editorial_to_money,SEO para PyMEs,P1,ar
https://pixvo.tech/ar/blog/como-una-buena-automatizacion-puede-cambiar-por-completo-el-flujo-de-trabajo-de-tu-empresa/,https://pixvo.tech/ar/auditoria-crecimiento-digital/,editorial_to_money,Auditoría,P1,ar
https://pixvo.tech/ar/blog/como-una-buena-automatizacion-puede-cambiar-por-completo-el-flujo-de-trabajo-de-tu-empresa/,https://pixvo.tech/ar/planes/,conversion,Planes,P1,ar
https://pixvo.tech/ar/blog/como-una-buena-automatizacion-puede-cambiar-por-completo-el-flujo-de-trabajo-de-tu-empresa/,https://pixvo.tech/ar/casos-de-exito/,internal,Casos de éxito,P1,ar
https://pixvo.tech/ar/blog/como-una-buena-automatizacion-puede-cambiar-por-completo-el-flujo-de-trabajo-de-tu-empresa/,https://pixvo.tech/ar/recursos/,internal,Recursos,P2,ar
https://pixvo.tech/ar/blog/como-una-buena-automatizacion-puede-cambiar-por-completo-el-flujo-de-trabajo-de-tu-empresa/,https://pixvo.tech/ar/blog/,child_to_parent,Blog,P2,ar
https://pixvo.tech/ar/blog/como-una-buena-automatizacion-puede-cambiar-por-completo-el-flujo-de-trabajo-de-tu-empresa/,https://pixvo.tech/ar/solicitar-diagnostico/,conversion,Solicitar diagnóstico,P1,ar
https://pixvo.tech/ar/blog/como-una-buena-automatizacion-puede-cambiar-por-completo-el-flujo-de-trabajo-de-tu-empresa/,https://pixvo.tech/,internal,Inicio,P1,ar
https://pixvo.tech/ar/blog/como-una-buena-automatizacion-puede-cambiar-por-completo-el-flujo-de-trabajo-de-tu-empresa/,https://pixvo.tech/ar/,internal,Argentina,P1,ar
https://pixvo.tech/ar/blog/como-una-buena-automatizacion-puede-cambiar-por-completo-el-flujo-de-trabajo-de-tu-empresa/,https://pixvo.tech/ar/soluciones/automatizacion-de-procesos/,editorial_to_money,Argentina,P1,ar
https://pixvo.tech/ar/blog/como-una-buena-automatizacion-puede-cambiar-por-completo-el-flujo-de-trabajo-de-tu-empresa/,https://pixvo.tech/ar/soluciones/seguimiento-de-leads/,editorial_to_money,automatizar el seguimiento de tus leads,P1,ar
https://pixvo.tech/ar/blog/como-una-buena-automatizacion-puede-cambiar-por-completo-el-flujo-de-trabajo-de-tu-empresa/,https://pixvo.tech/ar/soluciones/analitica-digital/,editorial_to_money,medir qué acciones generan oportunidades,P2,ar
https://pixvo.tech/ar/blog/como-una-buena-automatizacion-puede-cambiar-por-completo-el-flujo-de-trabajo-de-tu-empresa/,https://pixvo.tech/ar/soluciones/automatizacion-de-procesos/,editorial_to_money,Automatización,P1,ar
https://pixvo.tech/ar/blog/como-una-buena-automatizacion-puede-cambiar-por-completo-el-flujo-de-trabajo-de-tu-empresa/,https://pixvo.tech/ar/soluciones/seguimiento-de-leads/,editorial_to_money,Seguimiento de leads,P1,ar
https://pixvo.tech/ar/blog/como-una-buena-automatizacion-puede-cambiar-por-completo-el-flujo-de-trabajo-de-tu-empresa/,https://pixvo.tech/ar/nosotros/,internal,Nosotros,P3,ar
https://pixvo.tech/ar/blog/como-una-buena-automatizacion-puede-cambiar-por-completo-el-flujo-de-trabajo-de-tu-empresa/,https://pixvo.tech/ar/contacto/,internal,Contacto,P3,ar
https://pixvo.tech/ar/blog/como-una-buena-automatizacion-puede-cambiar-por-completo-el-flujo-de-trabajo-de-tu-empresa/,https://pixvo.tech/mx/,internal,México,P1,ar
https://pixvo.tech/ar/blog/como-una-buena-automatizacion-puede-cambiar-por-completo-el-flujo-de-trabajo-de-tu-empresa/,https://pixvo.tech/es/,internal,España,P1,ar
https://pixvo.tech/ar/blog/por-que-geeksy-shop-es-hoy-una-de-las-mejores-fuentes-para-comprar-productos-del-fandom-y-como-aprovecharlo-desde-pixvo-tech/,https://pixvo.tech/ar/sistema-crecimiento-digital/,editorial_to_money,Sistema de crecimiento,P1,ar
https://pixvo.tech/ar/blog/por-que-geeksy-shop-es-hoy-una-de-las-mejores-fuentes-para-comprar-productos-del-fandom-y-como-aprovecharlo-desde-pixvo-tech/,https://pixvo.tech/ar/soluciones/seo-para-pymes/,editorial_to_money,SEO para PyMEs,P1,ar
https://pixvo.tech/ar/blog/por-que-geeksy-shop-es-hoy-una-de-las-mejores-fuentes-para-comprar-productos-del-fandom-y-como-aprovecharlo-desde-pixvo-tech/,https://pixvo.tech/ar/auditoria-crecimiento-digital/,editorial_to_money,Auditoría,P1,ar
https://pixvo.tech/ar/blog/por-que-geeksy-shop-es-hoy-una-de-las-mejores-fuentes-para-comprar-productos-del-fandom-y-como-aprovecharlo-desde-pixvo-tech/,https://pixvo.tech/ar/planes/,conversion,Planes,P1,ar
https://pixvo.tech/ar/blog/por-que-geeksy-shop-es-hoy-una-de-las-mejores-fuentes-para-comprar-productos-del-fandom-y-como-aprovecharlo-desde-pixvo-tech/,https://pixvo.tech/ar/casos-de-exito/,internal,Casos de éxito,P1,ar
https://pixvo.tech/ar/blog/por-que-geeksy-shop-es-hoy-una-de-las-mejores-fuentes-para-comprar-productos-del-fandom-y-como-aprovecharlo-desde-pixvo-tech/,https://pixvo.tech/ar/recursos/,internal,Recursos,P2,ar
https://pixvo.tech/ar/blog/por-que-geeksy-shop-es-hoy-una-de-las-mejores-fuentes-para-comprar-productos-del-fandom-y-como-aprovecharlo-desde-pixvo-tech/,https://pixvo.tech/ar/blog/,child_to_parent,Blog,P2,ar
https://pixvo.tech/ar/blog/por-que-geeksy-shop-es-hoy-una-de-las-mejores-fuentes-para-comprar-productos-del-fandom-y-como-aprovecharlo-desde-pixvo-tech/,https://pixvo.tech/ar/solicitar-diagnostico/,conversion,Solicitar diagnóstico,P1,ar
https://pixvo.tech/ar/blog/por-que-geeksy-shop-es-hoy-una-de-las-mejores-fuentes-para-comprar-productos-del-fandom-y-como-aprovecharlo-desde-pixvo-tech/,https://pixvo.tech/,internal,Inicio,P1,ar
https://pixvo.tech/ar/blog/por-que-geeksy-shop-es-hoy-una-de-las-mejores-fuentes-para-comprar-productos-del-fandom-y-como-aprovecharlo-desde-pixvo-tech/,https://pixvo.tech/ar/,internal,Argentina,P1,ar
https://pixvo.tech/ar/blog/por-que-geeksy-shop-es-hoy-una-de-las-mejores-fuentes-para-comprar-productos-del-fandom-y-como-aprovecharlo-desde-pixvo-tech/,https://pixvo.tech/ar/soluciones/seo-para-pymes/,editorial_to_money,Argentina,P1,ar
https://pixvo.tech/ar/blog/por-que-geeksy-shop-es-hoy-una-de-las-mejores-fuentes-para-comprar-productos-del-fandom-y-como-aprovecharlo-desde-pixvo-tech/,https://pixvo.tech/ar/soluciones/contenido-seo/,editorial_to_money,conectar el contenido con intención comercial,P2,ar
https://pixvo.tech/ar/blog/por-que-geeksy-shop-es-hoy-una-de-las-mejores-fuentes-para-comprar-productos-del-fandom-y-como-aprovecharlo-desde-pixvo-tech/,https://pixvo.tech/ar/soluciones/optimizacion-de-conversion/,editorial_to_money,mejorar la conversión de tu web,P2,ar
https://pixvo.tech/ar/blog/por-que-geeksy-shop-es-hoy-una-de-las-mejores-fuentes-para-comprar-productos-del-fandom-y-como-aprovecharlo-desde-pixvo-tech/,https://pixvo.tech/ar/soluciones/automatizacion-de-procesos/,editorial_to_money,Automatización,P1,ar
https://pixvo.tech/ar/blog/por-que-geeksy-shop-es-hoy-una-de-las-mejores-fuentes-para-comprar-productos-del-fandom-y-como-aprovecharlo-desde-pixvo-tech/,https://pixvo.tech/ar/soluciones/seguimiento-de-leads/,editorial_to_money,Seguimiento de leads,P1,ar
https://pixvo.tech/ar/blog/por-que-geeksy-shop-es-hoy-una-de-las-mejores-fuentes-para-comprar-productos-del-fandom-y-como-aprovecharlo-desde-pixvo-tech/,https://pixvo.tech/ar/nosotros/,internal,Nosotros,P3,ar
https://pixvo.tech/ar/blog/por-que-geeksy-shop-es-hoy-una-de-las-mejores-fuentes-para-comprar-productos-del-fandom-y-como-aprovecharlo-desde-pixvo-tech/,https://pixvo.tech/ar/contacto/,internal,Contacto,P3,ar
https://pixvo.tech/ar/blog/por-que-geeksy-shop-es-hoy-una-de-las-mejores-fuentes-para-comprar-productos-del-fandom-y-como-aprovecharlo-desde-pixvo-tech/,https://pixvo.tech/mx/,internal,México,P1,ar
https://pixvo.tech/ar/blog/por-que-geeksy-shop-es-hoy-una-de-las-mejores-fuentes-para-comprar-productos-del-fandom-y-como-aprovecharlo-desde-pixvo-tech/,https://pixvo.tech/es/,internal,España,P1,ar
https://pixvo.tech/ar/blog/black-friday-y-cyber-week-el-momento-del-ano-donde-tu-negocio-no-puede-improvisar/,https://pixvo.tech/ar/sistema-crecimiento-digital/,editorial_to_money,Sistema de crecimiento,P1,ar
https://pixvo.tech/ar/blog/black-friday-y-cyber-week-el-momento-del-ano-donde-tu-negocio-no-puede-improvisar/,https://pixvo.tech/ar/soluciones/seo-para-pymes/,editorial_to_money,SEO para PyMEs,P1,ar
https://pixvo.tech/ar/blog/black-friday-y-cyber-week-el-momento-del-ano-donde-tu-negocio-no-puede-improvisar/,https://pixvo.tech/ar/auditoria-crecimiento-digital/,editorial_to_money,Auditoría,P1,ar
https://pixvo.tech/ar/blog/black-friday-y-cyber-week-el-momento-del-ano-donde-tu-negocio-no-puede-improvisar/,https://pixvo.tech/ar/planes/,conversion,Planes,P1,ar
https://pixvo.tech/ar/blog/black-friday-y-cyber-week-el-momento-del-ano-donde-tu-negocio-no-puede-improvisar/,https://pixvo.tech/ar/casos-de-exito/,internal,Casos de éxito,P1,ar
https://pixvo.tech/ar/blog/black-friday-y-cyber-week-el-momento-del-ano-donde-tu-negocio-no-puede-improvisar/,https://pixvo.tech/ar/recursos/,internal,Recursos,P2,ar
https://pixvo.tech/ar/blog/black-friday-y-cyber-week-el-momento-del-ano-donde-tu-negocio-no-puede-improvisar/,https://pixvo.tech/ar/blog/,child_to_parent,Blog,P2,ar
https://pixvo.tech/ar/blog/black-friday-y-cyber-week-el-momento-del-ano-donde-tu-negocio-no-puede-improvisar/,https://pixvo.tech/ar/solicitar-diagnostico/,conversion,Solicitar diagnóstico,P1,ar
https://pixvo.tech/ar/blog/black-friday-y-cyber-week-el-momento-del-ano-donde-tu-negocio-no-puede-improvisar/,https://pixvo.tech/,internal,Inicio,P1,ar
https://pixvo.tech/ar/blog/black-friday-y-cyber-week-el-momento-del-ano-donde-tu-negocio-no-puede-improvisar/,https://pixvo.tech/ar/,internal,Argentina,P1,ar
https://pixvo.tech/ar/blog/black-friday-y-cyber-week-el-momento-del-ano-donde-tu-negocio-no-puede-improvisar/,https://pixvo.tech/ar/soluciones/optimizacion-de-conversion/,editorial_to_money,Argentina,P2,ar
https://pixvo.tech/ar/blog/black-friday-y-cyber-week-el-momento-del-ano-donde-tu-negocio-no-puede-improvisar/,https://pixvo.tech/ar/soluciones/analitica-digital/,editorial_to_money,medir qué acciones generan oportunidades,P2,ar
https://pixvo.tech/ar/blog/black-friday-y-cyber-week-el-momento-del-ano-donde-tu-negocio-no-puede-improvisar/,https://pixvo.tech/ar/soluciones/automatizacion-de-marketing/,editorial_to_money,organizar captación y comunicaciones automatizadas,P2,ar
https://pixvo.tech/ar/blog/black-friday-y-cyber-week-el-momento-del-ano-donde-tu-negocio-no-puede-improvisar/,https://pixvo.tech/ar/soluciones/automatizacion-de-procesos/,editorial_to_money,Automatización,P1,ar
https://pixvo.tech/ar/blog/black-friday-y-cyber-week-el-momento-del-ano-donde-tu-negocio-no-puede-improvisar/,https://pixvo.tech/ar/soluciones/seguimiento-de-leads/,editorial_to_money,Seguimiento de leads,P1,ar
https://pixvo.tech/ar/blog/black-friday-y-cyber-week-el-momento-del-ano-donde-tu-negocio-no-puede-improvisar/,https://pixvo.tech/ar/nosotros/,internal,Nosotros,P3,ar
https://pixvo.tech/ar/blog/black-friday-y-cyber-week-el-momento-del-ano-donde-tu-negocio-no-puede-improvisar/,https://pixvo.tech/ar/contacto/,internal,Contacto,P3,ar
https://pixvo.tech/ar/blog/black-friday-y-cyber-week-el-momento-del-ano-donde-tu-negocio-no-puede-improvisar/,https://pixvo.tech/mx/,internal,México,P1,ar
https://pixvo.tech/ar/blog/black-friday-y-cyber-week-el-momento-del-ano-donde-tu-negocio-no-puede-improvisar/,https://pixvo.tech/es/,internal,España,P1,ar
https://pixvo.tech/ar/blog/el-mal-uso-de-la-ia-y-sus-consecuencias-reales-el-ejemplo-critico-de-los-libros-de-foraging-en-amazon/,https://pixvo.tech/ar/sistema-crecimiento-digital/,editorial_to_money,Sistema de crecimiento,P1,ar
https://pixvo.tech/ar/blog/el-mal-uso-de-la-ia-y-sus-consecuencias-reales-el-ejemplo-critico-de-los-libros-de-foraging-en-amazon/,https://pixvo.tech/ar/soluciones/seo-para-pymes/,editorial_to_money,SEO para PyMEs,P1,ar
https://pixvo.tech/ar/blog/el-mal-uso-de-la-ia-y-sus-consecuencias-reales-el-ejemplo-critico-de-los-libros-de-foraging-en-amazon/,https://pixvo.tech/ar/auditoria-crecimiento-digital/,editorial_to_money,Auditoría,P1,ar
https://pixvo.tech/ar/blog/el-mal-uso-de-la-ia-y-sus-consecuencias-reales-el-ejemplo-critico-de-los-libros-de-foraging-en-amazon/,https://pixvo.tech/ar/planes/,conversion,Planes,P1,ar
https://pixvo.tech/ar/blog/el-mal-uso-de-la-ia-y-sus-consecuencias-reales-el-ejemplo-critico-de-los-libros-de-foraging-en-amazon/,https://pixvo.tech/ar/casos-de-exito/,internal,Casos de éxito,P1,ar
https://pixvo.tech/ar/blog/el-mal-uso-de-la-ia-y-sus-consecuencias-reales-el-ejemplo-critico-de-los-libros-de-foraging-en-amazon/,https://pixvo.tech/ar/recursos/,internal,Recursos,P2,ar
https://pixvo.tech/ar/blog/el-mal-uso-de-la-ia-y-sus-consecuencias-reales-el-ejemplo-critico-de-los-libros-de-foraging-en-amazon/,https://pixvo.tech/ar/blog/,child_to_parent,Blog,P2,ar
https://pixvo.tech/ar/blog/el-mal-uso-de-la-ia-y-sus-consecuencias-reales-el-ejemplo-critico-de-los-libros-de-foraging-en-amazon/,https://pixvo.tech/ar/solicitar-diagnostico/,conversion,Solicitar diagnóstico,P1,ar
https://pixvo.tech/ar/blog/el-mal-uso-de-la-ia-y-sus-consecuencias-reales-el-ejemplo-critico-de-los-libros-de-foraging-en-amazon/,https://pixvo.tech/,internal,Inicio,P1,ar
https://pixvo.tech/ar/blog/el-mal-uso-de-la-ia-y-sus-consecuencias-reales-el-ejemplo-critico-de-los-libros-de-foraging-en-amazon/,https://pixvo.tech/ar/,internal,Argentina,P1,ar
https://pixvo.tech/ar/blog/el-mal-uso-de-la-ia-y-sus-consecuencias-reales-el-ejemplo-critico-de-los-libros-de-foraging-en-amazon/,https://pixvo.tech/ar/soluciones/contenido-seo/,editorial_to_money,Argentina,P2,ar
https://pixvo.tech/ar/blog/el-mal-uso-de-la-ia-y-sus-consecuencias-reales-el-ejemplo-critico-de-los-libros-de-foraging-en-amazon/,https://pixvo.tech/ar/soluciones/seo-para-pymes/,editorial_to_money,convertir esta idea en una estrategia SEO para PyMEs,P1,ar
https://pixvo.tech/ar/blog/el-mal-uso-de-la-ia-y-sus-consecuencias-reales-el-ejemplo-critico-de-los-libros-de-foraging-en-amazon/,https://pixvo.tech/ar/soluciones/automatizacion-de-procesos/,editorial_to_money,Automatización,P1,ar
https://pixvo.tech/ar/blog/el-mal-uso-de-la-ia-y-sus-consecuencias-reales-el-ejemplo-critico-de-los-libros-de-foraging-en-amazon/,https://pixvo.tech/ar/soluciones/seguimiento-de-leads/,editorial_to_money,Seguimiento de leads,P1,ar
https://pixvo.tech/ar/blog/el-mal-uso-de-la-ia-y-sus-consecuencias-reales-el-ejemplo-critico-de-los-libros-de-foraging-en-amazon/,https://pixvo.tech/ar/nosotros/,internal,Nosotros,P3,ar
https://pixvo.tech/ar/blog/el-mal-uso-de-la-ia-y-sus-consecuencias-reales-el-ejemplo-critico-de-los-libros-de-foraging-en-amazon/,https://pixvo.tech/ar/contacto/,internal,Contacto,P3,ar
https://pixvo.tech/ar/blog/el-mal-uso-de-la-ia-y-sus-consecuencias-reales-el-ejemplo-critico-de-los-libros-de-foraging-en-amazon/,https://pixvo.tech/mx/,internal,México,P1,ar
https://pixvo.tech/ar/blog/el-mal-uso-de-la-ia-y-sus-consecuencias-reales-el-ejemplo-critico-de-los-libros-de-foraging-en-amazon/,https://pixvo.tech/es/,internal,España,P1,ar
https://pixvo.tech/ar/blog/por-que-necesitas-un-sitio-web-profesional-en-2025-y-como-conseguir-hosting-premium-con-descuento/,https://pixvo.tech/ar/sistema-crecimiento-digital/,editorial_to_money,Sistema de crecimiento,P1,ar
https://pixvo.tech/ar/blog/por-que-necesitas-un-sitio-web-profesional-en-2025-y-como-conseguir-hosting-premium-con-descuento/,https://pixvo.tech/ar/soluciones/seo-para-pymes/,editorial_to_money,SEO para PyMEs,P1,ar
https://pixvo.tech/ar/blog/por-que-necesitas-un-sitio-web-profesional-en-2025-y-como-conseguir-hosting-premium-con-descuento/,https://pixvo.tech/ar/auditoria-crecimiento-digital/,editorial_to_money,Auditoría,P1,ar
https://pixvo.tech/ar/blog/por-que-necesitas-un-sitio-web-profesional-en-2025-y-como-conseguir-hosting-premium-con-descuento/,https://pixvo.tech/ar/planes/,conversion,Planes,P1,ar
https://pixvo.tech/ar/blog/por-que-necesitas-un-sitio-web-profesional-en-2025-y-como-conseguir-hosting-premium-con-descuento/,https://pixvo.tech/ar/casos-de-exito/,internal,Casos de éxito,P1,ar
https://pixvo.tech/ar/blog/por-que-necesitas-un-sitio-web-profesional-en-2025-y-como-conseguir-hosting-premium-con-descuento/,https://pixvo.tech/ar/recursos/,internal,Recursos,P2,ar
https://pixvo.tech/ar/blog/por-que-necesitas-un-sitio-web-profesional-en-2025-y-como-conseguir-hosting-premium-con-descuento/,https://pixvo.tech/ar/blog/,child_to_parent,Blog,P2,ar
https://pixvo.tech/ar/blog/por-que-necesitas-un-sitio-web-profesional-en-2025-y-como-conseguir-hosting-premium-con-descuento/,https://pixvo.tech/ar/solicitar-diagnostico/,conversion,Solicitar diagnóstico,P1,ar
https://pixvo.tech/ar/blog/por-que-necesitas-un-sitio-web-profesional-en-2025-y-como-conseguir-hosting-premium-con-descuento/,https://pixvo.tech/,internal,Inicio,P1,ar
https://pixvo.tech/ar/blog/por-que-necesitas-un-sitio-web-profesional-en-2025-y-como-conseguir-hosting-premium-con-descuento/,https://pixvo.tech/ar/,internal,Argentina,P1,ar
https://pixvo.tech/ar/blog/por-que-necesitas-un-sitio-web-profesional-en-2025-y-como-conseguir-hosting-premium-con-descuento/,https://pixvo.tech/ar/soluciones/optimizacion-wordpress/,editorial_to_money,Argentina,P2,ar
https://pixvo.tech/ar/blog/por-que-necesitas-un-sitio-web-profesional-en-2025-y-como-conseguir-hosting-premium-con-descuento/,https://pixvo.tech/ar/soluciones/seo-wordpress/,editorial_to_money,mejorar el rastreo y la indexación de WordPress,P2,ar
https://pixvo.tech/ar/blog/por-que-necesitas-un-sitio-web-profesional-en-2025-y-como-conseguir-hosting-premium-con-descuento/,https://pixvo.tech/ar/soluciones/optimizacion-de-conversion/,editorial_to_money,mejorar la conversión de tu web,P2,ar
https://pixvo.tech/ar/blog/por-que-necesitas-un-sitio-web-profesional-en-2025-y-como-conseguir-hosting-premium-con-descuento/,https://pixvo.tech/ar/soluciones/automatizacion-de-procesos/,editorial_to_money,Automatización,P1,ar
https://pixvo.tech/ar/blog/por-que-necesitas-un-sitio-web-profesional-en-2025-y-como-conseguir-hosting-premium-con-descuento/,https://pixvo.tech/ar/soluciones/seguimiento-de-leads/,editorial_to_money,Seguimiento de leads,P1,ar
https://pixvo.tech/ar/blog/por-que-necesitas-un-sitio-web-profesional-en-2025-y-como-conseguir-hosting-premium-con-descuento/,https://pixvo.tech/ar/nosotros/,internal,Nosotros,P3,ar
https://pixvo.tech/ar/blog/por-que-necesitas-un-sitio-web-profesional-en-2025-y-como-conseguir-hosting-premium-con-descuento/,https://pixvo.tech/ar/contacto/,internal,Contacto,P3,ar
https://pixvo.tech/ar/blog/por-que-necesitas-un-sitio-web-profesional-en-2025-y-como-conseguir-hosting-premium-con-descuento/,https://pixvo.tech/mx/,internal,México,P1,ar
https://pixvo.tech/ar/blog/por-que-necesitas-un-sitio-web-profesional-en-2025-y-como-conseguir-hosting-premium-con-descuento/,https://pixvo.tech/es/,internal,España,P1,ar
https://pixvo.tech/ar/blog/la-importancia-de-las-decisiones-y-resoluciones-eficientes-en-la-gestion-de-pequenas-y-medianas-empresas/,https://pixvo.tech/ar/sistema-crecimiento-digital/,editorial_to_money,Sistema de crecimiento,P1,ar
https://pixvo.tech/ar/blog/la-importancia-de-las-decisiones-y-resoluciones-eficientes-en-la-gestion-de-pequenas-y-medianas-empresas/,https://pixvo.tech/ar/soluciones/seo-para-pymes/,editorial_to_money,SEO para PyMEs,P1,ar
https://pixvo.tech/ar/blog/la-importancia-de-las-decisiones-y-resoluciones-eficientes-en-la-gestion-de-pequenas-y-medianas-empresas/,https://pixvo.tech/ar/auditoria-crecimiento-digital/,editorial_to_money,Auditoría,P1,ar
https://pixvo.tech/ar/blog/la-importancia-de-las-decisiones-y-resoluciones-eficientes-en-la-gestion-de-pequenas-y-medianas-empresas/,https://pixvo.tech/ar/planes/,conversion,Planes,P1,ar
https://pixvo.tech/ar/blog/la-importancia-de-las-decisiones-y-resoluciones-eficientes-en-la-gestion-de-pequenas-y-medianas-empresas/,https://pixvo.tech/ar/casos-de-exito/,internal,Casos de éxito,P1,ar
https://pixvo.tech/ar/blog/la-importancia-de-las-decisiones-y-resoluciones-eficientes-en-la-gestion-de-pequenas-y-medianas-empresas/,https://pixvo.tech/ar/recursos/,internal,Recursos,P2,ar
https://pixvo.tech/ar/blog/la-importancia-de-las-decisiones-y-resoluciones-eficientes-en-la-gestion-de-pequenas-y-medianas-empresas/,https://pixvo.tech/ar/blog/,child_to_parent,Blog,P2,ar
https://pixvo.tech/ar/blog/la-importancia-de-las-decisiones-y-resoluciones-eficientes-en-la-gestion-de-pequenas-y-medianas-empresas/,https://pixvo.tech/ar/solicitar-diagnostico/,conversion,Solicitar diagnóstico,P1,ar
https://pixvo.tech/ar/blog/la-importancia-de-las-decisiones-y-resoluciones-eficientes-en-la-gestion-de-pequenas-y-medianas-empresas/,https://pixvo.tech/,internal,Inicio,P1,ar
https://pixvo.tech/ar/blog/la-importancia-de-las-decisiones-y-resoluciones-eficientes-en-la-gestion-de-pequenas-y-medianas-empresas/,https://pixvo.tech/ar/,internal,Argentina,P1,ar
https://pixvo.tech/ar/blog/la-importancia-de-las-decisiones-y-resoluciones-eficientes-en-la-gestion-de-pequenas-y-medianas-empresas/,https://pixvo.tech/ar/sistema-crecimiento-digital/,editorial_to_money,Argentina,P1,ar
https://pixvo.tech/ar/blog/la-importancia-de-las-decisiones-y-resoluciones-eficientes-en-la-gestion-de-pequenas-y-medianas-empresas/,https://pixvo.tech/ar/soluciones/automatizacion-de-procesos/,editorial_to_money,reducir tareas manuales con automatización,P1,ar
https://pixvo.tech/ar/blog/la-importancia-de-las-decisiones-y-resoluciones-eficientes-en-la-gestion-de-pequenas-y-medianas-empresas/,https://pixvo.tech/ar/soluciones/analitica-digital/,editorial_to_money,medir qué acciones generan oportunidades,P2,ar
https://pixvo.tech/ar/blog/la-importancia-de-las-decisiones-y-resoluciones-eficientes-en-la-gestion-de-pequenas-y-medianas-empresas/,https://pixvo.tech/ar/soluciones/automatizacion-de-procesos/,editorial_to_money,Automatización,P1,ar
https://pixvo.tech/ar/blog/la-importancia-de-las-decisiones-y-resoluciones-eficientes-en-la-gestion-de-pequenas-y-medianas-empresas/,https://pixvo.tech/ar/soluciones/seguimiento-de-leads/,editorial_to_money,Seguimiento de leads,P1,ar
https://pixvo.tech/ar/blog/la-importancia-de-las-decisiones-y-resoluciones-eficientes-en-la-gestion-de-pequenas-y-medianas-empresas/,https://pixvo.tech/ar/nosotros/,internal,Nosotros,P3,ar
https://pixvo.tech/ar/blog/la-importancia-de-las-decisiones-y-resoluciones-eficientes-en-la-gestion-de-pequenas-y-medianas-empresas/,https://pixvo.tech/ar/contacto/,internal,Contacto,P3,ar
https://pixvo.tech/ar/blog/la-importancia-de-las-decisiones-y-resoluciones-eficientes-en-la-gestion-de-pequenas-y-medianas-empresas/,https://pixvo.tech/mx/,internal,México,P1,ar
https://pixvo.tech/ar/blog/la-importancia-de-las-decisiones-y-resoluciones-eficientes-en-la-gestion-de-pequenas-y-medianas-empresas/,https://pixvo.tech/es/,internal,España,P1,ar
https://pixvo.tech/ar/blog/crear-un-sitio-web-rapido-con-las-herramientas-de-ia-de-hostinger/,https://pixvo.tech/ar/sistema-crecimiento-digital/,editorial_to_money,Sistema de crecimiento,P1,ar
https://pixvo.tech/ar/blog/crear-un-sitio-web-rapido-con-las-herramientas-de-ia-de-hostinger/,https://pixvo.tech/ar/soluciones/seo-para-pymes/,editorial_to_money,SEO para PyMEs,P1,ar
https://pixvo.tech/ar/blog/crear-un-sitio-web-rapido-con-las-herramientas-de-ia-de-hostinger/,https://pixvo.tech/ar/auditoria-crecimiento-digital/,editorial_to_money,Auditoría,P1,ar
https://pixvo.tech/ar/blog/crear-un-sitio-web-rapido-con-las-herramientas-de-ia-de-hostinger/,https://pixvo.tech/ar/planes/,conversion,Planes,P1,ar
https://pixvo.tech/ar/blog/crear-un-sitio-web-rapido-con-las-herramientas-de-ia-de-hostinger/,https://pixvo.tech/ar/casos-de-exito/,internal,Casos de éxito,P1,ar
https://pixvo.tech/ar/blog/crear-un-sitio-web-rapido-con-las-herramientas-de-ia-de-hostinger/,https://pixvo.tech/ar/recursos/,internal,Recursos,P2,ar
https://pixvo.tech/ar/blog/crear-un-sitio-web-rapido-con-las-herramientas-de-ia-de-hostinger/,https://pixvo.tech/ar/blog/,child_to_parent,Blog,P2,ar
https://pixvo.tech/ar/blog/crear-un-sitio-web-rapido-con-las-herramientas-de-ia-de-hostinger/,https://pixvo.tech/ar/solicitar-diagnostico/,conversion,Solicitar diagnóstico,P1,ar
https://pixvo.tech/ar/blog/crear-un-sitio-web-rapido-con-las-herramientas-de-ia-de-hostinger/,https://pixvo.tech/,internal,Inicio,P1,ar
https://pixvo.tech/ar/blog/crear-un-sitio-web-rapido-con-las-herramientas-de-ia-de-hostinger/,https://pixvo.tech/ar/,internal,Argentina,P1,ar
https://pixvo.tech/ar/blog/crear-un-sitio-web-rapido-con-las-herramientas-de-ia-de-hostinger/,https://pixvo.tech/ar/soluciones/optimizacion-wordpress/,editorial_to_money,Argentina,P2,ar
https://pixvo.tech/ar/blog/crear-un-sitio-web-rapido-con-las-herramientas-de-ia-de-hostinger/,https://pixvo.tech/ar/soluciones/seo-para-pymes/,editorial_to_money,convertir esta idea en una estrategia SEO para PyMEs,P1,ar
https://pixvo.tech/ar/blog/crear-un-sitio-web-rapido-con-las-herramientas-de-ia-de-hostinger/,https://pixvo.tech/ar/soluciones/optimizacion-de-conversion/,editorial_to_money,mejorar la conversión de tu web,P2,ar
https://pixvo.tech/ar/blog/crear-un-sitio-web-rapido-con-las-herramientas-de-ia-de-hostinger/,https://pixvo.tech/ar/soluciones/automatizacion-de-procesos/,editorial_to_money,Automatización,P1,ar
https://pixvo.tech/ar/blog/crear-un-sitio-web-rapido-con-las-herramientas-de-ia-de-hostinger/,https://pixvo.tech/ar/soluciones/seguimiento-de-leads/,editorial_to_money,Seguimiento de leads,P1,ar
https://pixvo.tech/ar/blog/crear-un-sitio-web-rapido-con-las-herramientas-de-ia-de-hostinger/,https://pixvo.tech/ar/nosotros/,internal,Nosotros,P3,ar
https://pixvo.tech/ar/blog/crear-un-sitio-web-rapido-con-las-herramientas-de-ia-de-hostinger/,https://pixvo.tech/ar/contacto/,internal,Contacto,P3,ar
https://pixvo.tech/ar/blog/crear-un-sitio-web-rapido-con-las-herramientas-de-ia-de-hostinger/,https://pixvo.tech/mx/,internal,México,P1,ar
https://pixvo.tech/ar/blog/crear-un-sitio-web-rapido-con-las-herramientas-de-ia-de-hostinger/,https://pixvo.tech/es/,internal,España,P1,ar
https://pixvo.tech/ar/blog/la-ia-esta-matando-la-creatividad/,https://pixvo.tech/ar/sistema-crecimiento-digital/,editorial_to_money,Sistema de crecimiento,P1,ar
https://pixvo.tech/ar/blog/la-ia-esta-matando-la-creatividad/,https://pixvo.tech/ar/soluciones/seo-para-pymes/,editorial_to_money,SEO para PyMEs,P1,ar
https://pixvo.tech/ar/blog/la-ia-esta-matando-la-creatividad/,https://pixvo.tech/ar/auditoria-crecimiento-digital/,editorial_to_money,Auditoría,P1,ar
https://pixvo.tech/ar/blog/la-ia-esta-matando-la-creatividad/,https://pixvo.tech/ar/planes/,conversion,Planes,P1,ar
https://pixvo.tech/ar/blog/la-ia-esta-matando-la-creatividad/,https://pixvo.tech/ar/casos-de-exito/,internal,Casos de éxito,P1,ar
https://pixvo.tech/ar/blog/la-ia-esta-matando-la-creatividad/,https://pixvo.tech/ar/recursos/,internal,Recursos,P2,ar
https://pixvo.tech/ar/blog/la-ia-esta-matando-la-creatividad/,https://pixvo.tech/ar/blog/,child_to_parent,Blog,P2,ar
https://pixvo.tech/ar/blog/la-ia-esta-matando-la-creatividad/,https://pixvo.tech/ar/solicitar-diagnostico/,conversion,Solicitar diagnóstico,P1,ar
https://pixvo.tech/ar/blog/la-ia-esta-matando-la-creatividad/,https://pixvo.tech/,internal,Inicio,P1,ar
https://pixvo.tech/ar/blog/la-ia-esta-matando-la-creatividad/,https://pixvo.tech/ar/,internal,Argentina,P1,ar
https://pixvo.tech/ar/blog/la-ia-esta-matando-la-creatividad/,https://pixvo.tech/ar/soluciones/contenido-seo/,editorial_to_money,Argentina,P2,ar
https://pixvo.tech/ar/blog/la-ia-esta-matando-la-creatividad/,https://pixvo.tech/ar/soluciones/seo-para-pymes/,editorial_to_money,convertir esta idea en una estrategia SEO para PyMEs,P1,ar
https://pixvo.tech/ar/blog/la-ia-esta-matando-la-creatividad/,https://pixvo.tech/ar/soluciones/automatizacion-de-procesos/,editorial_to_money,Automatización,P1,ar
https://pixvo.tech/ar/blog/la-ia-esta-matando-la-creatividad/,https://pixvo.tech/ar/soluciones/seguimiento-de-leads/,editorial_to_money,Seguimiento de leads,P1,ar
https://pixvo.tech/ar/blog/la-ia-esta-matando-la-creatividad/,https://pixvo.tech/ar/nosotros/,internal,Nosotros,P3,ar
https://pixvo.tech/ar/blog/la-ia-esta-matando-la-creatividad/,https://pixvo.tech/ar/contacto/,internal,Contacto,P3,ar
https://pixvo.tech/ar/blog/la-ia-esta-matando-la-creatividad/,https://pixvo.tech/mx/,internal,México,P1,ar
https://pixvo.tech/ar/blog/la-ia-esta-matando-la-creatividad/,https://pixvo.tech/es/,internal,España,P1,ar
https://pixvo.tech/ar/blog/redactar-sin-ia-reduce-productividad-evidencia-limites-y-como-implementarlo-en-marketing/,https://pixvo.tech/ar/sistema-crecimiento-digital/,editorial_to_money,Sistema de crecimiento,P1,ar
https://pixvo.tech/ar/blog/redactar-sin-ia-reduce-productividad-evidencia-limites-y-como-implementarlo-en-marketing/,https://pixvo.tech/ar/soluciones/seo-para-pymes/,editorial_to_money,SEO para PyMEs,P1,ar
https://pixvo.tech/ar/blog/redactar-sin-ia-reduce-productividad-evidencia-limites-y-como-implementarlo-en-marketing/,https://pixvo.tech/ar/auditoria-crecimiento-digital/,editorial_to_money,Auditoría,P1,ar
https://pixvo.tech/ar/blog/redactar-sin-ia-reduce-productividad-evidencia-limites-y-como-implementarlo-en-marketing/,https://pixvo.tech/ar/planes/,conversion,Planes,P1,ar
https://pixvo.tech/ar/blog/redactar-sin-ia-reduce-productividad-evidencia-limites-y-como-implementarlo-en-marketing/,https://pixvo.tech/ar/casos-de-exito/,internal,Casos de éxito,P1,ar
https://pixvo.tech/ar/blog/redactar-sin-ia-reduce-productividad-evidencia-limites-y-como-implementarlo-en-marketing/,https://pixvo.tech/ar/recursos/,internal,Recursos,P2,ar
https://pixvo.tech/ar/blog/redactar-sin-ia-reduce-productividad-evidencia-limites-y-como-implementarlo-en-marketing/,https://pixvo.tech/ar/blog/,child_to_parent,Blog,P2,ar
https://pixvo.tech/ar/blog/redactar-sin-ia-reduce-productividad-evidencia-limites-y-como-implementarlo-en-marketing/,https://pixvo.tech/ar/solicitar-diagnostico/,conversion,Solicitar diagnóstico,P1,ar
https://pixvo.tech/ar/blog/redactar-sin-ia-reduce-productividad-evidencia-limites-y-como-implementarlo-en-marketing/,https://pixvo.tech/,internal,Inicio,P1,ar
https://pixvo.tech/ar/blog/redactar-sin-ia-reduce-productividad-evidencia-limites-y-como-implementarlo-en-marketing/,https://pixvo.tech/ar/,internal,Argentina,P1,ar
https://pixvo.tech/ar/blog/redactar-sin-ia-reduce-productividad-evidencia-limites-y-como-implementarlo-en-marketing/,https://pixvo.tech/ar/soluciones/contenido-seo/,editorial_to_money,Argentina,P2,ar
https://pixvo.tech/ar/blog/redactar-sin-ia-reduce-productividad-evidencia-limites-y-como-implementarlo-en-marketing/,https://pixvo.tech/ar/soluciones/automatizacion-de-marketing/,editorial_to_money,organizar captación y comunicaciones automatizadas,P2,ar
https://pixvo.tech/ar/blog/redactar-sin-ia-reduce-productividad-evidencia-limites-y-como-implementarlo-en-marketing/,https://pixvo.tech/ar/soluciones/seo-para-pymes/,editorial_to_money,convertir esta idea en una estrategia SEO para PyMEs,P1,ar
https://pixvo.tech/ar/blog/redactar-sin-ia-reduce-productividad-evidencia-limites-y-como-implementarlo-en-marketing/,https://pixvo.tech/ar/soluciones/automatizacion-de-procesos/,editorial_to_money,Automatización,P1,ar
https://pixvo.tech/ar/blog/redactar-sin-ia-reduce-productividad-evidencia-limites-y-como-implementarlo-en-marketing/,https://pixvo.tech/ar/soluciones/seguimiento-de-leads/,editorial_to_money,Seguimiento de leads,P1,ar
https://pixvo.tech/ar/blog/redactar-sin-ia-reduce-productividad-evidencia-limites-y-como-implementarlo-en-marketing/,https://pixvo.tech/ar/nosotros/,internal,Nosotros,P3,ar
https://pixvo.tech/ar/blog/redactar-sin-ia-reduce-productividad-evidencia-limites-y-como-implementarlo-en-marketing/,https://pixvo.tech/ar/contacto/,internal,Contacto,P3,ar
https://pixvo.tech/ar/blog/redactar-sin-ia-reduce-productividad-evidencia-limites-y-como-implementarlo-en-marketing/,https://pixvo.tech/mx/,internal,México,P1,ar
https://pixvo.tech/ar/blog/redactar-sin-ia-reduce-productividad-evidencia-limites-y-como-implementarlo-en-marketing/,https://pixvo.tech/es/,internal,España,P1,ar
https://pixvo.tech/ar/blog/caso-de-exito-microcuotas-y-como-google-ads-desarrollo-a-medida-le-cambiaron-el-juego/,https://pixvo.tech/ar/sistema-crecimiento-digital/,editorial_to_money,Sistema de crecimiento,P1,ar
https://pixvo.tech/ar/blog/caso-de-exito-microcuotas-y-como-google-ads-desarrollo-a-medida-le-cambiaron-el-juego/,https://pixvo.tech/ar/soluciones/seo-para-pymes/,editorial_to_money,SEO para PyMEs,P1,ar
https://pixvo.tech/ar/blog/caso-de-exito-microcuotas-y-como-google-ads-desarrollo-a-medida-le-cambiaron-el-juego/,https://pixvo.tech/ar/auditoria-crecimiento-digital/,editorial_to_money,Auditoría,P1,ar
https://pixvo.tech/ar/blog/caso-de-exito-microcuotas-y-como-google-ads-desarrollo-a-medida-le-cambiaron-el-juego/,https://pixvo.tech/ar/planes/,conversion,Planes,P1,ar
https://pixvo.tech/ar/blog/caso-de-exito-microcuotas-y-como-google-ads-desarrollo-a-medida-le-cambiaron-el-juego/,https://pixvo.tech/ar/casos-de-exito/,internal,Casos de éxito,P1,ar
https://pixvo.tech/ar/blog/caso-de-exito-microcuotas-y-como-google-ads-desarrollo-a-medida-le-cambiaron-el-juego/,https://pixvo.tech/ar/recursos/,internal,Recursos,P2,ar
https://pixvo.tech/ar/blog/caso-de-exito-microcuotas-y-como-google-ads-desarrollo-a-medida-le-cambiaron-el-juego/,https://pixvo.tech/ar/blog/,child_to_parent,Blog,P2,ar
https://pixvo.tech/ar/blog/caso-de-exito-microcuotas-y-como-google-ads-desarrollo-a-medida-le-cambiaron-el-juego/,https://pixvo.tech/ar/solicitar-diagnostico/,conversion,Solicitar diagnóstico,P1,ar
https://pixvo.tech/ar/blog/caso-de-exito-microcuotas-y-como-google-ads-desarrollo-a-medida-le-cambiaron-el-juego/,https://pixvo.tech/,internal,Inicio,P1,ar
https://pixvo.tech/ar/blog/caso-de-exito-microcuotas-y-como-google-ads-desarrollo-a-medida-le-cambiaron-el-juego/,https://pixvo.tech/ar/,internal,Argentina,P1,ar
https://pixvo.tech/ar/blog/caso-de-exito-microcuotas-y-como-google-ads-desarrollo-a-medida-le-cambiaron-el-juego/,https://pixvo.tech/ar/casos-de-exito/microcuotas/,internal,Ver el caso principal con su evidencia y limitaciones,P1,ar
https://pixvo.tech/ar/blog/caso-de-exito-microcuotas-y-como-google-ads-desarrollo-a-medida-le-cambiaron-el-juego/,https://pixvo.tech/ar/soluciones/automatizacion-de-procesos/,editorial_to_money,Argentina,P1,ar
https://pixvo.tech/ar/blog/caso-de-exito-microcuotas-y-como-google-ads-desarrollo-a-medida-le-cambiaron-el-juego/,https://pixvo.tech/ar/soluciones/seguimiento-de-leads/,editorial_to_money,automatizar el seguimiento de tus leads,P1,ar
https://pixvo.tech/ar/blog/caso-de-exito-microcuotas-y-como-google-ads-desarrollo-a-medida-le-cambiaron-el-juego/,https://pixvo.tech/ar/soluciones/analitica-digital/,editorial_to_money,medir qué acciones generan oportunidades,P2,ar
https://pixvo.tech/ar/blog/caso-de-exito-microcuotas-y-como-google-ads-desarrollo-a-medida-le-cambiaron-el-juego/,https://pixvo.tech/ar/auditoria-crecimiento-digital/,editorial_to_money,auditar el proceso de captación y conversión,P1,ar
https://pixvo.tech/ar/blog/caso-de-exito-microcuotas-y-como-google-ads-desarrollo-a-medida-le-cambiaron-el-juego/,https://pixvo.tech/ar/soluciones/automatizacion-de-procesos/,editorial_to_money,Automatización,P1,ar
https://pixvo.tech/ar/blog/caso-de-exito-microcuotas-y-como-google-ads-desarrollo-a-medida-le-cambiaron-el-juego/,https://pixvo.tech/ar/soluciones/seguimiento-de-leads/,editorial_to_money,Seguimiento de leads,P1,ar
https://pixvo.tech/ar/blog/caso-de-exito-microcuotas-y-como-google-ads-desarrollo-a-medida-le-cambiaron-el-juego/,https://pixvo.tech/ar/nosotros/,internal,Nosotros,P3,ar
https://pixvo.tech/ar/blog/caso-de-exito-microcuotas-y-como-google-ads-desarrollo-a-medida-le-cambiaron-el-juego/,https://pixvo.tech/ar/contacto/,internal,Contacto,P3,ar
https://pixvo.tech/ar/blog/caso-de-exito-microcuotas-y-como-google-ads-desarrollo-a-medida-le-cambiaron-el-juego/,https://pixvo.tech/mx/,internal,México,P1,ar
https://pixvo.tech/ar/blog/caso-de-exito-microcuotas-y-como-google-ads-desarrollo-a-medida-le-cambiaron-el-juego/,https://pixvo.tech/es/,internal,España,P1,ar
https://pixvo.tech/es/,https://pixvo.tech/es/sistema-crecimiento-digital/,parent_to_child,Sistema de crecimiento,P1,es
https://pixvo.tech/es/,https://pixvo.tech/es/soluciones/seo-para-pymes/,internal,SEO para PyMEs,P1,es
https://pixvo.tech/es/,https://pixvo.tech/es/auditoria-crecimiento-digital/,internal,Auditoría,P1,es
https://pixvo.tech/es/,https://pixvo.tech/es/planes/,conversion,Planes,P1,es
https://pixvo.tech/es/,https://pixvo.tech/es/casos-de-exito/,internal,Casos de éxito,P1,es
https://pixvo.tech/es/,https://pixvo.tech/es/recursos/,internal,Recursos,P2,es
https://pixvo.tech/es/,https://pixvo.tech/es/blog/,parent_to_child,Blog,P2,es
https://pixvo.tech/es/,https://pixvo.tech/es/solicitar-diagnostico/,conversion,Solicitar diagnóstico,P1,es
https://pixvo.tech/es/,https://pixvo.tech/,child_to_parent,Inicio,P1,es
https://pixvo.tech/es/,https://pixvo.tech/es/problemas/leads-no-convierten/,internal,¿Por qué tus leads no se convierten en clientes?,P1,es
https://pixvo.tech/es/,https://pixvo.tech/es/problemas/reducir-tareas-manuales/,internal,Automatiza tareas repetitivas que frenan a tu equipo,P1,es
https://pixvo.tech/es/,https://pixvo.tech/es/problemas/web-no-convierte/,internal,"Mi web recibe visitas, pero no vende ni genera oportunidades",P1,es
https://pixvo.tech/es/,https://pixvo.tech/es/problemas/dependencia-publicidad-paga/,internal,Reduce la dependencia de la publicidad pagada,P1,es
https://pixvo.tech/es/,https://pixvo.tech/es/problemas/medir-resultados-marketing/,internal,Mide qué acciones generan oportunidades,P1,es
https://pixvo.tech/es/,https://pixvo.tech/es/problemas/conectar-marketing-y-ventas/,internal,Conecta marketing y ventas sin perder contexto,P1,es
https://pixvo.tech/es/,https://pixvo.tech/es/soluciones/seo-para-pymes/,internal,SEO para PyMEs orientado a captar clientes,P1,es
https://pixvo.tech/es/,https://pixvo.tech/es/soluciones/seo-wordpress/,internal,SEO para WordPress,P2,es
https://pixvo.tech/es/,https://pixvo.tech/es/soluciones/contenido-seo/,internal,Servicio de contenido SEO,P2,es
https://pixvo.tech/es/,https://pixvo.tech/es/soluciones/automatizacion-de-procesos/,internal,Automatización de procesos para PyMEs,P1,es
https://pixvo.tech/es/,https://pixvo.tech/es/soluciones/automatizacion-de-marketing/,internal,Automatización de marketing,P2,es
https://pixvo.tech/es/,https://pixvo.tech/es/soluciones/seguimiento-de-leads/,internal,Automatización del seguimiento de leads,P1,es
https://pixvo.tech/es/,https://pixvo.tech/es/soluciones/analitica-digital/,internal,Consultoría de analítica digital,P2,es
https://pixvo.tech/es/,https://pixvo.tech/es/soluciones/optimizacion-wordpress/,internal,Optimización WordPress para empresas,P2,es
https://pixvo.tech/es/,https://pixvo.tech/es/soluciones/optimizacion-de-conversion/,internal,Optimización de conversión web,P2,es
https://pixvo.tech/es/,https://pixvo.tech/es/casos-de-exito/,internal,Revisar casos y límites de evidencia,P1,es
https://pixvo.tech/es/,https://pixvo.tech/es/recursos/,internal,Comparar alternativas,P2,es
https://pixvo.tech/es/,https://pixvo.tech/es/planes/,conversion,Ver planes y precios,P1,es
https://pixvo.tech/es/,https://pixvo.tech/es/soluciones/automatizacion-de-procesos/,internal,Automatización,P1,es
https://pixvo.tech/es/,https://pixvo.tech/es/soluciones/seguimiento-de-leads/,internal,Seguimiento de leads,P1,es
https://pixvo.tech/es/,https://pixvo.tech/es/nosotros/,parent_to_child,Nosotros,P3,es
https://pixvo.tech/es/,https://pixvo.tech/es/contacto/,parent_to_child,Contacto,P3,es
https://pixvo.tech/es/,https://pixvo.tech/mx/,internal,México,P1,es
https://pixvo.tech/es/,https://pixvo.tech/ar/,internal,Argentina,P1,es
https://pixvo.tech/es/,https://pixvo.tech/es/,internal,España,P1,es
https://pixvo.tech/es/sistema-crecimiento-digital/,https://pixvo.tech/es/sistema-crecimiento-digital/,internal,Sistema de crecimiento,P1,es
https://pixvo.tech/es/sistema-crecimiento-digital/,https://pixvo.tech/es/soluciones/seo-para-pymes/,parent_to_child,SEO para PyMEs,P1,es
https://pixvo.tech/es/sistema-crecimiento-digital/,https://pixvo.tech/es/auditoria-crecimiento-digital/,parent_to_child,Auditoría,P1,es
https://pixvo.tech/es/sistema-crecimiento-digital/,https://pixvo.tech/es/planes/,parent_to_child,Planes,P1,es
https://pixvo.tech/es/sistema-crecimiento-digital/,https://pixvo.tech/es/casos-de-exito/,parent_to_child,Casos de éxito,P1,es
https://pixvo.tech/es/sistema-crecimiento-digital/,https://pixvo.tech/es/recursos/,parent_to_child,Recursos,P2,es
https://pixvo.tech/es/sistema-crecimiento-digital/,https://pixvo.tech/es/blog/,internal,Blog,P2,es
https://pixvo.tech/es/sistema-crecimiento-digital/,https://pixvo.tech/es/solicitar-diagnostico/,parent_to_child,Solicitar diagnóstico,P1,es
https://pixvo.tech/es/sistema-crecimiento-digital/,https://pixvo.tech/,internal,Inicio,P1,es
https://pixvo.tech/es/sistema-crecimiento-digital/,https://pixvo.tech/es/,child_to_parent,España,P1,es
https://pixvo.tech/es/sistema-crecimiento-digital/,https://pixvo.tech/es/problemas/leads-no-convierten/,internal,¿Por qué tus leads no se convierten en clientes?,P1,es
https://pixvo.tech/es/sistema-crecimiento-digital/,https://pixvo.tech/es/problemas/reducir-tareas-manuales/,internal,Automatiza tareas repetitivas que frenan a tu equipo,P1,es
https://pixvo.tech/es/sistema-crecimiento-digital/,https://pixvo.tech/es/problemas/web-no-convierte/,internal,"Mi web recibe visitas, pero no vende ni genera oportunidades",P1,es
https://pixvo.tech/es/sistema-crecimiento-digital/,https://pixvo.tech/es/problemas/dependencia-publicidad-paga/,internal,Reduce la dependencia de la publicidad pagada,P1,es
https://pixvo.tech/es/sistema-crecimiento-digital/,https://pixvo.tech/es/problemas/medir-resultados-marketing/,internal,Mide qué acciones generan oportunidades,P1,es
https://pixvo.tech/es/sistema-crecimiento-digital/,https://pixvo.tech/es/problemas/conectar-marketing-y-ventas/,internal,Conecta marketing y ventas sin perder contexto,P1,es
https://pixvo.tech/es/sistema-crecimiento-digital/,https://pixvo.tech/es/problemas/wordpress-lento/,internal,"WordPress lento: rendimiento, estabilidad y conversión",P1,es
https://pixvo.tech/es/sistema-crecimiento-digital/,https://pixvo.tech/es/problemas/contenido-no-genera-clientes/,internal,"Contenido que no genera clientes: intención, rutas y conversión",P1,es
https://pixvo.tech/es/sistema-crecimiento-digital/,https://pixvo.tech/es/soluciones/seo-para-pymes/,parent_to_child,SEO para PyMEs orientado a captar clientes,P1,es
https://pixvo.tech/es/sistema-crecimiento-digital/,https://pixvo.tech/es/soluciones/seo-wordpress/,internal,SEO para WordPress,P2,es
https://pixvo.tech/es/sistema-crecimiento-digital/,https://pixvo.tech/es/soluciones/contenido-seo/,internal,Servicio de contenido SEO,P2,es
https://pixvo.tech/es/sistema-crecimiento-digital/,https://pixvo.tech/es/soluciones/automatizacion-de-procesos/,parent_to_child,Automatización de procesos para PyMEs,P1,es
https://pixvo.tech/es/sistema-crecimiento-digital/,https://pixvo.tech/es/soluciones/automatizacion-de-marketing/,internal,Automatización de marketing,P2,es
https://pixvo.tech/es/sistema-crecimiento-digital/,https://pixvo.tech/es/soluciones/seguimiento-de-leads/,parent_to_child,Automatización del seguimiento de leads,P1,es
https://pixvo.tech/es/sistema-crecimiento-digital/,https://pixvo.tech/es/soluciones/analitica-digital/,parent_to_child,Consultoría de analítica digital,P2,es
https://pixvo.tech/es/sistema-crecimiento-digital/,https://pixvo.tech/es/soluciones/optimizacion-wordpress/,parent_to_child,Optimización WordPress para empresas,P2,es
https://pixvo.tech/es/sistema-crecimiento-digital/,https://pixvo.tech/es/soluciones/optimizacion-de-conversion/,parent_to_child,Optimización de conversión web,P2,es
https://pixvo.tech/es/sistema-crecimiento-digital/,https://pixvo.tech/es/recursos/seo-vs-sistema-de-crecimiento/,internal,SEO vs sistema de crecimiento digital,P2,es
https://pixvo.tech/es/sistema-crecimiento-digital/,https://pixvo.tech/es/recursos/seo-mensual-vs-auditoria/,internal,SEO mensual vs auditoría,P2,es
https://pixvo.tech/es/sistema-crecimiento-digital/,https://pixvo.tech/es/casos-de-exito/microcuotas/,internal,Caso Microcuotas,P1,es
https://pixvo.tech/es/sistema-crecimiento-digital/,https://pixvo.tech/es/solicitar-diagnostico/,parent_to_child,Diagnóstico,P1,es
https://pixvo.tech/es/sistema-crecimiento-digital/,https://pixvo.tech/es/soluciones/automatizacion-de-procesos/,parent_to_child,Automatización,P1,es
https://pixvo.tech/es/sistema-crecimiento-digital/,https://pixvo.tech/es/soluciones/seguimiento-de-leads/,parent_to_child,Seguimiento de leads,P1,es
https://pixvo.tech/es/sistema-crecimiento-digital/,https://pixvo.tech/es/nosotros/,internal,Nosotros,P3,es
https://pixvo.tech/es/sistema-crecimiento-digital/,https://pixvo.tech/es/contacto/,internal,Contacto,P3,es
https://pixvo.tech/es/sistema-crecimiento-digital/,https://pixvo.tech/mx/,internal,México,P1,es
https://pixvo.tech/es/sistema-crecimiento-digital/,https://pixvo.tech/ar/,internal,Argentina,P1,es
https://pixvo.tech/es/planes/,https://pixvo.tech/es/sistema-crecimiento-digital/,child_to_parent,Sistema de crecimiento,P1,es
https://pixvo.tech/es/planes/,https://pixvo.tech/es/soluciones/seo-para-pymes/,internal,SEO para PyMEs,P1,es
https://pixvo.tech/es/planes/,https://pixvo.tech/es/auditoria-crecimiento-digital/,internal,Auditoría,P1,es
https://pixvo.tech/es/planes/,https://pixvo.tech/es/planes/,conversion,Planes,P1,es
https://pixvo.tech/es/planes/,https://pixvo.tech/es/casos-de-exito/,internal,Casos de éxito,P1,es
https://pixvo.tech/es/planes/,https://pixvo.tech/es/recursos/,internal,Recursos,P2,es
https://pixvo.tech/es/planes/,https://pixvo.tech/es/blog/,internal,Blog,P2,es
https://pixvo.tech/es/planes/,https://pixvo.tech/es/solicitar-diagnostico/,conversion,Solicitar diagnóstico,P1,es
https://pixvo.tech/es/planes/,https://pixvo.tech/,internal,Inicio,P1,es
https://pixvo.tech/es/planes/,https://pixvo.tech/es/,internal,España,P1,es
https://pixvo.tech/es/planes/,https://pixvo.tech/es/sistema-crecimiento-digital/,child_to_parent,Entender Pixvo Growth System,P1,es
https://pixvo.tech/es/planes/,https://pixvo.tech/es/auditoria-crecimiento-digital/,internal,Solicitar una auditoría,P1,es
https://pixvo.tech/es/planes/,https://pixvo.tech/es/recursos/seo-mensual-vs-auditoria/,internal,SEO mensual vs auditoría,P2,es
https://pixvo.tech/es/planes/,https://pixvo.tech/es/casos-de-exito/microcuotas/,internal,Caso Microcuotas,P1,es
https://pixvo.tech/es/planes/,https://pixvo.tech/es/solicitar-diagnostico/,conversion,Revisar qué plan encaja,P1,es
https://pixvo.tech/es/planes/,https://pixvo.tech/es/soluciones/automatizacion-de-procesos/,internal,Automatización,P1,es
https://pixvo.tech/es/planes/,https://pixvo.tech/es/soluciones/seguimiento-de-leads/,internal,Seguimiento de leads,P1,es
https://pixvo.tech/es/planes/,https://pixvo.tech/es/nosotros/,internal,Nosotros,P3,es
https://pixvo.tech/es/planes/,https://pixvo.tech/es/contacto/,internal,Contacto,P3,es
https://pixvo.tech/es/planes/,https://pixvo.tech/mx/,internal,México,P1,es
https://pixvo.tech/es/planes/,https://pixvo.tech/ar/,internal,Argentina,P1,es
https://pixvo.tech/es/auditoria-crecimiento-digital/,https://pixvo.tech/es/sistema-crecimiento-digital/,child_to_parent,Sistema de crecimiento,P1,es
https://pixvo.tech/es/auditoria-crecimiento-digital/,https://pixvo.tech/es/soluciones/seo-para-pymes/,internal,SEO para PyMEs,P1,es
https://pixvo.tech/es/auditoria-crecimiento-digital/,https://pixvo.tech/es/auditoria-crecimiento-digital/,internal,Auditoría,P1,es
https://pixvo.tech/es/auditoria-crecimiento-digital/,https://pixvo.tech/es/planes/,conversion,Planes,P1,es
https://pixvo.tech/es/auditoria-crecimiento-digital/,https://pixvo.tech/es/casos-de-exito/,internal,Casos de éxito,P1,es
https://pixvo.tech/es/auditoria-crecimiento-digital/,https://pixvo.tech/es/recursos/,internal,Recursos,P2,es
https://pixvo.tech/es/auditoria-crecimiento-digital/,https://pixvo.tech/es/blog/,internal,Blog,P2,es
https://pixvo.tech/es/auditoria-crecimiento-digital/,https://pixvo.tech/es/solicitar-diagnostico/,conversion,Solicitar diagnóstico,P1,es
https://pixvo.tech/es/auditoria-crecimiento-digital/,https://pixvo.tech/,internal,Inicio,P1,es
https://pixvo.tech/es/auditoria-crecimiento-digital/,https://pixvo.tech/es/,internal,España,P1,es
https://pixvo.tech/es/auditoria-crecimiento-digital/,https://pixvo.tech/es/soluciones/automatizacion-de-procesos/,internal,Automatización de procesos,P1,es
https://pixvo.tech/es/auditoria-crecimiento-digital/,https://pixvo.tech/es/soluciones/seguimiento-de-leads/,internal,Seguimiento de leads,P1,es
https://pixvo.tech/es/auditoria-crecimiento-digital/,https://pixvo.tech/es/recursos/seo-mensual-vs-auditoria/,internal,SEO mensual vs auditoría,P2,es
https://pixvo.tech/es/auditoria-crecimiento-digital/,https://pixvo.tech/es/casos-de-exito/microcuotas/,internal,Caso Microcuotas,P1,es
https://pixvo.tech/es/auditoria-crecimiento-digital/,https://pixvo.tech/es/solicitar-diagnostico/,conversion,Solicitar la auditoría,P1,es
https://pixvo.tech/es/auditoria-crecimiento-digital/,https://pixvo.tech/es/soluciones/automatizacion-de-procesos/,internal,Automatización,P1,es
https://pixvo.tech/es/auditoria-crecimiento-digital/,https://pixvo.tech/es/nosotros/,internal,Nosotros,P3,es
https://pixvo.tech/es/auditoria-crecimiento-digital/,https://pixvo.tech/es/contacto/,internal,Contacto,P3,es
https://pixvo.tech/es/auditoria-crecimiento-digital/,https://pixvo.tech/mx/,internal,México,P1,es
https://pixvo.tech/es/auditoria-crecimiento-digital/,https://pixvo.tech/ar/,internal,Argentina,P1,es
https://pixvo.tech/es/solicitar-diagnostico/,https://pixvo.tech/es/sistema-crecimiento-digital/,child_to_parent,Sistema de crecimiento,P1,es
https://pixvo.tech/es/solicitar-diagnostico/,https://pixvo.tech/es/soluciones/seo-para-pymes/,internal,SEO para PyMEs,P1,es
https://pixvo.tech/es/solicitar-diagnostico/,https://pixvo.tech/es/auditoria-crecimiento-digital/,internal,Auditoría,P1,es
https://pixvo.tech/es/solicitar-diagnostico/,https://pixvo.tech/es/planes/,conversion,Planes,P1,es
https://pixvo.tech/es/solicitar-diagnostico/,https://pixvo.tech/es/casos-de-exito/,internal,Casos de éxito,P1,es
https://pixvo.tech/es/solicitar-diagnostico/,https://pixvo.tech/es/recursos/,internal,Recursos,P2,es
https://pixvo.tech/es/solicitar-diagnostico/,https://pixvo.tech/es/blog/,internal,Blog,P2,es
https://pixvo.tech/es/solicitar-diagnostico/,https://pixvo.tech/es/solicitar-diagnostico/,conversion,Solicitar diagnóstico,P1,es
https://pixvo.tech/es/solicitar-diagnostico/,https://pixvo.tech/,internal,Inicio,P1,es
https://pixvo.tech/es/solicitar-diagnostico/,https://pixvo.tech/es/,internal,España,P1,es
https://pixvo.tech/es/solicitar-diagnostico/,https://pixvo.tech/es/contacto/,internal,Consulta los canales de contacto,P3,es
https://pixvo.tech/es/solicitar-diagnostico/,https://pixvo.tech/legal/politica-de-privacidad/,internal,política de privacidad,,es
https://pixvo.tech/es/solicitar-diagnostico/,https://pixvo.tech/es/casos-de-exito/microcuotas/,internal,Caso relacionado de automatización y seguimiento,P1,es
https://pixvo.tech/es/solicitar-diagnostico/,https://pixvo.tech/es/auditoria-crecimiento-digital/,internal,Conocer el alcance de la auditoría,P1,es
https://pixvo.tech/es/solicitar-diagnostico/,https://pixvo.tech/es/planes/,conversion,Revisar planes,P1,es
https://pixvo.tech/es/solicitar-diagnostico/,https://pixvo.tech/es/soluciones/automatizacion-de-procesos/,internal,Automatización,P1,es
https://pixvo.tech/es/solicitar-diagnostico/,https://pixvo.tech/es/soluciones/seguimiento-de-leads/,internal,Seguimiento de leads,P1,es
https://pixvo.tech/es/solicitar-diagnostico/,https://pixvo.tech/es/nosotros/,internal,Nosotros,P3,es
https://pixvo.tech/es/solicitar-diagnostico/,https://pixvo.tech/es/contacto/,internal,Contacto,P3,es
https://pixvo.tech/es/solicitar-diagnostico/,https://pixvo.tech/mx/,internal,México,P1,es
https://pixvo.tech/es/solicitar-diagnostico/,https://pixvo.tech/ar/,internal,Argentina,P1,es
https://pixvo.tech/es/nosotros/,https://pixvo.tech/es/sistema-crecimiento-digital/,internal,Sistema de crecimiento,P1,es
https://pixvo.tech/es/nosotros/,https://pixvo.tech/es/soluciones/seo-para-pymes/,internal,SEO para PyMEs,P1,es
https://pixvo.tech/es/nosotros/,https://pixvo.tech/es/auditoria-crecimiento-digital/,internal,Auditoría,P1,es
https://pixvo.tech/es/nosotros/,https://pixvo.tech/es/planes/,conversion,Planes,P1,es
https://pixvo.tech/es/nosotros/,https://pixvo.tech/es/casos-de-exito/,internal,Casos de éxito,P1,es
https://pixvo.tech/es/nosotros/,https://pixvo.tech/es/recursos/,internal,Recursos,P2,es
https://pixvo.tech/es/nosotros/,https://pixvo.tech/es/blog/,internal,Blog,P2,es
https://pixvo.tech/es/nosotros/,https://pixvo.tech/es/solicitar-diagnostico/,conversion,Solicitar diagnóstico,P1,es
https://pixvo.tech/es/nosotros/,https://pixvo.tech/,internal,Inicio,P1,es
https://pixvo.tech/es/nosotros/,https://pixvo.tech/es/,child_to_parent,España,P1,es
https://pixvo.tech/es/nosotros/,https://pixvo.tech/es/casos-de-exito/,internal,Revisar experiencia y casos documentados,P1,es
https://pixvo.tech/es/nosotros/,https://pixvo.tech/es/contacto/,internal,Contactar con Pixvo,P3,es
https://pixvo.tech/es/nosotros/,https://pixvo.tech/es/soluciones/automatizacion-de-procesos/,internal,Automatización,P1,es
https://pixvo.tech/es/nosotros/,https://pixvo.tech/es/soluciones/seguimiento-de-leads/,internal,Seguimiento de leads,P1,es
https://pixvo.tech/es/nosotros/,https://pixvo.tech/es/nosotros/,internal,Nosotros,P3,es
https://pixvo.tech/es/nosotros/,https://pixvo.tech/es/contacto/,internal,Contacto,P3,es
https://pixvo.tech/es/nosotros/,https://pixvo.tech/mx/,internal,México,P1,es
https://pixvo.tech/es/nosotros/,https://pixvo.tech/ar/,internal,Argentina,P1,es
https://pixvo.tech/es/contacto/,https://pixvo.tech/es/sistema-crecimiento-digital/,internal,Sistema de crecimiento,P1,es
https://pixvo.tech/es/contacto/,https://pixvo.tech/es/soluciones/seo-para-pymes/,internal,SEO para PyMEs,P1,es
https://pixvo.tech/es/contacto/,https://pixvo.tech/es/auditoria-crecimiento-digital/,internal,Auditoría,P1,es
https://pixvo.tech/es/contacto/,https://pixvo.tech/es/planes/,conversion,Planes,P1,es
https://pixvo.tech/es/contacto/,https://pixvo.tech/es/casos-de-exito/,internal,Casos de éxito,P1,es
https://pixvo.tech/es/contacto/,https://pixvo.tech/es/recursos/,internal,Recursos,P2,es
https://pixvo.tech/es/contacto/,https://pixvo.tech/es/blog/,internal,Blog,P2,es
https://pixvo.tech/es/contacto/,https://pixvo.tech/es/solicitar-diagnostico/,conversion,Solicitar diagnóstico,P1,es
https://pixvo.tech/es/contacto/,https://pixvo.tech/,internal,Inicio,P1,es
https://pixvo.tech/es/contacto/,https://pixvo.tech/es/,child_to_parent,España,P1,es
https://pixvo.tech/es/contacto/,https://pixvo.tech/es/solicitar-diagnostico/,conversion,Aportar el contexto por escrito,P1,es
https://pixvo.tech/es/contacto/,https://pixvo.tech/es/sistema-crecimiento-digital/,internal,Entender el sistema,P1,es
https://pixvo.tech/es/contacto/,https://pixvo.tech/es/soluciones/automatizacion-de-procesos/,internal,Automatización,P1,es
https://pixvo.tech/es/contacto/,https://pixvo.tech/es/soluciones/seguimiento-de-leads/,internal,Seguimiento de leads,P1,es
https://pixvo.tech/es/contacto/,https://pixvo.tech/es/nosotros/,internal,Nosotros,P3,es
https://pixvo.tech/es/contacto/,https://pixvo.tech/es/contacto/,internal,Contacto,P3,es
https://pixvo.tech/es/contacto/,https://pixvo.tech/mx/,internal,México,P1,es
https://pixvo.tech/es/contacto/,https://pixvo.tech/ar/,internal,Argentina,P1,es
https://pixvo.tech/es/soluciones/seo-para-pymes/,https://pixvo.tech/es/sistema-crecimiento-digital/,child_to_parent,Sistema de crecimiento,P1,es
https://pixvo.tech/es/soluciones/seo-para-pymes/,https://pixvo.tech/es/soluciones/seo-para-pymes/,internal,SEO para PyMEs,P1,es
https://pixvo.tech/es/soluciones/seo-para-pymes/,https://pixvo.tech/es/auditoria-crecimiento-digital/,internal,Auditoría,P1,es
https://pixvo.tech/es/soluciones/seo-para-pymes/,https://pixvo.tech/es/planes/,conversion,Planes,P1,es
https://pixvo.tech/es/soluciones/seo-para-pymes/,https://pixvo.tech/es/casos-de-exito/,internal,Casos de éxito,P1,es
https://pixvo.tech/es/soluciones/seo-para-pymes/,https://pixvo.tech/es/recursos/,internal,Recursos,P2,es
https://pixvo.tech/es/soluciones/seo-para-pymes/,https://pixvo.tech/es/blog/,internal,Blog,P2,es
https://pixvo.tech/es/soluciones/seo-para-pymes/,https://pixvo.tech/es/solicitar-diagnostico/,conversion,Solicitar diagnóstico,P1,es
https://pixvo.tech/es/soluciones/seo-para-pymes/,https://pixvo.tech/,internal,Inicio,P1,es
https://pixvo.tech/es/soluciones/seo-para-pymes/,https://pixvo.tech/es/,internal,España,P1,es
https://pixvo.tech/es/soluciones/seo-para-pymes/,https://pixvo.tech/es/problemas/dependencia-publicidad-paga/,parent_to_child,Reduce la dependencia de la publicidad pagada,P1,es
https://pixvo.tech/es/soluciones/seo-para-pymes/,https://pixvo.tech/es/problemas/contenido-no-genera-clientes/,internal,"Contenido que no genera clientes: intención, rutas y conversión",P1,es
https://pixvo.tech/es/soluciones/seo-para-pymes/,https://pixvo.tech/es/soluciones/contenido-seo/,parent_to_child,Servicio de contenido SEO,P2,es
https://pixvo.tech/es/soluciones/seo-para-pymes/,https://pixvo.tech/es/soluciones/seo-wordpress/,parent_to_child,SEO para WordPress,P2,es
https://pixvo.tech/es/soluciones/seo-para-pymes/,https://pixvo.tech/es/soluciones/analitica-digital/,internal,Consultoría de analítica digital,P2,es
https://pixvo.tech/es/soluciones/seo-para-pymes/,https://pixvo.tech/es/recursos/seo-vs-google-ads/,internal,SEO vs Google Ads,P2,es
https://pixvo.tech/es/soluciones/seo-para-pymes/,https://pixvo.tech/es/recursos/agencia-seo-vs-consultor-seo/,internal,Agencia SEO vs consultor SEO,P2,es
https://pixvo.tech/es/soluciones/seo-para-pymes/,https://pixvo.tech/es/auditoria-crecimiento-digital/,internal,Solicitar una auditoría,P1,es
https://pixvo.tech/es/soluciones/seo-para-pymes/,https://pixvo.tech/es/planes/,conversion,Comparar planes y precios,P1,es
https://pixvo.tech/es/soluciones/seo-para-pymes/,https://pixvo.tech/es/soluciones/automatizacion-de-procesos/,internal,Automatización,P1,es
https://pixvo.tech/es/soluciones/seo-para-pymes/,https://pixvo.tech/es/soluciones/seguimiento-de-leads/,internal,Seguimiento de leads,P1,es
https://pixvo.tech/es/soluciones/seo-para-pymes/,https://pixvo.tech/es/nosotros/,internal,Nosotros,P3,es
https://pixvo.tech/es/soluciones/seo-para-pymes/,https://pixvo.tech/es/contacto/,internal,Contacto,P3,es
https://pixvo.tech/es/soluciones/seo-para-pymes/,https://pixvo.tech/mx/,internal,México,P1,es
https://pixvo.tech/es/soluciones/seo-para-pymes/,https://pixvo.tech/ar/,internal,Argentina,P1,es
https://pixvo.tech/es/soluciones/seo-wordpress/,https://pixvo.tech/es/sistema-crecimiento-digital/,internal,Sistema de crecimiento,P1,es
https://pixvo.tech/es/soluciones/seo-wordpress/,https://pixvo.tech/es/soluciones/seo-para-pymes/,child_to_parent,SEO para PyMEs,P1,es
https://pixvo.tech/es/soluciones/seo-wordpress/,https://pixvo.tech/es/auditoria-crecimiento-digital/,internal,Auditoría,P1,es
https://pixvo.tech/es/soluciones/seo-wordpress/,https://pixvo.tech/es/planes/,conversion,Planes,P1,es
https://pixvo.tech/es/soluciones/seo-wordpress/,https://pixvo.tech/es/casos-de-exito/,internal,Casos de éxito,P1,es
https://pixvo.tech/es/soluciones/seo-wordpress/,https://pixvo.tech/es/recursos/,internal,Recursos,P2,es
https://pixvo.tech/es/soluciones/seo-wordpress/,https://pixvo.tech/es/blog/,internal,Blog,P2,es
https://pixvo.tech/es/soluciones/seo-wordpress/,https://pixvo.tech/es/solicitar-diagnostico/,conversion,Solicitar diagnóstico,P1,es
https://pixvo.tech/es/soluciones/seo-wordpress/,https://pixvo.tech/,internal,Inicio,P1,es
https://pixvo.tech/es/soluciones/seo-wordpress/,https://pixvo.tech/es/,internal,España,P1,es
https://pixvo.tech/es/soluciones/seo-wordpress/,https://pixvo.tech/es/problemas/wordpress-lento/,internal,"WordPress lento: rendimiento, estabilidad y conversión",P1,es
https://pixvo.tech/es/soluciones/seo-wordpress/,https://pixvo.tech/es/soluciones/seo-para-pymes/,child_to_parent,SEO para PyMEs orientado a captar clientes,P1,es
https://pixvo.tech/es/soluciones/seo-wordpress/,https://pixvo.tech/es/soluciones/contenido-seo/,internal,Servicio de contenido SEO,P2,es
https://pixvo.tech/es/soluciones/seo-wordpress/,https://pixvo.tech/es/soluciones/optimizacion-wordpress/,internal,Optimización WordPress para empresas,P2,es
https://pixvo.tech/es/soluciones/seo-wordpress/,https://pixvo.tech/es/recursos/seo-mensual-vs-auditoria/,internal,SEO mensual vs auditoría SEO,P2,es
https://pixvo.tech/es/soluciones/seo-wordpress/,https://pixvo.tech/es/recursos/seo-vs-sistema-de-crecimiento/,internal,SEO vs sistema de crecimiento digital,P2,es
https://pixvo.tech/es/soluciones/seo-wordpress/,https://pixvo.tech/es/casos-de-exito/sanidad-web/,solution_to_case,Sanidad Web,P2,es
https://pixvo.tech/es/soluciones/seo-wordpress/,https://pixvo.tech/es/auditoria-crecimiento-digital/,internal,Solicitar una auditoría,P1,es
https://pixvo.tech/es/soluciones/seo-wordpress/,https://pixvo.tech/es/planes/,conversion,Comparar planes y precios,P1,es
https://pixvo.tech/es/soluciones/seo-wordpress/,https://pixvo.tech/es/soluciones/automatizacion-de-procesos/,internal,Automatización,P1,es
https://pixvo.tech/es/soluciones/seo-wordpress/,https://pixvo.tech/es/soluciones/seguimiento-de-leads/,internal,Seguimiento de leads,P1,es
https://pixvo.tech/es/soluciones/seo-wordpress/,https://pixvo.tech/es/nosotros/,internal,Nosotros,P3,es
https://pixvo.tech/es/soluciones/seo-wordpress/,https://pixvo.tech/es/contacto/,internal,Contacto,P3,es
https://pixvo.tech/es/soluciones/seo-wordpress/,https://pixvo.tech/mx/,internal,México,P1,es
https://pixvo.tech/es/soluciones/seo-wordpress/,https://pixvo.tech/ar/,internal,Argentina,P1,es
https://pixvo.tech/es/soluciones/contenido-seo/,https://pixvo.tech/es/sistema-crecimiento-digital/,internal,Sistema de crecimiento,P1,es
https://pixvo.tech/es/soluciones/contenido-seo/,https://pixvo.tech/es/soluciones/seo-para-pymes/,child_to_parent,SEO para PyMEs,P1,es
https://pixvo.tech/es/soluciones/contenido-seo/,https://pixvo.tech/es/auditoria-crecimiento-digital/,internal,Auditoría,P1,es
https://pixvo.tech/es/soluciones/contenido-seo/,https://pixvo.tech/es/planes/,conversion,Planes,P1,es
https://pixvo.tech/es/soluciones/contenido-seo/,https://pixvo.tech/es/casos-de-exito/,internal,Casos de éxito,P1,es
https://pixvo.tech/es/soluciones/contenido-seo/,https://pixvo.tech/es/recursos/,internal,Recursos,P2,es
https://pixvo.tech/es/soluciones/contenido-seo/,https://pixvo.tech/es/blog/,internal,Blog,P2,es
https://pixvo.tech/es/soluciones/contenido-seo/,https://pixvo.tech/es/solicitar-diagnostico/,conversion,Solicitar diagnóstico,P1,es
https://pixvo.tech/es/soluciones/contenido-seo/,https://pixvo.tech/,internal,Inicio,P1,es
https://pixvo.tech/es/soluciones/contenido-seo/,https://pixvo.tech/es/,internal,España,P1,es
https://pixvo.tech/es/soluciones/contenido-seo/,https://pixvo.tech/es/problemas/dependencia-publicidad-paga/,internal,Reduce la dependencia de la publicidad pagada,P1,es
https://pixvo.tech/es/soluciones/contenido-seo/,https://pixvo.tech/es/problemas/contenido-no-genera-clientes/,parent_to_child,"Contenido que no genera clientes: intención, rutas y conversión",P1,es
https://pixvo.tech/es/soluciones/contenido-seo/,https://pixvo.tech/es/soluciones/seo-para-pymes/,child_to_parent,SEO para PyMEs orientado a captar clientes,P1,es
https://pixvo.tech/es/soluciones/contenido-seo/,https://pixvo.tech/es/soluciones/optimizacion-de-conversion/,internal,Optimización de conversión web,P2,es
https://pixvo.tech/es/soluciones/contenido-seo/,https://pixvo.tech/es/soluciones/analitica-digital/,internal,Consultoría de analítica digital,P2,es
https://pixvo.tech/es/soluciones/contenido-seo/,https://pixvo.tech/es/recursos/seo-vs-sistema-de-crecimiento/,internal,SEO vs sistema de crecimiento digital,P2,es
https://pixvo.tech/es/soluciones/contenido-seo/,https://pixvo.tech/es/recursos/seo-mensual-vs-auditoria/,internal,SEO mensual vs auditoría SEO,P2,es
https://pixvo.tech/es/soluciones/contenido-seo/,https://pixvo.tech/es/casos-de-exito/sanidad-web/,solution_to_case,Sanidad Web,P2,es
https://pixvo.tech/es/soluciones/contenido-seo/,https://pixvo.tech/es/auditoria-crecimiento-digital/,internal,Solicitar una auditoría,P1,es
https://pixvo.tech/es/soluciones/contenido-seo/,https://pixvo.tech/es/planes/,conversion,Comparar planes y precios,P1,es
https://pixvo.tech/es/soluciones/contenido-seo/,https://pixvo.tech/es/soluciones/automatizacion-de-procesos/,internal,Automatización,P1,es
https://pixvo.tech/es/soluciones/contenido-seo/,https://pixvo.tech/es/soluciones/seguimiento-de-leads/,internal,Seguimiento de leads,P1,es
https://pixvo.tech/es/soluciones/contenido-seo/,https://pixvo.tech/es/nosotros/,internal,Nosotros,P3,es
https://pixvo.tech/es/soluciones/contenido-seo/,https://pixvo.tech/es/contacto/,internal,Contacto,P3,es
https://pixvo.tech/es/soluciones/contenido-seo/,https://pixvo.tech/mx/,internal,México,P1,es
https://pixvo.tech/es/soluciones/contenido-seo/,https://pixvo.tech/ar/,internal,Argentina,P1,es
https://pixvo.tech/es/soluciones/automatizacion-de-procesos/,https://pixvo.tech/es/sistema-crecimiento-digital/,child_to_parent,Sistema de crecimiento,P1,es
https://pixvo.tech/es/soluciones/automatizacion-de-procesos/,https://pixvo.tech/es/soluciones/seo-para-pymes/,internal,SEO para PyMEs,P1,es
https://pixvo.tech/es/soluciones/automatizacion-de-procesos/,https://pixvo.tech/es/auditoria-crecimiento-digital/,internal,Auditoría,P1,es
https://pixvo.tech/es/soluciones/automatizacion-de-procesos/,https://pixvo.tech/es/planes/,conversion,Planes,P1,es
https://pixvo.tech/es/soluciones/automatizacion-de-procesos/,https://pixvo.tech/es/casos-de-exito/,internal,Casos de éxito,P1,es
https://pixvo.tech/es/soluciones/automatizacion-de-procesos/,https://pixvo.tech/es/recursos/,internal,Recursos,P2,es
https://pixvo.tech/es/soluciones/automatizacion-de-procesos/,https://pixvo.tech/es/blog/,internal,Blog,P2,es
https://pixvo.tech/es/soluciones/automatizacion-de-procesos/,https://pixvo.tech/es/solicitar-diagnostico/,conversion,Solicitar diagnóstico,P1,es
https://pixvo.tech/es/soluciones/automatizacion-de-procesos/,https://pixvo.tech/,internal,Inicio,P1,es
https://pixvo.tech/es/soluciones/automatizacion-de-procesos/,https://pixvo.tech/es/,internal,España,P1,es
https://pixvo.tech/es/soluciones/automatizacion-de-procesos/,https://pixvo.tech/es/problemas/reducir-tareas-manuales/,parent_to_child,Automatiza tareas repetitivas que frenan a tu equipo,P1,es
https://pixvo.tech/es/soluciones/automatizacion-de-procesos/,https://pixvo.tech/es/soluciones/seguimiento-de-leads/,internal,Automatización del seguimiento de leads,P1,es
https://pixvo.tech/es/soluciones/automatizacion-de-procesos/,https://pixvo.tech/es/soluciones/analitica-digital/,internal,Consultoría de analítica digital,P2,es
https://pixvo.tech/es/soluciones/automatizacion-de-procesos/,https://pixvo.tech/es/soluciones/automatizacion-de-marketing/,parent_to_child,Automatización de marketing,P2,es
https://pixvo.tech/es/soluciones/automatizacion-de-procesos/,https://pixvo.tech/es/recursos/n8n-vs-zapier/,internal,n8n vs Zapier,P2,es
https://pixvo.tech/es/soluciones/automatizacion-de-procesos/,https://pixvo.tech/es/recursos/crm-vs-automatizacion-de-leads/,internal,CRM vs automatización de leads,P2,es
https://pixvo.tech/es/soluciones/automatizacion-de-procesos/,https://pixvo.tech/es/casos-de-exito/microcuotas/,solution_to_case,Microcuotas,P1,es
https://pixvo.tech/es/soluciones/automatizacion-de-procesos/,https://pixvo.tech/es/casos-de-exito/hospital-metropolitano/,solution_to_case,Hospital Metropolitano,P2,es
https://pixvo.tech/es/soluciones/automatizacion-de-procesos/,https://pixvo.tech/es/auditoria-crecimiento-digital/,internal,Solicitar una auditoría,P1,es
https://pixvo.tech/es/soluciones/automatizacion-de-procesos/,https://pixvo.tech/es/planes/,conversion,Comparar planes y precios,P1,es
https://pixvo.tech/es/soluciones/automatizacion-de-procesos/,https://pixvo.tech/es/soluciones/automatizacion-de-procesos/,internal,Automatización,P1,es
https://pixvo.tech/es/soluciones/automatizacion-de-procesos/,https://pixvo.tech/es/soluciones/seguimiento-de-leads/,internal,Seguimiento de leads,P1,es
https://pixvo.tech/es/soluciones/automatizacion-de-procesos/,https://pixvo.tech/es/nosotros/,internal,Nosotros,P3,es
https://pixvo.tech/es/soluciones/automatizacion-de-procesos/,https://pixvo.tech/es/contacto/,internal,Contacto,P3,es
https://pixvo.tech/es/soluciones/automatizacion-de-procesos/,https://pixvo.tech/mx/,internal,México,P1,es
https://pixvo.tech/es/soluciones/automatizacion-de-procesos/,https://pixvo.tech/ar/,internal,Argentina,P1,es
https://pixvo.tech/es/soluciones/automatizacion-de-marketing/,https://pixvo.tech/es/sistema-crecimiento-digital/,internal,Sistema de crecimiento,P1,es
https://pixvo.tech/es/soluciones/automatizacion-de-marketing/,https://pixvo.tech/es/soluciones/seo-para-pymes/,internal,SEO para PyMEs,P1,es
https://pixvo.tech/es/soluciones/automatizacion-de-marketing/,https://pixvo.tech/es/auditoria-crecimiento-digital/,internal,Auditoría,P1,es
https://pixvo.tech/es/soluciones/automatizacion-de-marketing/,https://pixvo.tech/es/planes/,conversion,Planes,P1,es
https://pixvo.tech/es/soluciones/automatizacion-de-marketing/,https://pixvo.tech/es/casos-de-exito/,internal,Casos de éxito,P1,es
https://pixvo.tech/es/soluciones/automatizacion-de-marketing/,https://pixvo.tech/es/recursos/,internal,Recursos,P2,es
https://pixvo.tech/es/soluciones/automatizacion-de-marketing/,https://pixvo.tech/es/blog/,internal,Blog,P2,es
https://pixvo.tech/es/soluciones/automatizacion-de-marketing/,https://pixvo.tech/es/solicitar-diagnostico/,conversion,Solicitar diagnóstico,P1,es
https://pixvo.tech/es/soluciones/automatizacion-de-marketing/,https://pixvo.tech/,internal,Inicio,P1,es
https://pixvo.tech/es/soluciones/automatizacion-de-marketing/,https://pixvo.tech/es/,internal,España,P1,es
https://pixvo.tech/es/soluciones/automatizacion-de-marketing/,https://pixvo.tech/es/problemas/conectar-marketing-y-ventas/,internal,Conecta marketing y ventas sin perder contexto,P1,es
https://pixvo.tech/es/soluciones/automatizacion-de-marketing/,https://pixvo.tech/es/soluciones/seguimiento-de-leads/,internal,Automatización del seguimiento de leads,P1,es
https://pixvo.tech/es/soluciones/automatizacion-de-marketing/,https://pixvo.tech/es/soluciones/contenido-seo/,internal,Servicio de contenido SEO,P2,es
https://pixvo.tech/es/soluciones/automatizacion-de-marketing/,https://pixvo.tech/es/soluciones/analitica-digital/,internal,Consultoría de analítica digital,P2,es
https://pixvo.tech/es/soluciones/automatizacion-de-marketing/,https://pixvo.tech/es/recursos/crm-vs-automatizacion-de-leads/,internal,CRM vs automatización de leads,P2,es
https://pixvo.tech/es/soluciones/automatizacion-de-marketing/,https://pixvo.tech/es/recursos/n8n-vs-zapier/,internal,n8n vs Zapier,P2,es
https://pixvo.tech/es/soluciones/automatizacion-de-marketing/,https://pixvo.tech/es/auditoria-crecimiento-digital/,internal,Solicitar una auditoría,P1,es
https://pixvo.tech/es/soluciones/automatizacion-de-marketing/,https://pixvo.tech/es/planes/,conversion,Comparar planes y precios,P1,es
https://pixvo.tech/es/soluciones/automatizacion-de-marketing/,https://pixvo.tech/es/soluciones/automatizacion-de-procesos/,child_to_parent,Automatización,P1,es
https://pixvo.tech/es/soluciones/automatizacion-de-marketing/,https://pixvo.tech/es/soluciones/seguimiento-de-leads/,internal,Seguimiento de leads,P1,es
https://pixvo.tech/es/soluciones/automatizacion-de-marketing/,https://pixvo.tech/es/nosotros/,internal,Nosotros,P3,es
https://pixvo.tech/es/soluciones/automatizacion-de-marketing/,https://pixvo.tech/es/contacto/,internal,Contacto,P3,es
https://pixvo.tech/es/soluciones/automatizacion-de-marketing/,https://pixvo.tech/mx/,internal,México,P1,es
https://pixvo.tech/es/soluciones/automatizacion-de-marketing/,https://pixvo.tech/ar/,internal,Argentina,P1,es
https://pixvo.tech/es/soluciones/seguimiento-de-leads/,https://pixvo.tech/es/sistema-crecimiento-digital/,child_to_parent,Sistema de crecimiento,P1,es
https://pixvo.tech/es/soluciones/seguimiento-de-leads/,https://pixvo.tech/es/soluciones/seo-para-pymes/,internal,SEO para PyMEs,P1,es
https://pixvo.tech/es/soluciones/seguimiento-de-leads/,https://pixvo.tech/es/auditoria-crecimiento-digital/,internal,Auditoría,P1,es
https://pixvo.tech/es/soluciones/seguimiento-de-leads/,https://pixvo.tech/es/planes/,conversion,Planes,P1,es
https://pixvo.tech/es/soluciones/seguimiento-de-leads/,https://pixvo.tech/es/casos-de-exito/,internal,Casos de éxito,P1,es
https://pixvo.tech/es/soluciones/seguimiento-de-leads/,https://pixvo.tech/es/recursos/,internal,Recursos,P2,es
https://pixvo.tech/es/soluciones/seguimiento-de-leads/,https://pixvo.tech/es/blog/,internal,Blog,P2,es
https://pixvo.tech/es/soluciones/seguimiento-de-leads/,https://pixvo.tech/es/solicitar-diagnostico/,conversion,Solicitar diagnóstico,P1,es
https://pixvo.tech/es/soluciones/seguimiento-de-leads/,https://pixvo.tech/,internal,Inicio,P1,es
https://pixvo.tech/es/soluciones/seguimiento-de-leads/,https://pixvo.tech/es/,internal,España,P1,es
https://pixvo.tech/es/soluciones/seguimiento-de-leads/,https://pixvo.tech/es/problemas/leads-no-convierten/,parent_to_child,¿Por qué tus leads no se convierten en clientes?,P1,es
https://pixvo.tech/es/soluciones/seguimiento-de-leads/,https://pixvo.tech/es/problemas/reducir-tareas-manuales/,internal,Automatiza tareas repetitivas que frenan a tu equipo,P1,es
https://pixvo.tech/es/soluciones/seguimiento-de-leads/,https://pixvo.tech/es/soluciones/automatizacion-de-procesos/,internal,Automatización de procesos para PyMEs,P1,es
https://pixvo.tech/es/soluciones/seguimiento-de-leads/,https://pixvo.tech/es/soluciones/analitica-digital/,internal,Consultoría de analítica digital,P2,es
https://pixvo.tech/es/soluciones/seguimiento-de-leads/,https://pixvo.tech/es/soluciones/optimizacion-de-conversion/,internal,Optimización de conversión web,P2,es
https://pixvo.tech/es/soluciones/seguimiento-de-leads/,https://pixvo.tech/es/recursos/crm-vs-automatizacion-de-leads/,internal,CRM vs automatización de leads,P2,es
https://pixvo.tech/es/soluciones/seguimiento-de-leads/,https://pixvo.tech/es/recursos/n8n-vs-zapier/,internal,n8n vs Zapier,P2,es
https://pixvo.tech/es/soluciones/seguimiento-de-leads/,https://pixvo.tech/es/casos-de-exito/microcuotas/,solution_to_case,Microcuotas,P1,es
https://pixvo.tech/es/soluciones/seguimiento-de-leads/,https://pixvo.tech/es/auditoria-crecimiento-digital/,internal,Solicitar una auditoría,P1,es
https://pixvo.tech/es/soluciones/seguimiento-de-leads/,https://pixvo.tech/es/planes/,conversion,Comparar planes y precios,P1,es
https://pixvo.tech/es/soluciones/seguimiento-de-leads/,https://pixvo.tech/es/soluciones/automatizacion-de-procesos/,internal,Automatización,P1,es
https://pixvo.tech/es/soluciones/seguimiento-de-leads/,https://pixvo.tech/es/soluciones/seguimiento-de-leads/,internal,Seguimiento de leads,P1,es
https://pixvo.tech/es/soluciones/seguimiento-de-leads/,https://pixvo.tech/es/nosotros/,internal,Nosotros,P3,es
https://pixvo.tech/es/soluciones/seguimiento-de-leads/,https://pixvo.tech/es/contacto/,internal,Contacto,P3,es
https://pixvo.tech/es/soluciones/seguimiento-de-leads/,https://pixvo.tech/mx/,internal,México,P1,es
https://pixvo.tech/es/soluciones/seguimiento-de-leads/,https://pixvo.tech/ar/,internal,Argentina,P1,es
https://pixvo.tech/es/soluciones/analitica-digital/,https://pixvo.tech/es/sistema-crecimiento-digital/,child_to_parent,Sistema de crecimiento,P1,es
https://pixvo.tech/es/soluciones/analitica-digital/,https://pixvo.tech/es/soluciones/seo-para-pymes/,internal,SEO para PyMEs,P1,es
https://pixvo.tech/es/soluciones/analitica-digital/,https://pixvo.tech/es/auditoria-crecimiento-digital/,internal,Auditoría,P1,es
https://pixvo.tech/es/soluciones/analitica-digital/,https://pixvo.tech/es/planes/,conversion,Planes,P1,es
https://pixvo.tech/es/soluciones/analitica-digital/,https://pixvo.tech/es/casos-de-exito/,internal,Casos de éxito,P1,es
https://pixvo.tech/es/soluciones/analitica-digital/,https://pixvo.tech/es/recursos/,internal,Recursos,P2,es
https://pixvo.tech/es/soluciones/analitica-digital/,https://pixvo.tech/es/blog/,internal,Blog,P2,es
https://pixvo.tech/es/soluciones/analitica-digital/,https://pixvo.tech/es/solicitar-diagnostico/,conversion,Solicitar diagnóstico,P1,es
https://pixvo.tech/es/soluciones/analitica-digital/,https://pixvo.tech/,internal,Inicio,P1,es
https://pixvo.tech/es/soluciones/analitica-digital/,https://pixvo.tech/es/,internal,España,P1,es
https://pixvo.tech/es/soluciones/analitica-digital/,https://pixvo.tech/es/problemas/leads-no-convierten/,internal,¿Por qué tus leads no se convierten en clientes?,P1,es
https://pixvo.tech/es/soluciones/analitica-digital/,https://pixvo.tech/es/problemas/medir-resultados-marketing/,parent_to_child,Mide qué acciones generan oportunidades,P1,es
https://pixvo.tech/es/soluciones/analitica-digital/,https://pixvo.tech/es/soluciones/seguimiento-de-leads/,internal,Automatización del seguimiento de leads,P1,es
https://pixvo.tech/es/soluciones/analitica-digital/,https://pixvo.tech/es/soluciones/seo-para-pymes/,internal,SEO para PyMEs orientado a captar clientes,P1,es
https://pixvo.tech/es/soluciones/analitica-digital/,https://pixvo.tech/es/soluciones/optimizacion-de-conversion/,internal,Optimización de conversión web,P2,es
https://pixvo.tech/es/soluciones/analitica-digital/,https://pixvo.tech/es/recursos/seo-vs-google-ads/,internal,SEO vs Google Ads,P2,es
https://pixvo.tech/es/soluciones/analitica-digital/,https://pixvo.tech/es/recursos/n8n-vs-zapier/,internal,n8n vs Zapier,P2,es
https://pixvo.tech/es/soluciones/analitica-digital/,https://pixvo.tech/es/casos-de-exito/microcuotas/,solution_to_case,Microcuotas,P1,es
https://pixvo.tech/es/soluciones/analitica-digital/,https://pixvo.tech/es/casos-de-exito/hospital-metropolitano/,solution_to_case,Hospital Metropolitano,P2,es
https://pixvo.tech/es/soluciones/analitica-digital/,https://pixvo.tech/es/auditoria-crecimiento-digital/,internal,Solicitar una auditoría,P1,es
https://pixvo.tech/es/soluciones/analitica-digital/,https://pixvo.tech/es/planes/,conversion,Comparar planes y precios,P1,es
https://pixvo.tech/es/soluciones/analitica-digital/,https://pixvo.tech/es/soluciones/automatizacion-de-procesos/,internal,Automatización,P1,es
https://pixvo.tech/es/soluciones/analitica-digital/,https://pixvo.tech/es/soluciones/seguimiento-de-leads/,internal,Seguimiento de leads,P1,es
https://pixvo.tech/es/soluciones/analitica-digital/,https://pixvo.tech/es/nosotros/,internal,Nosotros,P3,es
https://pixvo.tech/es/soluciones/analitica-digital/,https://pixvo.tech/es/contacto/,internal,Contacto,P3,es
https://pixvo.tech/es/soluciones/analitica-digital/,https://pixvo.tech/mx/,internal,México,P1,es
https://pixvo.tech/es/soluciones/analitica-digital/,https://pixvo.tech/ar/,internal,Argentina,P1,es
https://pixvo.tech/es/soluciones/optimizacion-wordpress/,https://pixvo.tech/es/sistema-crecimiento-digital/,child_to_parent,Sistema de crecimiento,P1,es
https://pixvo.tech/es/soluciones/optimizacion-wordpress/,https://pixvo.tech/es/soluciones/seo-para-pymes/,internal,SEO para PyMEs,P1,es
https://pixvo.tech/es/soluciones/optimizacion-wordpress/,https://pixvo.tech/es/auditoria-crecimiento-digital/,internal,Auditoría,P1,es
https://pixvo.tech/es/soluciones/optimizacion-wordpress/,https://pixvo.tech/es/planes/,conversion,Planes,P1,es
https://pixvo.tech/es/soluciones/optimizacion-wordpress/,https://pixvo.tech/es/casos-de-exito/,internal,Casos de éxito,P1,es
https://pixvo.tech/es/soluciones/optimizacion-wordpress/,https://pixvo.tech/es/recursos/,internal,Recursos,P2,es
https://pixvo.tech/es/soluciones/optimizacion-wordpress/,https://pixvo.tech/es/blog/,internal,Blog,P2,es
https://pixvo.tech/es/soluciones/optimizacion-wordpress/,https://pixvo.tech/es/solicitar-diagnostico/,conversion,Solicitar diagnóstico,P1,es
https://pixvo.tech/es/soluciones/optimizacion-wordpress/,https://pixvo.tech/,internal,Inicio,P1,es
https://pixvo.tech/es/soluciones/optimizacion-wordpress/,https://pixvo.tech/es/,internal,España,P1,es
https://pixvo.tech/es/soluciones/optimizacion-wordpress/,https://pixvo.tech/es/problemas/web-no-convierte/,internal,"Mi web recibe visitas, pero no vende ni genera oportunidades",P1,es
https://pixvo.tech/es/soluciones/optimizacion-wordpress/,https://pixvo.tech/es/problemas/wordpress-lento/,parent_to_child,"WordPress lento: rendimiento, estabilidad y conversión",P1,es
https://pixvo.tech/es/soluciones/optimizacion-wordpress/,https://pixvo.tech/es/soluciones/optimizacion-de-conversion/,internal,Optimización de conversión web,P2,es
https://pixvo.tech/es/soluciones/optimizacion-wordpress/,https://pixvo.tech/es/soluciones/seo-wordpress/,internal,SEO para WordPress,P2,es
https://pixvo.tech/es/soluciones/optimizacion-wordpress/,https://pixvo.tech/es/soluciones/analitica-digital/,internal,Consultoría de analítica digital,P2,es
https://pixvo.tech/es/soluciones/optimizacion-wordpress/,https://pixvo.tech/es/recursos/rediseno-web-vs-optimizacion-cro/,internal,Rediseño web vs optimización CRO,P2,es
https://pixvo.tech/es/soluciones/optimizacion-wordpress/,https://pixvo.tech/es/recursos/seo-mensual-vs-auditoria/,internal,SEO mensual vs auditoría SEO,P2,es
https://pixvo.tech/es/soluciones/optimizacion-wordpress/,https://pixvo.tech/es/casos-de-exito/sanidad-web/,solution_to_case,Sanidad Web,P2,es
https://pixvo.tech/es/soluciones/optimizacion-wordpress/,https://pixvo.tech/es/auditoria-crecimiento-digital/,internal,Solicitar una auditoría,P1,es
https://pixvo.tech/es/soluciones/optimizacion-wordpress/,https://pixvo.tech/es/planes/,conversion,Comparar planes y precios,P1,es
https://pixvo.tech/es/soluciones/optimizacion-wordpress/,https://pixvo.tech/es/soluciones/automatizacion-de-procesos/,internal,Automatización,P1,es
https://pixvo.tech/es/soluciones/optimizacion-wordpress/,https://pixvo.tech/es/soluciones/seguimiento-de-leads/,internal,Seguimiento de leads,P1,es
https://pixvo.tech/es/soluciones/optimizacion-wordpress/,https://pixvo.tech/es/nosotros/,internal,Nosotros,P3,es
https://pixvo.tech/es/soluciones/optimizacion-wordpress/,https://pixvo.tech/es/contacto/,internal,Contacto,P3,es
https://pixvo.tech/es/soluciones/optimizacion-wordpress/,https://pixvo.tech/mx/,internal,México,P1,es
https://pixvo.tech/es/soluciones/optimizacion-wordpress/,https://pixvo.tech/ar/,internal,Argentina,P1,es
https://pixvo.tech/es/soluciones/optimizacion-de-conversion/,https://pixvo.tech/es/sistema-crecimiento-digital/,child_to_parent,Sistema de crecimiento,P1,es
https://pixvo.tech/es/soluciones/optimizacion-de-conversion/,https://pixvo.tech/es/soluciones/seo-para-pymes/,internal,SEO para PyMEs,P1,es
https://pixvo.tech/es/soluciones/optimizacion-de-conversion/,https://pixvo.tech/es/auditoria-crecimiento-digital/,internal,Auditoría,P1,es
https://pixvo.tech/es/soluciones/optimizacion-de-conversion/,https://pixvo.tech/es/planes/,conversion,Planes,P1,es
https://pixvo.tech/es/soluciones/optimizacion-de-conversion/,https://pixvo.tech/es/casos-de-exito/,internal,Casos de éxito,P1,es
https://pixvo.tech/es/soluciones/optimizacion-de-conversion/,https://pixvo.tech/es/recursos/,internal,Recursos,P2,es
https://pixvo.tech/es/soluciones/optimizacion-de-conversion/,https://pixvo.tech/es/blog/,internal,Blog,P2,es
https://pixvo.tech/es/soluciones/optimizacion-de-conversion/,https://pixvo.tech/es/solicitar-diagnostico/,conversion,Solicitar diagnóstico,P1,es
https://pixvo.tech/es/soluciones/optimizacion-de-conversion/,https://pixvo.tech/,internal,Inicio,P1,es
https://pixvo.tech/es/soluciones/optimizacion-de-conversion/,https://pixvo.tech/es/,internal,España,P1,es
https://pixvo.tech/es/soluciones/optimizacion-de-conversion/,https://pixvo.tech/es/problemas/web-no-convierte/,parent_to_child,"Mi web recibe visitas, pero no vende ni genera oportunidades",P1,es
https://pixvo.tech/es/soluciones/optimizacion-de-conversion/,https://pixvo.tech/es/soluciones/analitica-digital/,internal,Consultoría de analítica digital,P2,es
https://pixvo.tech/es/soluciones/optimizacion-de-conversion/,https://pixvo.tech/es/soluciones/optimizacion-wordpress/,internal,Optimización WordPress para empresas,P2,es
https://pixvo.tech/es/soluciones/optimizacion-de-conversion/,https://pixvo.tech/es/soluciones/contenido-seo/,internal,Servicio de contenido SEO,P2,es
https://pixvo.tech/es/soluciones/optimizacion-de-conversion/,https://pixvo.tech/es/recursos/rediseno-web-vs-optimizacion-cro/,internal,Rediseño web vs optimización CRO,P2,es
https://pixvo.tech/es/soluciones/optimizacion-de-conversion/,https://pixvo.tech/es/auditoria-crecimiento-digital/,internal,Solicitar una auditoría,P1,es
https://pixvo.tech/es/soluciones/optimizacion-de-conversion/,https://pixvo.tech/es/planes/,conversion,Comparar planes y precios,P1,es
https://pixvo.tech/es/soluciones/optimizacion-de-conversion/,https://pixvo.tech/es/soluciones/automatizacion-de-procesos/,internal,Automatización,P1,es
https://pixvo.tech/es/soluciones/optimizacion-de-conversion/,https://pixvo.tech/es/soluciones/seguimiento-de-leads/,internal,Seguimiento de leads,P1,es
https://pixvo.tech/es/soluciones/optimizacion-de-conversion/,https://pixvo.tech/es/nosotros/,internal,Nosotros,P3,es
https://pixvo.tech/es/soluciones/optimizacion-de-conversion/,https://pixvo.tech/es/contacto/,internal,Contacto,P3,es
https://pixvo.tech/es/soluciones/optimizacion-de-conversion/,https://pixvo.tech/mx/,internal,México,P1,es
https://pixvo.tech/es/soluciones/optimizacion-de-conversion/,https://pixvo.tech/ar/,internal,Argentina,P1,es
https://pixvo.tech/es/problemas/leads-no-convierten/,https://pixvo.tech/es/sistema-crecimiento-digital/,internal,Sistema de crecimiento,P1,es
https://pixvo.tech/es/problemas/leads-no-convierten/,https://pixvo.tech/es/soluciones/seo-para-pymes/,problem_to_solution,SEO para PyMEs,P1,es
https://pixvo.tech/es/problemas/leads-no-convierten/,https://pixvo.tech/es/auditoria-crecimiento-digital/,internal,Auditoría,P1,es
https://pixvo.tech/es/problemas/leads-no-convierten/,https://pixvo.tech/es/planes/,conversion,Planes,P1,es
https://pixvo.tech/es/problemas/leads-no-convierten/,https://pixvo.tech/es/casos-de-exito/,internal,Casos de éxito,P1,es
https://pixvo.tech/es/problemas/leads-no-convierten/,https://pixvo.tech/es/recursos/,internal,Recursos,P2,es
https://pixvo.tech/es/problemas/leads-no-convierten/,https://pixvo.tech/es/blog/,internal,Blog,P2,es
https://pixvo.tech/es/problemas/leads-no-convierten/,https://pixvo.tech/es/solicitar-diagnostico/,conversion,Solicitar diagnóstico,P1,es
https://pixvo.tech/es/problemas/leads-no-convierten/,https://pixvo.tech/,internal,Inicio,P1,es
https://pixvo.tech/es/problemas/leads-no-convierten/,https://pixvo.tech/es/,internal,España,P1,es
https://pixvo.tech/es/problemas/leads-no-convierten/,https://pixvo.tech/es/soluciones/seguimiento-de-leads/,child_to_parent,Automatización del seguimiento de leads,P1,es
https://pixvo.tech/es/problemas/leads-no-convierten/,https://pixvo.tech/es/soluciones/analitica-digital/,problem_to_solution,Consultoría de analítica digital,P2,es
https://pixvo.tech/es/problemas/leads-no-convierten/,https://pixvo.tech/es/auditoria-crecimiento-digital/,internal,Auditoría de crecimiento digital,P1,es
https://pixvo.tech/es/problemas/leads-no-convierten/,https://pixvo.tech/es/auditoria-crecimiento-digital/,internal,Auditar por qué tus leads no avanzan,P1,es
https://pixvo.tech/es/problemas/leads-no-convierten/,https://pixvo.tech/es/soluciones/automatizacion-de-procesos/,problem_to_solution,Automatización,P1,es
https://pixvo.tech/es/problemas/leads-no-convierten/,https://pixvo.tech/es/soluciones/seguimiento-de-leads/,child_to_parent,Seguimiento de leads,P1,es
https://pixvo.tech/es/problemas/leads-no-convierten/,https://pixvo.tech/es/nosotros/,internal,Nosotros,P3,es
https://pixvo.tech/es/problemas/leads-no-convierten/,https://pixvo.tech/es/contacto/,internal,Contacto,P3,es
https://pixvo.tech/es/problemas/leads-no-convierten/,https://pixvo.tech/mx/,internal,México,P1,es
https://pixvo.tech/es/problemas/leads-no-convierten/,https://pixvo.tech/ar/,internal,Argentina,P1,es
https://pixvo.tech/es/problemas/reducir-tareas-manuales/,https://pixvo.tech/es/sistema-crecimiento-digital/,internal,Sistema de crecimiento,P1,es
https://pixvo.tech/es/problemas/reducir-tareas-manuales/,https://pixvo.tech/es/soluciones/seo-para-pymes/,problem_to_solution,SEO para PyMEs,P1,es
https://pixvo.tech/es/problemas/reducir-tareas-manuales/,https://pixvo.tech/es/auditoria-crecimiento-digital/,internal,Auditoría,P1,es
https://pixvo.tech/es/problemas/reducir-tareas-manuales/,https://pixvo.tech/es/planes/,conversion,Planes,P1,es
https://pixvo.tech/es/problemas/reducir-tareas-manuales/,https://pixvo.tech/es/casos-de-exito/,internal,Casos de éxito,P1,es
https://pixvo.tech/es/problemas/reducir-tareas-manuales/,https://pixvo.tech/es/recursos/,internal,Recursos,P2,es
https://pixvo.tech/es/problemas/reducir-tareas-manuales/,https://pixvo.tech/es/blog/,internal,Blog,P2,es
https://pixvo.tech/es/problemas/reducir-tareas-manuales/,https://pixvo.tech/es/solicitar-diagnostico/,conversion,Solicitar diagnóstico,P1,es
https://pixvo.tech/es/problemas/reducir-tareas-manuales/,https://pixvo.tech/,internal,Inicio,P1,es
https://pixvo.tech/es/problemas/reducir-tareas-manuales/,https://pixvo.tech/es/,internal,España,P1,es
https://pixvo.tech/es/problemas/reducir-tareas-manuales/,https://pixvo.tech/es/soluciones/automatizacion-de-procesos/,child_to_parent,Automatización de procesos para PyMEs,P1,es
https://pixvo.tech/es/problemas/reducir-tareas-manuales/,https://pixvo.tech/es/soluciones/seguimiento-de-leads/,problem_to_solution,Automatización del seguimiento de leads,P1,es
https://pixvo.tech/es/problemas/reducir-tareas-manuales/,https://pixvo.tech/es/auditoria-crecimiento-digital/,internal,Auditoría de crecimiento digital,P1,es
https://pixvo.tech/es/problemas/reducir-tareas-manuales/,https://pixvo.tech/es/solicitar-diagnostico/,conversion,Detectar qué tareas conviene automatizar,P1,es
https://pixvo.tech/es/problemas/reducir-tareas-manuales/,https://pixvo.tech/es/soluciones/automatizacion-de-procesos/,child_to_parent,Automatización,P1,es
https://pixvo.tech/es/problemas/reducir-tareas-manuales/,https://pixvo.tech/es/soluciones/seguimiento-de-leads/,problem_to_solution,Seguimiento de leads,P1,es
https://pixvo.tech/es/problemas/reducir-tareas-manuales/,https://pixvo.tech/es/nosotros/,internal,Nosotros,P3,es
https://pixvo.tech/es/problemas/reducir-tareas-manuales/,https://pixvo.tech/es/contacto/,internal,Contacto,P3,es
https://pixvo.tech/es/problemas/reducir-tareas-manuales/,https://pixvo.tech/mx/,internal,México,P1,es
https://pixvo.tech/es/problemas/reducir-tareas-manuales/,https://pixvo.tech/ar/,internal,Argentina,P1,es
https://pixvo.tech/es/problemas/web-no-convierte/,https://pixvo.tech/es/sistema-crecimiento-digital/,internal,Sistema de crecimiento,P1,es
https://pixvo.tech/es/problemas/web-no-convierte/,https://pixvo.tech/es/soluciones/seo-para-pymes/,problem_to_solution,SEO para PyMEs,P1,es
https://pixvo.tech/es/problemas/web-no-convierte/,https://pixvo.tech/es/auditoria-crecimiento-digital/,internal,Auditoría,P1,es
https://pixvo.tech/es/problemas/web-no-convierte/,https://pixvo.tech/es/planes/,conversion,Planes,P1,es
https://pixvo.tech/es/problemas/web-no-convierte/,https://pixvo.tech/es/casos-de-exito/,internal,Casos de éxito,P1,es
https://pixvo.tech/es/problemas/web-no-convierte/,https://pixvo.tech/es/recursos/,internal,Recursos,P2,es
https://pixvo.tech/es/problemas/web-no-convierte/,https://pixvo.tech/es/blog/,internal,Blog,P2,es
https://pixvo.tech/es/problemas/web-no-convierte/,https://pixvo.tech/es/solicitar-diagnostico/,conversion,Solicitar diagnóstico,P1,es
https://pixvo.tech/es/problemas/web-no-convierte/,https://pixvo.tech/,internal,Inicio,P1,es
https://pixvo.tech/es/problemas/web-no-convierte/,https://pixvo.tech/es/,internal,España,P1,es
https://pixvo.tech/es/problemas/web-no-convierte/,https://pixvo.tech/es/soluciones/optimizacion-de-conversion/,child_to_parent,Optimización de conversión web,P2,es
https://pixvo.tech/es/problemas/web-no-convierte/,https://pixvo.tech/es/soluciones/optimizacion-wordpress/,problem_to_solution,Optimización WordPress para empresas,P2,es
https://pixvo.tech/es/problemas/web-no-convierte/,https://pixvo.tech/es/auditoria-crecimiento-digital/,internal,Auditoría de crecimiento digital,P1,es
https://pixvo.tech/es/problemas/web-no-convierte/,https://pixvo.tech/es/auditoria-crecimiento-digital/,internal,Auditar por qué tu web no convierte,P1,es
https://pixvo.tech/es/problemas/web-no-convierte/,https://pixvo.tech/es/soluciones/automatizacion-de-procesos/,problem_to_solution,Automatización,P1,es
https://pixvo.tech/es/problemas/web-no-convierte/,https://pixvo.tech/es/soluciones/seguimiento-de-leads/,problem_to_solution,Seguimiento de leads,P1,es
https://pixvo.tech/es/problemas/web-no-convierte/,https://pixvo.tech/es/nosotros/,internal,Nosotros,P3,es
https://pixvo.tech/es/problemas/web-no-convierte/,https://pixvo.tech/es/contacto/,internal,Contacto,P3,es
https://pixvo.tech/es/problemas/web-no-convierte/,https://pixvo.tech/mx/,internal,México,P1,es
https://pixvo.tech/es/problemas/web-no-convierte/,https://pixvo.tech/ar/,internal,Argentina,P1,es
https://pixvo.tech/es/problemas/dependencia-publicidad-paga/,https://pixvo.tech/es/sistema-crecimiento-digital/,internal,Sistema de crecimiento,P1,es
https://pixvo.tech/es/problemas/dependencia-publicidad-paga/,https://pixvo.tech/es/soluciones/seo-para-pymes/,child_to_parent,SEO para PyMEs,P1,es
https://pixvo.tech/es/problemas/dependencia-publicidad-paga/,https://pixvo.tech/es/auditoria-crecimiento-digital/,internal,Auditoría,P1,es
https://pixvo.tech/es/problemas/dependencia-publicidad-paga/,https://pixvo.tech/es/planes/,conversion,Planes,P1,es
https://pixvo.tech/es/problemas/dependencia-publicidad-paga/,https://pixvo.tech/es/casos-de-exito/,internal,Casos de éxito,P1,es
https://pixvo.tech/es/problemas/dependencia-publicidad-paga/,https://pixvo.tech/es/recursos/,internal,Recursos,P2,es
https://pixvo.tech/es/problemas/dependencia-publicidad-paga/,https://pixvo.tech/es/blog/,internal,Blog,P2,es
https://pixvo.tech/es/problemas/dependencia-publicidad-paga/,https://pixvo.tech/es/solicitar-diagnostico/,conversion,Solicitar diagnóstico,P1,es
https://pixvo.tech/es/problemas/dependencia-publicidad-paga/,https://pixvo.tech/,internal,Inicio,P1,es
https://pixvo.tech/es/problemas/dependencia-publicidad-paga/,https://pixvo.tech/es/,internal,España,P1,es
https://pixvo.tech/es/problemas/dependencia-publicidad-paga/,https://pixvo.tech/es/soluciones/seo-para-pymes/,child_to_parent,SEO para PyMEs orientado a captar clientes,P1,es
https://pixvo.tech/es/problemas/dependencia-publicidad-paga/,https://pixvo.tech/es/soluciones/contenido-seo/,problem_to_solution,Servicio de contenido SEO,P2,es
https://pixvo.tech/es/problemas/dependencia-publicidad-paga/,https://pixvo.tech/es/auditoria-crecimiento-digital/,internal,Auditoría de crecimiento digital,P1,es
https://pixvo.tech/es/problemas/dependencia-publicidad-paga/,https://pixvo.tech/es/auditoria-crecimiento-digital/,internal,Evaluar una ruta orgánica sostenible,P1,es
https://pixvo.tech/es/problemas/dependencia-publicidad-paga/,https://pixvo.tech/es/soluciones/automatizacion-de-procesos/,problem_to_solution,Automatización,P1,es
https://pixvo.tech/es/problemas/dependencia-publicidad-paga/,https://pixvo.tech/es/soluciones/seguimiento-de-leads/,problem_to_solution,Seguimiento de leads,P1,es
https://pixvo.tech/es/problemas/dependencia-publicidad-paga/,https://pixvo.tech/es/nosotros/,internal,Nosotros,P3,es
https://pixvo.tech/es/problemas/dependencia-publicidad-paga/,https://pixvo.tech/es/contacto/,internal,Contacto,P3,es
https://pixvo.tech/es/problemas/dependencia-publicidad-paga/,https://pixvo.tech/mx/,internal,México,P1,es
https://pixvo.tech/es/problemas/dependencia-publicidad-paga/,https://pixvo.tech/ar/,internal,Argentina,P1,es
https://pixvo.tech/es/problemas/medir-resultados-marketing/,https://pixvo.tech/es/sistema-crecimiento-digital/,internal,Sistema de crecimiento,P1,es
https://pixvo.tech/es/problemas/medir-resultados-marketing/,https://pixvo.tech/es/soluciones/seo-para-pymes/,problem_to_solution,SEO para PyMEs,P1,es
https://pixvo.tech/es/problemas/medir-resultados-marketing/,https://pixvo.tech/es/auditoria-crecimiento-digital/,internal,Auditoría,P1,es
https://pixvo.tech/es/problemas/medir-resultados-marketing/,https://pixvo.tech/es/planes/,conversion,Planes,P1,es
https://pixvo.tech/es/problemas/medir-resultados-marketing/,https://pixvo.tech/es/casos-de-exito/,internal,Casos de éxito,P1,es
https://pixvo.tech/es/problemas/medir-resultados-marketing/,https://pixvo.tech/es/recursos/,internal,Recursos,P2,es
https://pixvo.tech/es/problemas/medir-resultados-marketing/,https://pixvo.tech/es/blog/,internal,Blog,P2,es
https://pixvo.tech/es/problemas/medir-resultados-marketing/,https://pixvo.tech/es/solicitar-diagnostico/,conversion,Solicitar diagnóstico,P1,es
https://pixvo.tech/es/problemas/medir-resultados-marketing/,https://pixvo.tech/,internal,Inicio,P1,es
https://pixvo.tech/es/problemas/medir-resultados-marketing/,https://pixvo.tech/es/,internal,España,P1,es
https://pixvo.tech/es/problemas/medir-resultados-marketing/,https://pixvo.tech/es/soluciones/analitica-digital/,child_to_parent,Consultoría de analítica digital,P2,es
https://pixvo.tech/es/problemas/medir-resultados-marketing/,https://pixvo.tech/es/soluciones/seguimiento-de-leads/,problem_to_solution,Automatización del seguimiento de leads,P1,es
https://pixvo.tech/es/problemas/medir-resultados-marketing/,https://pixvo.tech/es/auditoria-crecimiento-digital/,internal,Auditoría de crecimiento digital,P1,es
https://pixvo.tech/es/problemas/medir-resultados-marketing/,https://pixvo.tech/es/auditoria-crecimiento-digital/,internal,Revisar la trazabilidad de tu marketing,P1,es
https://pixvo.tech/es/problemas/medir-resultados-marketing/,https://pixvo.tech/es/soluciones/automatizacion-de-procesos/,problem_to_solution,Automatización,P1,es
https://pixvo.tech/es/problemas/medir-resultados-marketing/,https://pixvo.tech/es/soluciones/seguimiento-de-leads/,problem_to_solution,Seguimiento de leads,P1,es
https://pixvo.tech/es/problemas/medir-resultados-marketing/,https://pixvo.tech/es/nosotros/,internal,Nosotros,P3,es
https://pixvo.tech/es/problemas/medir-resultados-marketing/,https://pixvo.tech/es/contacto/,internal,Contacto,P3,es
https://pixvo.tech/es/problemas/medir-resultados-marketing/,https://pixvo.tech/mx/,internal,México,P1,es
https://pixvo.tech/es/problemas/medir-resultados-marketing/,https://pixvo.tech/ar/,internal,Argentina,P1,es
https://pixvo.tech/es/problemas/conectar-marketing-y-ventas/,https://pixvo.tech/es/sistema-crecimiento-digital/,internal,Sistema de crecimiento,P1,es
https://pixvo.tech/es/problemas/conectar-marketing-y-ventas/,https://pixvo.tech/es/soluciones/seo-para-pymes/,problem_to_solution,SEO para PyMEs,P1,es
https://pixvo.tech/es/problemas/conectar-marketing-y-ventas/,https://pixvo.tech/es/auditoria-crecimiento-digital/,internal,Auditoría,P1,es
https://pixvo.tech/es/problemas/conectar-marketing-y-ventas/,https://pixvo.tech/es/planes/,conversion,Planes,P1,es
https://pixvo.tech/es/problemas/conectar-marketing-y-ventas/,https://pixvo.tech/es/casos-de-exito/,internal,Casos de éxito,P1,es
https://pixvo.tech/es/problemas/conectar-marketing-y-ventas/,https://pixvo.tech/es/recursos/,internal,Recursos,P2,es
https://pixvo.tech/es/problemas/conectar-marketing-y-ventas/,https://pixvo.tech/es/blog/,internal,Blog,P2,es
https://pixvo.tech/es/problemas/conectar-marketing-y-ventas/,https://pixvo.tech/es/solicitar-diagnostico/,conversion,Solicitar diagnóstico,P1,es
https://pixvo.tech/es/problemas/conectar-marketing-y-ventas/,https://pixvo.tech/,internal,Inicio,P1,es
https://pixvo.tech/es/problemas/conectar-marketing-y-ventas/,https://pixvo.tech/es/,internal,España,P1,es
https://pixvo.tech/es/problemas/conectar-marketing-y-ventas/,https://pixvo.tech/es/soluciones/seguimiento-de-leads/,child_to_parent,Automatización del seguimiento de leads,P1,es
https://pixvo.tech/es/problemas/conectar-marketing-y-ventas/,https://pixvo.tech/es/soluciones/automatizacion-de-marketing/,problem_to_solution,Automatización de marketing,P2,es
https://pixvo.tech/es/problemas/conectar-marketing-y-ventas/,https://pixvo.tech/es/auditoria-crecimiento-digital/,internal,Auditoría de crecimiento digital,P1,es
https://pixvo.tech/es/problemas/conectar-marketing-y-ventas/,https://pixvo.tech/es/solicitar-diagnostico/,conversion,Diagnosticar la entrega entre marketing y ventas,P1,es
https://pixvo.tech/es/problemas/conectar-marketing-y-ventas/,https://pixvo.tech/es/soluciones/automatizacion-de-procesos/,problem_to_solution,Automatización,P1,es
https://pixvo.tech/es/problemas/conectar-marketing-y-ventas/,https://pixvo.tech/es/soluciones/seguimiento-de-leads/,child_to_parent,Seguimiento de leads,P1,es
https://pixvo.tech/es/problemas/conectar-marketing-y-ventas/,https://pixvo.tech/es/nosotros/,internal,Nosotros,P3,es
https://pixvo.tech/es/problemas/conectar-marketing-y-ventas/,https://pixvo.tech/es/contacto/,internal,Contacto,P3,es
https://pixvo.tech/es/problemas/conectar-marketing-y-ventas/,https://pixvo.tech/mx/,internal,México,P1,es
https://pixvo.tech/es/problemas/conectar-marketing-y-ventas/,https://pixvo.tech/ar/,internal,Argentina,P1,es
https://pixvo.tech/es/problemas/wordpress-lento/,https://pixvo.tech/es/sistema-crecimiento-digital/,internal,Sistema de crecimiento,P1,es
https://pixvo.tech/es/problemas/wordpress-lento/,https://pixvo.tech/es/soluciones/seo-para-pymes/,problem_to_solution,SEO para PyMEs,P1,es
https://pixvo.tech/es/problemas/wordpress-lento/,https://pixvo.tech/es/auditoria-crecimiento-digital/,internal,Auditoría,P1,es
https://pixvo.tech/es/problemas/wordpress-lento/,https://pixvo.tech/es/planes/,conversion,Planes,P1,es
https://pixvo.tech/es/problemas/wordpress-lento/,https://pixvo.tech/es/casos-de-exito/,internal,Casos de éxito,P1,es
https://pixvo.tech/es/problemas/wordpress-lento/,https://pixvo.tech/es/recursos/,internal,Recursos,P2,es
https://pixvo.tech/es/problemas/wordpress-lento/,https://pixvo.tech/es/blog/,internal,Blog,P2,es
https://pixvo.tech/es/problemas/wordpress-lento/,https://pixvo.tech/es/solicitar-diagnostico/,conversion,Solicitar diagnóstico,P1,es
https://pixvo.tech/es/problemas/wordpress-lento/,https://pixvo.tech/,internal,Inicio,P1,es
https://pixvo.tech/es/problemas/wordpress-lento/,https://pixvo.tech/es/,internal,España,P1,es
https://pixvo.tech/es/problemas/wordpress-lento/,https://pixvo.tech/es/soluciones/optimizacion-wordpress/,child_to_parent,Optimización WordPress para empresas,P2,es
https://pixvo.tech/es/problemas/wordpress-lento/,https://pixvo.tech/es/soluciones/seo-wordpress/,problem_to_solution,SEO para WordPress,P2,es
https://pixvo.tech/es/problemas/wordpress-lento/,https://pixvo.tech/es/auditoria-crecimiento-digital/,internal,Auditoría de crecimiento digital,P1,es
https://pixvo.tech/es/problemas/wordpress-lento/,https://pixvo.tech/es/auditoria-crecimiento-digital/,internal,Auditar rendimiento y estabilidad de WordPress,P1,es
https://pixvo.tech/es/problemas/wordpress-lento/,https://pixvo.tech/es/soluciones/automatizacion-de-procesos/,problem_to_solution,Automatización,P1,es
https://pixvo.tech/es/problemas/wordpress-lento/,https://pixvo.tech/es/soluciones/seguimiento-de-leads/,problem_to_solution,Seguimiento de leads,P1,es
https://pixvo.tech/es/problemas/wordpress-lento/,https://pixvo.tech/es/nosotros/,internal,Nosotros,P3,es
https://pixvo.tech/es/problemas/wordpress-lento/,https://pixvo.tech/es/contacto/,internal,Contacto,P3,es
https://pixvo.tech/es/problemas/wordpress-lento/,https://pixvo.tech/mx/,internal,México,P1,es
https://pixvo.tech/es/problemas/wordpress-lento/,https://pixvo.tech/ar/,internal,Argentina,P1,es
https://pixvo.tech/es/problemas/contenido-no-genera-clientes/,https://pixvo.tech/es/sistema-crecimiento-digital/,internal,Sistema de crecimiento,P1,es
https://pixvo.tech/es/problemas/contenido-no-genera-clientes/,https://pixvo.tech/es/soluciones/seo-para-pymes/,problem_to_solution,SEO para PyMEs,P1,es
https://pixvo.tech/es/problemas/contenido-no-genera-clientes/,https://pixvo.tech/es/auditoria-crecimiento-digital/,internal,Auditoría,P1,es
https://pixvo.tech/es/problemas/contenido-no-genera-clientes/,https://pixvo.tech/es/planes/,conversion,Planes,P1,es
https://pixvo.tech/es/problemas/contenido-no-genera-clientes/,https://pixvo.tech/es/casos-de-exito/,internal,Casos de éxito,P1,es
https://pixvo.tech/es/problemas/contenido-no-genera-clientes/,https://pixvo.tech/es/recursos/,internal,Recursos,P2,es
https://pixvo.tech/es/problemas/contenido-no-genera-clientes/,https://pixvo.tech/es/blog/,internal,Blog,P2,es
https://pixvo.tech/es/problemas/contenido-no-genera-clientes/,https://pixvo.tech/es/solicitar-diagnostico/,conversion,Solicitar diagnóstico,P1,es
https://pixvo.tech/es/problemas/contenido-no-genera-clientes/,https://pixvo.tech/,internal,Inicio,P1,es
https://pixvo.tech/es/problemas/contenido-no-genera-clientes/,https://pixvo.tech/es/,internal,España,P1,es
https://pixvo.tech/es/problemas/contenido-no-genera-clientes/,https://pixvo.tech/es/soluciones/contenido-seo/,child_to_parent,Servicio de contenido SEO,P2,es
https://pixvo.tech/es/problemas/contenido-no-genera-clientes/,https://pixvo.tech/es/soluciones/seo-para-pymes/,problem_to_solution,SEO para PyMEs orientado a captar clientes,P1,es
https://pixvo.tech/es/problemas/contenido-no-genera-clientes/,https://pixvo.tech/es/auditoria-crecimiento-digital/,internal,Auditoría de crecimiento digital,P1,es
https://pixvo.tech/es/problemas/contenido-no-genera-clientes/,https://pixvo.tech/es/solicitar-diagnostico/,conversion,"Auditar intención, enlaces y conversión del contenido",P1,es
https://pixvo.tech/es/problemas/contenido-no-genera-clientes/,https://pixvo.tech/es/soluciones/automatizacion-de-procesos/,problem_to_solution,Automatización,P1,es
https://pixvo.tech/es/problemas/contenido-no-genera-clientes/,https://pixvo.tech/es/soluciones/seguimiento-de-leads/,problem_to_solution,Seguimiento de leads,P1,es
https://pixvo.tech/es/problemas/contenido-no-genera-clientes/,https://pixvo.tech/es/nosotros/,internal,Nosotros,P3,es
https://pixvo.tech/es/problemas/contenido-no-genera-clientes/,https://pixvo.tech/es/contacto/,internal,Contacto,P3,es
https://pixvo.tech/es/problemas/contenido-no-genera-clientes/,https://pixvo.tech/mx/,internal,México,P1,es
https://pixvo.tech/es/problemas/contenido-no-genera-clientes/,https://pixvo.tech/ar/,internal,Argentina,P1,es
https://pixvo.tech/es/casos-de-exito/,https://pixvo.tech/es/sistema-crecimiento-digital/,child_to_parent,Sistema de crecimiento,P1,es
https://pixvo.tech/es/casos-de-exito/,https://pixvo.tech/es/soluciones/seo-para-pymes/,internal,SEO para PyMEs,P1,es
https://pixvo.tech/es/casos-de-exito/,https://pixvo.tech/es/auditoria-crecimiento-digital/,internal,Auditoría,P1,es
https://pixvo.tech/es/casos-de-exito/,https://pixvo.tech/es/planes/,conversion,Planes,P1,es
https://pixvo.tech/es/casos-de-exito/,https://pixvo.tech/es/casos-de-exito/,internal,Casos de éxito,P1,es
https://pixvo.tech/es/casos-de-exito/,https://pixvo.tech/es/recursos/,internal,Recursos,P2,es
https://pixvo.tech/es/casos-de-exito/,https://pixvo.tech/es/blog/,internal,Blog,P2,es
https://pixvo.tech/es/casos-de-exito/,https://pixvo.tech/es/solicitar-diagnostico/,conversion,Solicitar diagnóstico,P1,es
https://pixvo.tech/es/casos-de-exito/,https://pixvo.tech/,internal,Inicio,P1,es
https://pixvo.tech/es/casos-de-exito/,https://pixvo.tech/es/,internal,España,P1,es
https://pixvo.tech/es/casos-de-exito/,https://pixvo.tech/es/casos-de-exito/microcuotas/,parent_to_child,Microcuotas,P1,es
https://pixvo.tech/es/casos-de-exito/,https://pixvo.tech/es/casos-de-exito/hospital-metropolitano/,parent_to_child,Hospital Metropolitano,P2,es
https://pixvo.tech/es/casos-de-exito/,https://pixvo.tech/es/casos-de-exito/sanidad-web/,parent_to_child,Sanidad Web,P2,es
https://pixvo.tech/es/casos-de-exito/,https://pixvo.tech/es/casos-de-exito/paola-informa/,parent_to_child,Paola Informa,P2,es
https://pixvo.tech/es/casos-de-exito/,https://pixvo.tech/es/casos-de-exito/arpitools/,parent_to_child,Arpitools,P2,es
https://pixvo.tech/es/casos-de-exito/,https://pixvo.tech/es/auditoria-crecimiento-digital/,internal,Auditar un cuello de botella,P1,es
https://pixvo.tech/es/casos-de-exito/,https://pixvo.tech/es/solicitar-diagnostico/,conversion,Compartir el contexto de tu empresa,P1,es
https://pixvo.tech/es/casos-de-exito/,https://pixvo.tech/es/soluciones/automatizacion-de-procesos/,internal,Automatización,P1,es
https://pixvo.tech/es/casos-de-exito/,https://pixvo.tech/es/soluciones/seguimiento-de-leads/,internal,Seguimiento de leads,P1,es
https://pixvo.tech/es/casos-de-exito/,https://pixvo.tech/es/nosotros/,internal,Nosotros,P3,es
https://pixvo.tech/es/casos-de-exito/,https://pixvo.tech/es/contacto/,internal,Contacto,P3,es
https://pixvo.tech/es/casos-de-exito/,https://pixvo.tech/mx/,internal,México,P1,es
https://pixvo.tech/es/casos-de-exito/,https://pixvo.tech/ar/,internal,Argentina,P1,es
https://pixvo.tech/es/casos-de-exito/microcuotas/,https://pixvo.tech/es/sistema-crecimiento-digital/,internal,Sistema de crecimiento,P1,es
https://pixvo.tech/es/casos-de-exito/microcuotas/,https://pixvo.tech/es/soluciones/seo-para-pymes/,case_to_solution,SEO para PyMEs,P1,es
https://pixvo.tech/es/casos-de-exito/microcuotas/,https://pixvo.tech/es/auditoria-crecimiento-digital/,internal,Auditoría,P1,es
https://pixvo.tech/es/casos-de-exito/microcuotas/,https://pixvo.tech/es/planes/,conversion,Planes,P1,es
https://pixvo.tech/es/casos-de-exito/microcuotas/,https://pixvo.tech/es/casos-de-exito/,child_to_parent,Casos de éxito,P1,es
https://pixvo.tech/es/casos-de-exito/microcuotas/,https://pixvo.tech/es/recursos/,internal,Recursos,P2,es
https://pixvo.tech/es/casos-de-exito/microcuotas/,https://pixvo.tech/es/blog/,internal,Blog,P2,es
https://pixvo.tech/es/casos-de-exito/microcuotas/,https://pixvo.tech/es/solicitar-diagnostico/,conversion,Solicitar diagnóstico,P1,es
https://pixvo.tech/es/casos-de-exito/microcuotas/,https://pixvo.tech/,internal,Inicio,P1,es
https://pixvo.tech/es/casos-de-exito/microcuotas/,https://pixvo.tech/es/,internal,España,P1,es
https://pixvo.tech/es/casos-de-exito/microcuotas/,https://pixvo.tech/es/soluciones/automatizacion-de-procesos/,case_to_solution,reducir tareas manuales en la precalificación,P1,es
https://pixvo.tech/es/casos-de-exito/microcuotas/,https://pixvo.tech/es/soluciones/seguimiento-de-leads/,case_to_solution,automatizar el seguimiento de leads filtrados,P1,es
https://pixvo.tech/es/casos-de-exito/microcuotas/,https://pixvo.tech/es/soluciones/analitica-digital/,case_to_solution,"medir captación, clasificación y aprobaciones por etapa",P2,es
https://pixvo.tech/es/casos-de-exito/microcuotas/,https://pixvo.tech/es/auditoria-crecimiento-digital/,internal,auditar el proceso de captación e integración,P1,es
https://pixvo.tech/es/casos-de-exito/microcuotas/,https://pixvo.tech/es/casos-de-exito/sanidad-web/,internal,Sanidad Web,P2,es
https://pixvo.tech/es/casos-de-exito/microcuotas/,https://pixvo.tech/es/casos-de-exito/paola-informa/,internal,Paola Informa,P2,es
https://pixvo.tech/es/casos-de-exito/microcuotas/,https://pixvo.tech/es/solicitar-diagnostico/,conversion,Analicemos qué parte de este proceso puedes automatizar,P1,es
https://pixvo.tech/es/casos-de-exito/microcuotas/,https://pixvo.tech/es/soluciones/automatizacion-de-procesos/,case_to_solution,Automatización,P1,es
https://pixvo.tech/es/casos-de-exito/microcuotas/,https://pixvo.tech/es/soluciones/seguimiento-de-leads/,case_to_solution,Seguimiento de leads,P1,es
https://pixvo.tech/es/casos-de-exito/microcuotas/,https://pixvo.tech/es/nosotros/,internal,Nosotros,P3,es
https://pixvo.tech/es/casos-de-exito/microcuotas/,https://pixvo.tech/es/contacto/,internal,Contacto,P3,es
https://pixvo.tech/es/casos-de-exito/microcuotas/,https://pixvo.tech/mx/,internal,México,P1,es
https://pixvo.tech/es/casos-de-exito/microcuotas/,https://pixvo.tech/ar/,internal,Argentina,P1,es
https://pixvo.tech/es/casos-de-exito/hospital-metropolitano/,https://pixvo.tech/es/sistema-crecimiento-digital/,internal,Sistema de crecimiento,P1,es
https://pixvo.tech/es/casos-de-exito/hospital-metropolitano/,https://pixvo.tech/es/soluciones/seo-para-pymes/,case_to_solution,SEO para PyMEs,P1,es
https://pixvo.tech/es/casos-de-exito/hospital-metropolitano/,https://pixvo.tech/es/auditoria-crecimiento-digital/,internal,Auditoría,P1,es
https://pixvo.tech/es/casos-de-exito/hospital-metropolitano/,https://pixvo.tech/es/planes/,conversion,Planes,P1,es
https://pixvo.tech/es/casos-de-exito/hospital-metropolitano/,https://pixvo.tech/es/casos-de-exito/,child_to_parent,Casos de éxito,P1,es
https://pixvo.tech/es/casos-de-exito/hospital-metropolitano/,https://pixvo.tech/es/recursos/,internal,Recursos,P2,es
https://pixvo.tech/es/casos-de-exito/hospital-metropolitano/,https://pixvo.tech/es/blog/,internal,Blog,P2,es
https://pixvo.tech/es/casos-de-exito/hospital-metropolitano/,https://pixvo.tech/es/solicitar-diagnostico/,conversion,Solicitar diagnóstico,P1,es
https://pixvo.tech/es/casos-de-exito/hospital-metropolitano/,https://pixvo.tech/,internal,Inicio,P1,es
https://pixvo.tech/es/casos-de-exito/hospital-metropolitano/,https://pixvo.tech/es/,internal,España,P1,es
https://pixvo.tech/es/casos-de-exito/hospital-metropolitano/,https://pixvo.tech/es/soluciones/automatizacion-de-procesos/,case_to_solution,centralizar procesos operativos repetitivos,P1,es
https://pixvo.tech/es/casos-de-exito/hospital-metropolitano/,https://pixvo.tech/es/soluciones/analitica-digital/,case_to_solution,definir una capa de datos compartida y trazable,P2,es
https://pixvo.tech/es/casos-de-exito/hospital-metropolitano/,https://pixvo.tech/es/casos-de-exito/paola-informa/,internal,Paola Informa,P2,es
https://pixvo.tech/es/casos-de-exito/hospital-metropolitano/,https://pixvo.tech/es/casos-de-exito/arpitools/,internal,Arpitools,P2,es
https://pixvo.tech/es/casos-de-exito/hospital-metropolitano/,https://pixvo.tech/es/solicitar-diagnostico/,conversion,Analicemos qué parte de este proceso puedes automatizar,P1,es
https://pixvo.tech/es/casos-de-exito/hospital-metropolitano/,https://pixvo.tech/es/soluciones/automatizacion-de-procesos/,case_to_solution,Automatización,P1,es
https://pixvo.tech/es/casos-de-exito/hospital-metropolitano/,https://pixvo.tech/es/soluciones/seguimiento-de-leads/,case_to_solution,Seguimiento de leads,P1,es
https://pixvo.tech/es/casos-de-exito/hospital-metropolitano/,https://pixvo.tech/es/nosotros/,internal,Nosotros,P3,es
https://pixvo.tech/es/casos-de-exito/hospital-metropolitano/,https://pixvo.tech/es/contacto/,internal,Contacto,P3,es
https://pixvo.tech/es/casos-de-exito/hospital-metropolitano/,https://pixvo.tech/mx/,internal,México,P1,es
https://pixvo.tech/es/casos-de-exito/hospital-metropolitano/,https://pixvo.tech/ar/,internal,Argentina,P1,es
https://pixvo.tech/es/casos-de-exito/sanidad-web/,https://pixvo.tech/es/sistema-crecimiento-digital/,internal,Sistema de crecimiento,P1,es
https://pixvo.tech/es/casos-de-exito/sanidad-web/,https://pixvo.tech/es/soluciones/seo-para-pymes/,case_to_solution,SEO para PyMEs,P1,es
https://pixvo.tech/es/casos-de-exito/sanidad-web/,https://pixvo.tech/es/auditoria-crecimiento-digital/,internal,Auditoría,P1,es
https://pixvo.tech/es/casos-de-exito/sanidad-web/,https://pixvo.tech/es/planes/,conversion,Planes,P1,es
https://pixvo.tech/es/casos-de-exito/sanidad-web/,https://pixvo.tech/es/casos-de-exito/,child_to_parent,Casos de éxito,P1,es
https://pixvo.tech/es/casos-de-exito/sanidad-web/,https://pixvo.tech/es/recursos/,internal,Recursos,P2,es
https://pixvo.tech/es/casos-de-exito/sanidad-web/,https://pixvo.tech/es/blog/,internal,Blog,P2,es
https://pixvo.tech/es/casos-de-exito/sanidad-web/,https://pixvo.tech/es/solicitar-diagnostico/,conversion,Solicitar diagnóstico,P1,es
https://pixvo.tech/es/casos-de-exito/sanidad-web/,https://pixvo.tech/,internal,Inicio,P1,es
https://pixvo.tech/es/casos-de-exito/sanidad-web/,https://pixvo.tech/es/,internal,España,P1,es
https://pixvo.tech/es/casos-de-exito/sanidad-web/,https://pixvo.tech/es/soluciones/seo-wordpress/,case_to_solution,trabajar el SEO técnico de WordPress,P2,es
https://pixvo.tech/es/casos-de-exito/sanidad-web/,https://pixvo.tech/es/soluciones/optimizacion-wordpress/,case_to_solution,mejorar rendimiento y estabilidad en WordPress,P2,es
https://pixvo.tech/es/casos-de-exito/sanidad-web/,https://pixvo.tech/es/soluciones/contenido-seo/,case_to_solution,organizar contenido territorial con intención y arquitectura,P2,es
https://pixvo.tech/es/casos-de-exito/sanidad-web/,https://pixvo.tech/es/casos-de-exito/microcuotas/,internal,Microcuotas,P1,es
https://pixvo.tech/es/casos-de-exito/sanidad-web/,https://pixvo.tech/es/casos-de-exito/paola-informa/,internal,Paola Informa,P2,es
https://pixvo.tech/es/casos-de-exito/sanidad-web/,https://pixvo.tech/es/solicitar-diagnostico/,conversion,Analicemos qué parte de este proceso puedes automatizar,P1,es
https://pixvo.tech/es/casos-de-exito/sanidad-web/,https://pixvo.tech/es/soluciones/automatizacion-de-procesos/,case_to_solution,Automatización,P1,es
https://pixvo.tech/es/casos-de-exito/sanidad-web/,https://pixvo.tech/es/soluciones/seguimiento-de-leads/,case_to_solution,Seguimiento de leads,P1,es
https://pixvo.tech/es/casos-de-exito/sanidad-web/,https://pixvo.tech/es/nosotros/,internal,Nosotros,P3,es
https://pixvo.tech/es/casos-de-exito/sanidad-web/,https://pixvo.tech/es/contacto/,internal,Contacto,P3,es
https://pixvo.tech/es/casos-de-exito/sanidad-web/,https://pixvo.tech/mx/,internal,México,P1,es
https://pixvo.tech/es/casos-de-exito/sanidad-web/,https://pixvo.tech/ar/,internal,Argentina,P1,es
https://pixvo.tech/es/casos-de-exito/paola-informa/,https://pixvo.tech/es/sistema-crecimiento-digital/,internal,Sistema de crecimiento,P1,es
https://pixvo.tech/es/casos-de-exito/paola-informa/,https://pixvo.tech/es/soluciones/seo-para-pymes/,case_to_solution,SEO para PyMEs,P1,es
https://pixvo.tech/es/casos-de-exito/paola-informa/,https://pixvo.tech/es/auditoria-crecimiento-digital/,internal,Auditoría,P1,es
https://pixvo.tech/es/casos-de-exito/paola-informa/,https://pixvo.tech/es/planes/,conversion,Planes,P1,es
https://pixvo.tech/es/casos-de-exito/paola-informa/,https://pixvo.tech/es/casos-de-exito/,child_to_parent,Casos de éxito,P1,es
https://pixvo.tech/es/casos-de-exito/paola-informa/,https://pixvo.tech/es/recursos/,internal,Recursos,P2,es
https://pixvo.tech/es/casos-de-exito/paola-informa/,https://pixvo.tech/es/blog/,internal,Blog,P2,es
https://pixvo.tech/es/casos-de-exito/paola-informa/,https://pixvo.tech/es/solicitar-diagnostico/,conversion,Solicitar diagnóstico,P1,es
https://pixvo.tech/es/casos-de-exito/paola-informa/,https://pixvo.tech/,internal,Inicio,P1,es
https://pixvo.tech/es/casos-de-exito/paola-informa/,https://pixvo.tech/es/,internal,España,P1,es
https://pixvo.tech/es/casos-de-exito/paola-informa/,https://pixvo.tech/es/soluciones/automatizacion-de-procesos/,case_to_solution,centralizar flujos de información y notificaciones,P1,es
https://pixvo.tech/es/casos-de-exito/paola-informa/,https://pixvo.tech/es/soluciones/analitica-digital/,case_to_solution,"medir contenidos, preferencias y uso sin inventar resultados",P2,es
https://pixvo.tech/es/casos-de-exito/paola-informa/,https://pixvo.tech/es/casos-de-exito/sanidad-web/,internal,Sanidad Web,P2,es
https://pixvo.tech/es/casos-de-exito/paola-informa/,https://pixvo.tech/es/casos-de-exito/arpitools/,internal,Arpitools,P2,es
https://pixvo.tech/es/casos-de-exito/paola-informa/,https://pixvo.tech/es/solicitar-diagnostico/,conversion,Analicemos qué parte de este proceso puedes automatizar,P1,es
https://pixvo.tech/es/casos-de-exito/paola-informa/,https://pixvo.tech/es/soluciones/automatizacion-de-procesos/,case_to_solution,Automatización,P1,es
https://pixvo.tech/es/casos-de-exito/paola-informa/,https://pixvo.tech/es/soluciones/seguimiento-de-leads/,case_to_solution,Seguimiento de leads,P1,es
https://pixvo.tech/es/casos-de-exito/paola-informa/,https://pixvo.tech/es/nosotros/,internal,Nosotros,P3,es
https://pixvo.tech/es/casos-de-exito/paola-informa/,https://pixvo.tech/es/contacto/,internal,Contacto,P3,es
https://pixvo.tech/es/casos-de-exito/paola-informa/,https://pixvo.tech/mx/,internal,México,P1,es
https://pixvo.tech/es/casos-de-exito/paola-informa/,https://pixvo.tech/ar/,internal,Argentina,P1,es
https://pixvo.tech/es/casos-de-exito/arpitools/,https://pixvo.tech/es/sistema-crecimiento-digital/,internal,Sistema de crecimiento,P1,es
https://pixvo.tech/es/casos-de-exito/arpitools/,https://pixvo.tech/es/soluciones/seo-para-pymes/,case_to_solution,SEO para PyMEs,P1,es
https://pixvo.tech/es/casos-de-exito/arpitools/,https://pixvo.tech/es/auditoria-crecimiento-digital/,internal,Auditoría,P1,es
https://pixvo.tech/es/casos-de-exito/arpitools/,https://pixvo.tech/es/planes/,conversion,Planes,P1,es
https://pixvo.tech/es/casos-de-exito/arpitools/,https://pixvo.tech/es/casos-de-exito/,child_to_parent,Casos de éxito,P1,es
https://pixvo.tech/es/casos-de-exito/arpitools/,https://pixvo.tech/es/recursos/,internal,Recursos,P2,es
https://pixvo.tech/es/casos-de-exito/arpitools/,https://pixvo.tech/es/blog/,internal,Blog,P2,es
https://pixvo.tech/es/casos-de-exito/arpitools/,https://pixvo.tech/es/solicitar-diagnostico/,conversion,Solicitar diagnóstico,P1,es
https://pixvo.tech/es/casos-de-exito/arpitools/,https://pixvo.tech/,internal,Inicio,P1,es
https://pixvo.tech/es/casos-de-exito/arpitools/,https://pixvo.tech/es/,internal,España,P1,es
https://pixvo.tech/es/casos-de-exito/arpitools/,https://pixvo.tech/es/soluciones/automatizacion-de-procesos/,case_to_solution,conectar la operación mobile con procesos web,P1,es
https://pixvo.tech/es/casos-de-exito/arpitools/,https://pixvo.tech/es/soluciones/analitica-digital/,case_to_solution,estructurar reporting operativo sobre datos verificables,P2,es
https://pixvo.tech/es/casos-de-exito/arpitools/,https://pixvo.tech/es/casos-de-exito/hospital-metropolitano/,internal,Hospital Metropolitano,P2,es
https://pixvo.tech/es/casos-de-exito/arpitools/,https://pixvo.tech/es/casos-de-exito/paola-informa/,internal,Paola Informa,P2,es
https://pixvo.tech/es/casos-de-exito/arpitools/,https://pixvo.tech/es/solicitar-diagnostico/,conversion,Analicemos qué parte de este proceso puedes automatizar,P1,es
https://pixvo.tech/es/casos-de-exito/arpitools/,https://pixvo.tech/es/soluciones/automatizacion-de-procesos/,case_to_solution,Automatización,P1,es
https://pixvo.tech/es/casos-de-exito/arpitools/,https://pixvo.tech/es/soluciones/seguimiento-de-leads/,case_to_solution,Seguimiento de leads,P1,es
https://pixvo.tech/es/casos-de-exito/arpitools/,https://pixvo.tech/es/nosotros/,internal,Nosotros,P3,es
https://pixvo.tech/es/casos-de-exito/arpitools/,https://pixvo.tech/es/contacto/,internal,Contacto,P3,es
https://pixvo.tech/es/casos-de-exito/arpitools/,https://pixvo.tech/mx/,internal,México,P1,es
https://pixvo.tech/es/casos-de-exito/arpitools/,https://pixvo.tech/ar/,internal,Argentina,P1,es
https://pixvo.tech/es/recursos/,https://pixvo.tech/es/sistema-crecimiento-digital/,child_to_parent,Sistema de crecimiento,P1,es
https://pixvo.tech/es/recursos/,https://pixvo.tech/es/soluciones/seo-para-pymes/,internal,SEO para PyMEs,P1,es
https://pixvo.tech/es/recursos/,https://pixvo.tech/es/auditoria-crecimiento-digital/,internal,Auditoría,P1,es
https://pixvo.tech/es/recursos/,https://pixvo.tech/es/planes/,conversion,Planes,P1,es
https://pixvo.tech/es/recursos/,https://pixvo.tech/es/casos-de-exito/,internal,Casos de éxito,P1,es
https://pixvo.tech/es/recursos/,https://pixvo.tech/es/recursos/,internal,Recursos,P2,es
https://pixvo.tech/es/recursos/,https://pixvo.tech/es/blog/,internal,Blog,P2,es
https://pixvo.tech/es/recursos/,https://pixvo.tech/es/solicitar-diagnostico/,conversion,Solicitar diagnóstico,P1,es
https://pixvo.tech/es/recursos/,https://pixvo.tech/,internal,Inicio,P1,es
https://pixvo.tech/es/recursos/,https://pixvo.tech/es/,internal,España,P1,es
https://pixvo.tech/es/recursos/,https://pixvo.tech/es/recursos/seo-vs-google-ads/,parent_to_child,SEO vs Google Ads,P2,es
https://pixvo.tech/es/recursos/,https://pixvo.tech/es/recursos/agencia-seo-vs-consultor-seo/,parent_to_child,Agencia SEO vs consultor SEO,P2,es
https://pixvo.tech/es/recursos/,https://pixvo.tech/es/recursos/seo-mensual-vs-auditoria/,parent_to_child,SEO mensual vs auditoría SEO,P2,es
https://pixvo.tech/es/recursos/,https://pixvo.tech/es/recursos/n8n-vs-zapier/,parent_to_child,n8n vs Zapier,P2,es
https://pixvo.tech/es/recursos/,https://pixvo.tech/es/recursos/crm-vs-automatizacion-de-leads/,parent_to_child,CRM vs automatización de leads,P2,es
https://pixvo.tech/es/recursos/,https://pixvo.tech/es/recursos/rediseno-web-vs-optimizacion-cro/,parent_to_child,Rediseño web vs optimización CRO,P2,es
https://pixvo.tech/es/recursos/,https://pixvo.tech/es/recursos/seo-vs-sistema-de-crecimiento/,parent_to_child,SEO vs sistema de crecimiento digital,P2,es
https://pixvo.tech/es/recursos/,https://pixvo.tech/es/auditoria-crecimiento-digital/,internal,Solicitar una auditoría,P1,es
https://pixvo.tech/es/recursos/,https://pixvo.tech/es/planes/,conversion,Comparar planes,P1,es
https://pixvo.tech/es/recursos/,https://pixvo.tech/es/soluciones/automatizacion-de-procesos/,internal,Automatización,P1,es
https://pixvo.tech/es/recursos/,https://pixvo.tech/es/soluciones/seguimiento-de-leads/,internal,Seguimiento de leads,P1,es
https://pixvo.tech/es/recursos/,https://pixvo.tech/es/nosotros/,internal,Nosotros,P3,es
https://pixvo.tech/es/recursos/,https://pixvo.tech/es/contacto/,internal,Contacto,P3,es
https://pixvo.tech/es/recursos/,https://pixvo.tech/mx/,internal,México,P1,es
https://pixvo.tech/es/recursos/,https://pixvo.tech/ar/,internal,Argentina,P1,es
https://pixvo.tech/es/recursos/seo-vs-google-ads/,https://pixvo.tech/es/sistema-crecimiento-digital/,editorial_to_money,Sistema de crecimiento,P1,es
https://pixvo.tech/es/recursos/seo-vs-google-ads/,https://pixvo.tech/es/soluciones/seo-para-pymes/,editorial_to_money,SEO para PyMEs,P1,es
https://pixvo.tech/es/recursos/seo-vs-google-ads/,https://pixvo.tech/es/auditoria-crecimiento-digital/,editorial_to_money,Auditoría,P1,es
https://pixvo.tech/es/recursos/seo-vs-google-ads/,https://pixvo.tech/es/planes/,conversion,Planes,P1,es
https://pixvo.tech/es/recursos/seo-vs-google-ads/,https://pixvo.tech/es/casos-de-exito/,internal,Casos de éxito,P1,es
https://pixvo.tech/es/recursos/seo-vs-google-ads/,https://pixvo.tech/es/recursos/,child_to_parent,Recursos,P2,es
https://pixvo.tech/es/recursos/seo-vs-google-ads/,https://pixvo.tech/es/blog/,internal,Blog,P2,es
https://pixvo.tech/es/recursos/seo-vs-google-ads/,https://pixvo.tech/es/solicitar-diagnostico/,conversion,Solicitar diagnóstico,P1,es
https://pixvo.tech/es/recursos/seo-vs-google-ads/,https://pixvo.tech/,internal,Inicio,P1,es
https://pixvo.tech/es/recursos/seo-vs-google-ads/,https://pixvo.tech/es/,internal,España,P1,es
https://pixvo.tech/es/recursos/seo-vs-google-ads/,https://pixvo.tech/es/soluciones/seo-para-pymes/,editorial_to_money,SEO para PyMEs orientado a captar clientes,P1,es
https://pixvo.tech/es/recursos/seo-vs-google-ads/,https://pixvo.tech/es/soluciones/analitica-digital/,editorial_to_money,Consultoría de analítica digital,P2,es
https://pixvo.tech/es/recursos/seo-vs-google-ads/,https://pixvo.tech/es/auditoria-crecimiento-digital/,editorial_to_money,Auditoría de crecimiento digital,P1,es
https://pixvo.tech/es/recursos/seo-vs-google-ads/,https://pixvo.tech/es/planes/,conversion,Planes y precios,P1,es
https://pixvo.tech/es/recursos/seo-vs-google-ads/,https://pixvo.tech/es/soluciones/automatizacion-de-procesos/,editorial_to_money,Automatización,P1,es
https://pixvo.tech/es/recursos/seo-vs-google-ads/,https://pixvo.tech/es/soluciones/seguimiento-de-leads/,editorial_to_money,Seguimiento de leads,P1,es
https://pixvo.tech/es/recursos/seo-vs-google-ads/,https://pixvo.tech/es/nosotros/,internal,Nosotros,P3,es
https://pixvo.tech/es/recursos/seo-vs-google-ads/,https://pixvo.tech/es/contacto/,internal,Contacto,P3,es
https://pixvo.tech/es/recursos/seo-vs-google-ads/,https://pixvo.tech/mx/,internal,México,P1,es
https://pixvo.tech/es/recursos/seo-vs-google-ads/,https://pixvo.tech/ar/,internal,Argentina,P1,es
https://pixvo.tech/es/recursos/agencia-seo-vs-consultor-seo/,https://pixvo.tech/es/sistema-crecimiento-digital/,editorial_to_money,Sistema de crecimiento,P1,es
https://pixvo.tech/es/recursos/agencia-seo-vs-consultor-seo/,https://pixvo.tech/es/soluciones/seo-para-pymes/,editorial_to_money,SEO para PyMEs,P1,es
https://pixvo.tech/es/recursos/agencia-seo-vs-consultor-seo/,https://pixvo.tech/es/auditoria-crecimiento-digital/,editorial_to_money,Auditoría,P1,es
https://pixvo.tech/es/recursos/agencia-seo-vs-consultor-seo/,https://pixvo.tech/es/planes/,conversion,Planes,P1,es
https://pixvo.tech/es/recursos/agencia-seo-vs-consultor-seo/,https://pixvo.tech/es/casos-de-exito/,internal,Casos de éxito,P1,es
https://pixvo.tech/es/recursos/agencia-seo-vs-consultor-seo/,https://pixvo.tech/es/recursos/,child_to_parent,Recursos,P2,es
https://pixvo.tech/es/recursos/agencia-seo-vs-consultor-seo/,https://pixvo.tech/es/blog/,internal,Blog,P2,es
https://pixvo.tech/es/recursos/agencia-seo-vs-consultor-seo/,https://pixvo.tech/es/solicitar-diagnostico/,conversion,Solicitar diagnóstico,P1,es
https://pixvo.tech/es/recursos/agencia-seo-vs-consultor-seo/,https://pixvo.tech/,internal,Inicio,P1,es
https://pixvo.tech/es/recursos/agencia-seo-vs-consultor-seo/,https://pixvo.tech/es/,internal,España,P1,es
https://pixvo.tech/es/recursos/agencia-seo-vs-consultor-seo/,https://pixvo.tech/es/soluciones/seo-para-pymes/,editorial_to_money,SEO para PyMEs orientado a captar clientes,P1,es
https://pixvo.tech/es/recursos/agencia-seo-vs-consultor-seo/,https://pixvo.tech/es/sistema-crecimiento-digital/,editorial_to_money,Pixvo Growth System,P1,es
https://pixvo.tech/es/recursos/agencia-seo-vs-consultor-seo/,https://pixvo.tech/es/auditoria-crecimiento-digital/,editorial_to_money,Auditoría de crecimiento digital,P1,es
https://pixvo.tech/es/recursos/agencia-seo-vs-consultor-seo/,https://pixvo.tech/es/planes/,conversion,Planes y precios,P1,es
https://pixvo.tech/es/recursos/agencia-seo-vs-consultor-seo/,https://pixvo.tech/es/soluciones/automatizacion-de-procesos/,editorial_to_money,Automatización,P1,es
https://pixvo.tech/es/recursos/agencia-seo-vs-consultor-seo/,https://pixvo.tech/es/soluciones/seguimiento-de-leads/,editorial_to_money,Seguimiento de leads,P1,es
https://pixvo.tech/es/recursos/agencia-seo-vs-consultor-seo/,https://pixvo.tech/es/nosotros/,internal,Nosotros,P3,es
https://pixvo.tech/es/recursos/agencia-seo-vs-consultor-seo/,https://pixvo.tech/es/contacto/,internal,Contacto,P3,es
https://pixvo.tech/es/recursos/agencia-seo-vs-consultor-seo/,https://pixvo.tech/mx/,internal,México,P1,es
https://pixvo.tech/es/recursos/agencia-seo-vs-consultor-seo/,https://pixvo.tech/ar/,internal,Argentina,P1,es
https://pixvo.tech/es/recursos/seo-mensual-vs-auditoria/,https://pixvo.tech/es/sistema-crecimiento-digital/,editorial_to_money,Sistema de crecimiento,P1,es
https://pixvo.tech/es/recursos/seo-mensual-vs-auditoria/,https://pixvo.tech/es/soluciones/seo-para-pymes/,editorial_to_money,SEO para PyMEs,P1,es
https://pixvo.tech/es/recursos/seo-mensual-vs-auditoria/,https://pixvo.tech/es/auditoria-crecimiento-digital/,editorial_to_money,Auditoría,P1,es
https://pixvo.tech/es/recursos/seo-mensual-vs-auditoria/,https://pixvo.tech/es/planes/,conversion,Planes,P1,es
https://pixvo.tech/es/recursos/seo-mensual-vs-auditoria/,https://pixvo.tech/es/casos-de-exito/,internal,Casos de éxito,P1,es
https://pixvo.tech/es/recursos/seo-mensual-vs-auditoria/,https://pixvo.tech/es/recursos/,child_to_parent,Recursos,P2,es
https://pixvo.tech/es/recursos/seo-mensual-vs-auditoria/,https://pixvo.tech/es/blog/,internal,Blog,P2,es
https://pixvo.tech/es/recursos/seo-mensual-vs-auditoria/,https://pixvo.tech/es/solicitar-diagnostico/,conversion,Solicitar diagnóstico,P1,es
https://pixvo.tech/es/recursos/seo-mensual-vs-auditoria/,https://pixvo.tech/,internal,Inicio,P1,es
https://pixvo.tech/es/recursos/seo-mensual-vs-auditoria/,https://pixvo.tech/es/,internal,España,P1,es
https://pixvo.tech/es/recursos/seo-mensual-vs-auditoria/,https://pixvo.tech/es/soluciones/seo-para-pymes/,editorial_to_money,SEO para PyMEs orientado a captar clientes,P1,es
https://pixvo.tech/es/recursos/seo-mensual-vs-auditoria/,https://pixvo.tech/es/auditoria-crecimiento-digital/,editorial_to_money,Auditoría de crecimiento digital,P1,es
https://pixvo.tech/es/recursos/seo-mensual-vs-auditoria/,https://pixvo.tech/es/planes/,conversion,Planes y precios,P1,es
https://pixvo.tech/es/recursos/seo-mensual-vs-auditoria/,https://pixvo.tech/es/soluciones/automatizacion-de-procesos/,editorial_to_money,Automatización,P1,es
https://pixvo.tech/es/recursos/seo-mensual-vs-auditoria/,https://pixvo.tech/es/soluciones/seguimiento-de-leads/,editorial_to_money,Seguimiento de leads,P1,es
https://pixvo.tech/es/recursos/seo-mensual-vs-auditoria/,https://pixvo.tech/es/nosotros/,internal,Nosotros,P3,es
https://pixvo.tech/es/recursos/seo-mensual-vs-auditoria/,https://pixvo.tech/es/contacto/,internal,Contacto,P3,es
https://pixvo.tech/es/recursos/seo-mensual-vs-auditoria/,https://pixvo.tech/mx/,internal,México,P1,es
https://pixvo.tech/es/recursos/seo-mensual-vs-auditoria/,https://pixvo.tech/ar/,internal,Argentina,P1,es
https://pixvo.tech/es/recursos/n8n-vs-zapier/,https://pixvo.tech/es/sistema-crecimiento-digital/,editorial_to_money,Sistema de crecimiento,P1,es
https://pixvo.tech/es/recursos/n8n-vs-zapier/,https://pixvo.tech/es/soluciones/seo-para-pymes/,editorial_to_money,SEO para PyMEs,P1,es
https://pixvo.tech/es/recursos/n8n-vs-zapier/,https://pixvo.tech/es/auditoria-crecimiento-digital/,editorial_to_money,Auditoría,P1,es
https://pixvo.tech/es/recursos/n8n-vs-zapier/,https://pixvo.tech/es/planes/,conversion,Planes,P1,es
https://pixvo.tech/es/recursos/n8n-vs-zapier/,https://pixvo.tech/es/casos-de-exito/,internal,Casos de éxito,P1,es
https://pixvo.tech/es/recursos/n8n-vs-zapier/,https://pixvo.tech/es/recursos/,child_to_parent,Recursos,P2,es
https://pixvo.tech/es/recursos/n8n-vs-zapier/,https://pixvo.tech/es/blog/,internal,Blog,P2,es
https://pixvo.tech/es/recursos/n8n-vs-zapier/,https://pixvo.tech/es/solicitar-diagnostico/,conversion,Solicitar diagnóstico,P1,es
https://pixvo.tech/es/recursos/n8n-vs-zapier/,https://pixvo.tech/,internal,Inicio,P1,es
https://pixvo.tech/es/recursos/n8n-vs-zapier/,https://pixvo.tech/es/,internal,España,P1,es
https://pixvo.tech/es/recursos/n8n-vs-zapier/,https://pixvo.tech/es/soluciones/automatizacion-de-procesos/,editorial_to_money,Automatización de procesos para PyMEs,P1,es
https://pixvo.tech/es/recursos/n8n-vs-zapier/,https://pixvo.tech/es/soluciones/analitica-digital/,editorial_to_money,Consultoría de analítica digital,P2,es
https://pixvo.tech/es/recursos/n8n-vs-zapier/,https://pixvo.tech/es/auditoria-crecimiento-digital/,editorial_to_money,Auditoría de crecimiento digital,P1,es
https://pixvo.tech/es/recursos/n8n-vs-zapier/,https://pixvo.tech/es/planes/,conversion,Planes y precios,P1,es
https://pixvo.tech/es/recursos/n8n-vs-zapier/,https://pixvo.tech/es/soluciones/automatizacion-de-procesos/,editorial_to_money,Automatización,P1,es
https://pixvo.tech/es/recursos/n8n-vs-zapier/,https://pixvo.tech/es/soluciones/seguimiento-de-leads/,editorial_to_money,Seguimiento de leads,P1,es
https://pixvo.tech/es/recursos/n8n-vs-zapier/,https://pixvo.tech/es/nosotros/,internal,Nosotros,P3,es
https://pixvo.tech/es/recursos/n8n-vs-zapier/,https://pixvo.tech/es/contacto/,internal,Contacto,P3,es
https://pixvo.tech/es/recursos/n8n-vs-zapier/,https://pixvo.tech/mx/,internal,México,P1,es
https://pixvo.tech/es/recursos/n8n-vs-zapier/,https://pixvo.tech/ar/,internal,Argentina,P1,es
https://pixvo.tech/es/recursos/crm-vs-automatizacion-de-leads/,https://pixvo.tech/es/sistema-crecimiento-digital/,editorial_to_money,Sistema de crecimiento,P1,es
https://pixvo.tech/es/recursos/crm-vs-automatizacion-de-leads/,https://pixvo.tech/es/soluciones/seo-para-pymes/,editorial_to_money,SEO para PyMEs,P1,es
https://pixvo.tech/es/recursos/crm-vs-automatizacion-de-leads/,https://pixvo.tech/es/auditoria-crecimiento-digital/,editorial_to_money,Auditoría,P1,es
https://pixvo.tech/es/recursos/crm-vs-automatizacion-de-leads/,https://pixvo.tech/es/planes/,conversion,Planes,P1,es
https://pixvo.tech/es/recursos/crm-vs-automatizacion-de-leads/,https://pixvo.tech/es/casos-de-exito/,internal,Casos de éxito,P1,es
https://pixvo.tech/es/recursos/crm-vs-automatizacion-de-leads/,https://pixvo.tech/es/recursos/,child_to_parent,Recursos,P2,es
https://pixvo.tech/es/recursos/crm-vs-automatizacion-de-leads/,https://pixvo.tech/es/blog/,internal,Blog,P2,es
https://pixvo.tech/es/recursos/crm-vs-automatizacion-de-leads/,https://pixvo.tech/es/solicitar-diagnostico/,conversion,Solicitar diagnóstico,P1,es
https://pixvo.tech/es/recursos/crm-vs-automatizacion-de-leads/,https://pixvo.tech/,internal,Inicio,P1,es
https://pixvo.tech/es/recursos/crm-vs-automatizacion-de-leads/,https://pixvo.tech/es/,internal,España,P1,es
https://pixvo.tech/es/recursos/crm-vs-automatizacion-de-leads/,https://pixvo.tech/es/soluciones/seguimiento-de-leads/,editorial_to_money,Automatización del seguimiento de leads,P1,es
https://pixvo.tech/es/recursos/crm-vs-automatizacion-de-leads/,https://pixvo.tech/es/soluciones/automatizacion-de-procesos/,editorial_to_money,Automatización de procesos para PyMEs,P1,es
https://pixvo.tech/es/recursos/crm-vs-automatizacion-de-leads/,https://pixvo.tech/es/planes/,conversion,Planes y precios,P1,es
https://pixvo.tech/es/recursos/crm-vs-automatizacion-de-leads/,https://pixvo.tech/es/soluciones/automatizacion-de-procesos/,editorial_to_money,Automatización,P1,es
https://pixvo.tech/es/recursos/crm-vs-automatizacion-de-leads/,https://pixvo.tech/es/soluciones/seguimiento-de-leads/,editorial_to_money,Seguimiento de leads,P1,es
https://pixvo.tech/es/recursos/crm-vs-automatizacion-de-leads/,https://pixvo.tech/es/nosotros/,internal,Nosotros,P3,es
https://pixvo.tech/es/recursos/crm-vs-automatizacion-de-leads/,https://pixvo.tech/es/contacto/,internal,Contacto,P3,es
https://pixvo.tech/es/recursos/crm-vs-automatizacion-de-leads/,https://pixvo.tech/mx/,internal,México,P1,es
https://pixvo.tech/es/recursos/crm-vs-automatizacion-de-leads/,https://pixvo.tech/ar/,internal,Argentina,P1,es
https://pixvo.tech/es/recursos/rediseno-web-vs-optimizacion-cro/,https://pixvo.tech/es/sistema-crecimiento-digital/,editorial_to_money,Sistema de crecimiento,P1,es
https://pixvo.tech/es/recursos/rediseno-web-vs-optimizacion-cro/,https://pixvo.tech/es/soluciones/seo-para-pymes/,editorial_to_money,SEO para PyMEs,P1,es
https://pixvo.tech/es/recursos/rediseno-web-vs-optimizacion-cro/,https://pixvo.tech/es/auditoria-crecimiento-digital/,editorial_to_money,Auditoría,P1,es
https://pixvo.tech/es/recursos/rediseno-web-vs-optimizacion-cro/,https://pixvo.tech/es/planes/,conversion,Planes,P1,es
https://pixvo.tech/es/recursos/rediseno-web-vs-optimizacion-cro/,https://pixvo.tech/es/casos-de-exito/,internal,Casos de éxito,P1,es
https://pixvo.tech/es/recursos/rediseno-web-vs-optimizacion-cro/,https://pixvo.tech/es/recursos/,child_to_parent,Recursos,P2,es
https://pixvo.tech/es/recursos/rediseno-web-vs-optimizacion-cro/,https://pixvo.tech/es/blog/,internal,Blog,P2,es
https://pixvo.tech/es/recursos/rediseno-web-vs-optimizacion-cro/,https://pixvo.tech/es/solicitar-diagnostico/,conversion,Solicitar diagnóstico,P1,es
https://pixvo.tech/es/recursos/rediseno-web-vs-optimizacion-cro/,https://pixvo.tech/,internal,Inicio,P1,es
https://pixvo.tech/es/recursos/rediseno-web-vs-optimizacion-cro/,https://pixvo.tech/es/,internal,España,P1,es
https://pixvo.tech/es/recursos/rediseno-web-vs-optimizacion-cro/,https://pixvo.tech/es/soluciones/optimizacion-de-conversion/,editorial_to_money,Optimización de conversión web,P2,es
https://pixvo.tech/es/recursos/rediseno-web-vs-optimizacion-cro/,https://pixvo.tech/es/soluciones/analitica-digital/,editorial_to_money,Consultoría de analítica digital,P2,es
https://pixvo.tech/es/recursos/rediseno-web-vs-optimizacion-cro/,https://pixvo.tech/es/auditoria-crecimiento-digital/,editorial_to_money,Auditoría de crecimiento digital,P1,es
https://pixvo.tech/es/recursos/rediseno-web-vs-optimizacion-cro/,https://pixvo.tech/es/planes/,conversion,Planes y precios,P1,es
https://pixvo.tech/es/recursos/rediseno-web-vs-optimizacion-cro/,https://pixvo.tech/es/soluciones/automatizacion-de-procesos/,editorial_to_money,Automatización,P1,es
https://pixvo.tech/es/recursos/rediseno-web-vs-optimizacion-cro/,https://pixvo.tech/es/soluciones/seguimiento-de-leads/,editorial_to_money,Seguimiento de leads,P1,es
https://pixvo.tech/es/recursos/rediseno-web-vs-optimizacion-cro/,https://pixvo.tech/es/nosotros/,internal,Nosotros,P3,es
https://pixvo.tech/es/recursos/rediseno-web-vs-optimizacion-cro/,https://pixvo.tech/es/contacto/,internal,Contacto,P3,es
https://pixvo.tech/es/recursos/rediseno-web-vs-optimizacion-cro/,https://pixvo.tech/mx/,internal,México,P1,es
https://pixvo.tech/es/recursos/rediseno-web-vs-optimizacion-cro/,https://pixvo.tech/ar/,internal,Argentina,P1,es
https://pixvo.tech/es/recursos/seo-vs-sistema-de-crecimiento/,https://pixvo.tech/es/sistema-crecimiento-digital/,editorial_to_money,Sistema de crecimiento,P1,es
https://pixvo.tech/es/recursos/seo-vs-sistema-de-crecimiento/,https://pixvo.tech/es/soluciones/seo-para-pymes/,editorial_to_money,SEO para PyMEs,P1,es
https://pixvo.tech/es/recursos/seo-vs-sistema-de-crecimiento/,https://pixvo.tech/es/auditoria-crecimiento-digital/,editorial_to_money,Auditoría,P1,es
https://pixvo.tech/es/recursos/seo-vs-sistema-de-crecimiento/,https://pixvo.tech/es/planes/,conversion,Planes,P1,es
https://pixvo.tech/es/recursos/seo-vs-sistema-de-crecimiento/,https://pixvo.tech/es/casos-de-exito/,internal,Casos de éxito,P1,es
https://pixvo.tech/es/recursos/seo-vs-sistema-de-crecimiento/,https://pixvo.tech/es/recursos/,child_to_parent,Recursos,P2,es
https://pixvo.tech/es/recursos/seo-vs-sistema-de-crecimiento/,https://pixvo.tech/es/blog/,internal,Blog,P2,es
https://pixvo.tech/es/recursos/seo-vs-sistema-de-crecimiento/,https://pixvo.tech/es/solicitar-diagnostico/,conversion,Solicitar diagnóstico,P1,es
https://pixvo.tech/es/recursos/seo-vs-sistema-de-crecimiento/,https://pixvo.tech/,internal,Inicio,P1,es
https://pixvo.tech/es/recursos/seo-vs-sistema-de-crecimiento/,https://pixvo.tech/es/,internal,España,P1,es
https://pixvo.tech/es/recursos/seo-vs-sistema-de-crecimiento/,https://pixvo.tech/es/soluciones/seo-para-pymes/,editorial_to_money,SEO para PyMEs orientado a captar clientes,P1,es
https://pixvo.tech/es/recursos/seo-vs-sistema-de-crecimiento/,https://pixvo.tech/es/sistema-crecimiento-digital/,editorial_to_money,Pixvo Growth System,P1,es
https://pixvo.tech/es/recursos/seo-vs-sistema-de-crecimiento/,https://pixvo.tech/es/auditoria-crecimiento-digital/,editorial_to_money,Auditoría de crecimiento digital,P1,es
https://pixvo.tech/es/recursos/seo-vs-sistema-de-crecimiento/,https://pixvo.tech/es/planes/,conversion,Planes y precios,P1,es
https://pixvo.tech/es/recursos/seo-vs-sistema-de-crecimiento/,https://pixvo.tech/es/soluciones/automatizacion-de-procesos/,editorial_to_money,Automatización,P1,es
https://pixvo.tech/es/recursos/seo-vs-sistema-de-crecimiento/,https://pixvo.tech/es/soluciones/seguimiento-de-leads/,editorial_to_money,Seguimiento de leads,P1,es
https://pixvo.tech/es/recursos/seo-vs-sistema-de-crecimiento/,https://pixvo.tech/es/nosotros/,internal,Nosotros,P3,es
https://pixvo.tech/es/recursos/seo-vs-sistema-de-crecimiento/,https://pixvo.tech/es/contacto/,internal,Contacto,P3,es
https://pixvo.tech/es/recursos/seo-vs-sistema-de-crecimiento/,https://pixvo.tech/mx/,internal,México,P1,es
https://pixvo.tech/es/recursos/seo-vs-sistema-de-crecimiento/,https://pixvo.tech/ar/,internal,Argentina,P1,es
https://pixvo.tech/es/blog/,https://pixvo.tech/es/sistema-crecimiento-digital/,internal,Sistema de crecimiento,P1,es
https://pixvo.tech/es/blog/,https://pixvo.tech/es/soluciones/seo-para-pymes/,internal,SEO para PyMEs,P1,es
https://pixvo.tech/es/blog/,https://pixvo.tech/es/auditoria-crecimiento-digital/,internal,Auditoría,P1,es
https://pixvo.tech/es/blog/,https://pixvo.tech/es/planes/,conversion,Planes,P1,es
https://pixvo.tech/es/blog/,https://pixvo.tech/es/casos-de-exito/,internal,Casos de éxito,P1,es
https://pixvo.tech/es/blog/,https://pixvo.tech/es/recursos/,internal,Recursos,P2,es
https://pixvo.tech/es/blog/,https://pixvo.tech/es/blog/,internal,Blog,P2,es
https://pixvo.tech/es/blog/,https://pixvo.tech/es/solicitar-diagnostico/,conversion,Solicitar diagnóstico,P1,es
https://pixvo.tech/es/blog/,https://pixvo.tech/,internal,Inicio,P1,es
https://pixvo.tech/es/blog/,https://pixvo.tech/es/,child_to_parent,España,P1,es
https://pixvo.tech/es/blog/,https://pixvo.tech/es/blog/ataque-real-en-npm-como-el-compromiso-de-axios-expuso-miles-de-entornos-sin-que-nadie-lo-notara/,parent_to_child,Ataque real en NPM: cómo el compromiso de Axios expuso miles de entornos sin que nadie lo notara,P2,es
https://pixvo.tech/es/blog/,https://pixvo.tech/es/blog/matriz-objetivo-icp-canal-lead-magnet-pagina-evento-de-conversion-metricas/,parent_to_child,Matriz Objetivo / ICP / Canal / Lead Magnet / Página / Evento de Conversión / Métricas,P3,es
https://pixvo.tech/es/blog/,https://pixvo.tech/es/blog/por-que-un-sitio-wordpress-no-puede-quedar-librado-a-la-suerte-y-como-evitar-dolores-de-cabeza-despues/,parent_to_child,Por qué un sitio WordPress no puede quedar librado a la suerte (y cómo evitar dolores de cabeza después),P3,es
https://pixvo.tech/es/blog/,https://pixvo.tech/es/blog/como-una-buena-automatizacion-puede-cambiar-por-completo-el-flujo-de-trabajo-de-tu-empresa/,parent_to_child,Cómo una buena automatización puede cambiar por completo el flujo de trabajo de tu empresa,P3,es
https://pixvo.tech/es/blog/,https://pixvo.tech/es/blog/por-que-geeksy-shop-es-hoy-una-de-las-mejores-fuentes-para-comprar-productos-del-fandom-y-como-aprovecharlo-desde-pixvo-tech/,parent_to_child,Por qué Geeksy.shop es hoy una de las mejores fuentes para comprar productos del fandom,P3,es
https://pixvo.tech/es/blog/,https://pixvo.tech/es/blog/black-friday-y-cyber-week-el-momento-del-ano-donde-tu-negocio-no-puede-improvisar/,parent_to_child,Black Friday y Cyber Week: el momento del año donde tu negocio no puede improvisar,P3,es
https://pixvo.tech/es/blog/,https://pixvo.tech/es/blog/el-mal-uso-de-la-ia-y-sus-consecuencias-reales-el-ejemplo-critico-de-los-libros-de-foraging-en-amazon/,parent_to_child,El mal uso de la IA y sus consecuencias reales: el ejemplo crítico de los libros de foraging en Amazon,P3,es
https://pixvo.tech/es/blog/,https://pixvo.tech/es/blog/por-que-necesitas-un-sitio-web-profesional-en-2025-y-como-conseguir-hosting-premium-con-descuento/,parent_to_child,Por qué necesitás un sitio web profesional en 2025 (y cómo conseguir hosting premium con descuento),P3,es
https://pixvo.tech/es/blog/,https://pixvo.tech/es/blog/la-importancia-de-las-decisiones-y-resoluciones-eficientes-en-la-gestion-de-pequenas-y-medianas-empresas/,parent_to_child,La importancia de las decisiones y resoluciones eficientes en la gestión de pequeñas y medianas empresas,P3,es
https://pixvo.tech/es/blog/,https://pixvo.tech/es/blog/crear-un-sitio-web-rapido-con-las-herramientas-de-ia-de-hostinger/,parent_to_child,Crear un sitio web rápido con las herramientas de IA de Hostinger,P3,es
https://pixvo.tech/es/blog/,https://pixvo.tech/es/blog/la-ia-esta-matando-la-creatividad/,parent_to_child,La IA está matando la creatividad,P3,es
https://pixvo.tech/es/blog/,https://pixvo.tech/es/blog/redactar-sin-ia-reduce-productividad-evidencia-limites-y-como-implementarlo-en-marketing/,parent_to_child,"Redactar sin IA reduce productividad: evidencia, límites y cómo implementarlo en marketing",P3,es
https://pixvo.tech/es/blog/,https://pixvo.tech/es/blog/caso-de-exito-microcuotas-y-como-google-ads-desarrollo-a-medida-le-cambiaron-el-juego/,parent_to_child,"Google Ads, validación y Clientify: arquitectura del funnel de Microcuotas",P3,es
https://pixvo.tech/es/blog/,https://pixvo.tech/es/soluciones/automatizacion-de-procesos/,internal,Automatización,P1,es
https://pixvo.tech/es/blog/,https://pixvo.tech/es/soluciones/seguimiento-de-leads/,internal,Seguimiento de leads,P1,es
https://pixvo.tech/es/blog/,https://pixvo.tech/es/nosotros/,internal,Nosotros,P3,es
https://pixvo.tech/es/blog/,https://pixvo.tech/es/contacto/,internal,Contacto,P3,es
https://pixvo.tech/es/blog/,https://pixvo.tech/mx/,internal,México,P1,es
https://pixvo.tech/es/blog/,https://pixvo.tech/ar/,internal,Argentina,P1,es
https://pixvo.tech/es/blog/ataque-real-en-npm-como-el-compromiso-de-axios-expuso-miles-de-entornos-sin-que-nadie-lo-notara/,https://pixvo.tech/es/sistema-crecimiento-digital/,editorial_to_money,Sistema de crecimiento,P1,es
https://pixvo.tech/es/blog/ataque-real-en-npm-como-el-compromiso-de-axios-expuso-miles-de-entornos-sin-que-nadie-lo-notara/,https://pixvo.tech/es/soluciones/seo-para-pymes/,editorial_to_money,SEO para PyMEs,P1,es
https://pixvo.tech/es/blog/ataque-real-en-npm-como-el-compromiso-de-axios-expuso-miles-de-entornos-sin-que-nadie-lo-notara/,https://pixvo.tech/es/auditoria-crecimiento-digital/,editorial_to_money,Auditoría,P1,es
https://pixvo.tech/es/blog/ataque-real-en-npm-como-el-compromiso-de-axios-expuso-miles-de-entornos-sin-que-nadie-lo-notara/,https://pixvo.tech/es/planes/,conversion,Planes,P1,es
https://pixvo.tech/es/blog/ataque-real-en-npm-como-el-compromiso-de-axios-expuso-miles-de-entornos-sin-que-nadie-lo-notara/,https://pixvo.tech/es/casos-de-exito/,internal,Casos de éxito,P1,es
https://pixvo.tech/es/blog/ataque-real-en-npm-como-el-compromiso-de-axios-expuso-miles-de-entornos-sin-que-nadie-lo-notara/,https://pixvo.tech/es/recursos/,internal,Recursos,P2,es
https://pixvo.tech/es/blog/ataque-real-en-npm-como-el-compromiso-de-axios-expuso-miles-de-entornos-sin-que-nadie-lo-notara/,https://pixvo.tech/es/blog/,child_to_parent,Blog,P2,es
https://pixvo.tech/es/blog/ataque-real-en-npm-como-el-compromiso-de-axios-expuso-miles-de-entornos-sin-que-nadie-lo-notara/,https://pixvo.tech/es/solicitar-diagnostico/,conversion,Solicitar diagnóstico,P1,es
https://pixvo.tech/es/blog/ataque-real-en-npm-como-el-compromiso-de-axios-expuso-miles-de-entornos-sin-que-nadie-lo-notara/,https://pixvo.tech/,internal,Inicio,P1,es
https://pixvo.tech/es/blog/ataque-real-en-npm-como-el-compromiso-de-axios-expuso-miles-de-entornos-sin-que-nadie-lo-notara/,https://pixvo.tech/es/,internal,España,P1,es
https://pixvo.tech/es/blog/ataque-real-en-npm-como-el-compromiso-de-axios-expuso-miles-de-entornos-sin-que-nadie-lo-notara/,https://pixvo.tech/es/sistema-crecimiento-digital/,editorial_to_money,España,P1,es
https://pixvo.tech/es/blog/ataque-real-en-npm-como-el-compromiso-de-axios-expuso-miles-de-entornos-sin-que-nadie-lo-notara/,https://pixvo.tech/es/soluciones/optimizacion-wordpress/,editorial_to_money,mejorar rendimiento y estabilidad en WordPress,P2,es
https://pixvo.tech/es/blog/ataque-real-en-npm-como-el-compromiso-de-axios-expuso-miles-de-entornos-sin-que-nadie-lo-notara/,https://pixvo.tech/es/soluciones/automatizacion-de-procesos/,editorial_to_money,Automatización,P1,es
https://pixvo.tech/es/blog/ataque-real-en-npm-como-el-compromiso-de-axios-expuso-miles-de-entornos-sin-que-nadie-lo-notara/,https://pixvo.tech/es/soluciones/seguimiento-de-leads/,editorial_to_money,Seguimiento de leads,P1,es
https://pixvo.tech/es/blog/ataque-real-en-npm-como-el-compromiso-de-axios-expuso-miles-de-entornos-sin-que-nadie-lo-notara/,https://pixvo.tech/es/nosotros/,internal,Nosotros,P3,es
https://pixvo.tech/es/blog/ataque-real-en-npm-como-el-compromiso-de-axios-expuso-miles-de-entornos-sin-que-nadie-lo-notara/,https://pixvo.tech/es/contacto/,internal,Contacto,P3,es
https://pixvo.tech/es/blog/ataque-real-en-npm-como-el-compromiso-de-axios-expuso-miles-de-entornos-sin-que-nadie-lo-notara/,https://pixvo.tech/mx/,internal,México,P1,es
https://pixvo.tech/es/blog/ataque-real-en-npm-como-el-compromiso-de-axios-expuso-miles-de-entornos-sin-que-nadie-lo-notara/,https://pixvo.tech/ar/,internal,Argentina,P1,es
https://pixvo.tech/es/blog/matriz-objetivo-icp-canal-lead-magnet-pagina-evento-de-conversion-metricas/,https://pixvo.tech/es/sistema-crecimiento-digital/,editorial_to_money,Sistema de crecimiento,P1,es
https://pixvo.tech/es/blog/matriz-objetivo-icp-canal-lead-magnet-pagina-evento-de-conversion-metricas/,https://pixvo.tech/es/soluciones/seo-para-pymes/,editorial_to_money,SEO para PyMEs,P1,es
https://pixvo.tech/es/blog/matriz-objetivo-icp-canal-lead-magnet-pagina-evento-de-conversion-metricas/,https://pixvo.tech/es/auditoria-crecimiento-digital/,editorial_to_money,Auditoría,P1,es
https://pixvo.tech/es/blog/matriz-objetivo-icp-canal-lead-magnet-pagina-evento-de-conversion-metricas/,https://pixvo.tech/es/planes/,conversion,Planes,P1,es
https://pixvo.tech/es/blog/matriz-objetivo-icp-canal-lead-magnet-pagina-evento-de-conversion-metricas/,https://pixvo.tech/es/casos-de-exito/,internal,Casos de éxito,P1,es
https://pixvo.tech/es/blog/matriz-objetivo-icp-canal-lead-magnet-pagina-evento-de-conversion-metricas/,https://pixvo.tech/es/recursos/,internal,Recursos,P2,es
https://pixvo.tech/es/blog/matriz-objetivo-icp-canal-lead-magnet-pagina-evento-de-conversion-metricas/,https://pixvo.tech/es/blog/,child_to_parent,Blog,P2,es
https://pixvo.tech/es/blog/matriz-objetivo-icp-canal-lead-magnet-pagina-evento-de-conversion-metricas/,https://pixvo.tech/es/solicitar-diagnostico/,conversion,Solicitar diagnóstico,P1,es
https://pixvo.tech/es/blog/matriz-objetivo-icp-canal-lead-magnet-pagina-evento-de-conversion-metricas/,https://pixvo.tech/,internal,Inicio,P1,es
https://pixvo.tech/es/blog/matriz-objetivo-icp-canal-lead-magnet-pagina-evento-de-conversion-metricas/,https://pixvo.tech/es/,internal,España,P1,es
https://pixvo.tech/es/blog/matriz-objetivo-icp-canal-lead-magnet-pagina-evento-de-conversion-metricas/,https://pixvo.tech/es/soluciones/analitica-digital/,editorial_to_money,España,P2,es
https://pixvo.tech/es/blog/matriz-objetivo-icp-canal-lead-magnet-pagina-evento-de-conversion-metricas/,https://pixvo.tech/es/soluciones/optimizacion-de-conversion/,editorial_to_money,mejorar la conversión de tu web,P2,es
https://pixvo.tech/es/blog/matriz-objetivo-icp-canal-lead-magnet-pagina-evento-de-conversion-metricas/,https://pixvo.tech/es/soluciones/seguimiento-de-leads/,editorial_to_money,automatizar el seguimiento de tus leads,P1,es
https://pixvo.tech/es/blog/matriz-objetivo-icp-canal-lead-magnet-pagina-evento-de-conversion-metricas/,https://pixvo.tech/es/soluciones/automatizacion-de-procesos/,editorial_to_money,Automatización,P1,es
https://pixvo.tech/es/blog/matriz-objetivo-icp-canal-lead-magnet-pagina-evento-de-conversion-metricas/,https://pixvo.tech/es/soluciones/seguimiento-de-leads/,editorial_to_money,Seguimiento de leads,P1,es
https://pixvo.tech/es/blog/matriz-objetivo-icp-canal-lead-magnet-pagina-evento-de-conversion-metricas/,https://pixvo.tech/es/nosotros/,internal,Nosotros,P3,es
https://pixvo.tech/es/blog/matriz-objetivo-icp-canal-lead-magnet-pagina-evento-de-conversion-metricas/,https://pixvo.tech/es/contacto/,internal,Contacto,P3,es
https://pixvo.tech/es/blog/matriz-objetivo-icp-canal-lead-magnet-pagina-evento-de-conversion-metricas/,https://pixvo.tech/mx/,internal,México,P1,es
https://pixvo.tech/es/blog/matriz-objetivo-icp-canal-lead-magnet-pagina-evento-de-conversion-metricas/,https://pixvo.tech/ar/,internal,Argentina,P1,es
https://pixvo.tech/es/blog/por-que-un-sitio-wordpress-no-puede-quedar-librado-a-la-suerte-y-como-evitar-dolores-de-cabeza-despues/,https://pixvo.tech/es/sistema-crecimiento-digital/,editorial_to_money,Sistema de crecimiento,P1,es
https://pixvo.tech/es/blog/por-que-un-sitio-wordpress-no-puede-quedar-librado-a-la-suerte-y-como-evitar-dolores-de-cabeza-despues/,https://pixvo.tech/es/soluciones/seo-para-pymes/,editorial_to_money,SEO para PyMEs,P1,es
https://pixvo.tech/es/blog/por-que-un-sitio-wordpress-no-puede-quedar-librado-a-la-suerte-y-como-evitar-dolores-de-cabeza-despues/,https://pixvo.tech/es/auditoria-crecimiento-digital/,editorial_to_money,Auditoría,P1,es
https://pixvo.tech/es/blog/por-que-un-sitio-wordpress-no-puede-quedar-librado-a-la-suerte-y-como-evitar-dolores-de-cabeza-despues/,https://pixvo.tech/es/planes/,conversion,Planes,P1,es
https://pixvo.tech/es/blog/por-que-un-sitio-wordpress-no-puede-quedar-librado-a-la-suerte-y-como-evitar-dolores-de-cabeza-despues/,https://pixvo.tech/es/casos-de-exito/,internal,Casos de éxito,P1,es
https://pixvo.tech/es/blog/por-que-un-sitio-wordpress-no-puede-quedar-librado-a-la-suerte-y-como-evitar-dolores-de-cabeza-despues/,https://pixvo.tech/es/recursos/,internal,Recursos,P2,es
https://pixvo.tech/es/blog/por-que-un-sitio-wordpress-no-puede-quedar-librado-a-la-suerte-y-como-evitar-dolores-de-cabeza-despues/,https://pixvo.tech/es/blog/,child_to_parent,Blog,P2,es
https://pixvo.tech/es/blog/por-que-un-sitio-wordpress-no-puede-quedar-librado-a-la-suerte-y-como-evitar-dolores-de-cabeza-despues/,https://pixvo.tech/es/solicitar-diagnostico/,conversion,Solicitar diagnóstico,P1,es
https://pixvo.tech/es/blog/por-que-un-sitio-wordpress-no-puede-quedar-librado-a-la-suerte-y-como-evitar-dolores-de-cabeza-despues/,https://pixvo.tech/,internal,Inicio,P1,es
https://pixvo.tech/es/blog/por-que-un-sitio-wordpress-no-puede-quedar-librado-a-la-suerte-y-como-evitar-dolores-de-cabeza-despues/,https://pixvo.tech/es/,internal,España,P1,es
https://pixvo.tech/es/blog/por-que-un-sitio-wordpress-no-puede-quedar-librado-a-la-suerte-y-como-evitar-dolores-de-cabeza-despues/,https://pixvo.tech/es/soluciones/optimizacion-wordpress/,editorial_to_money,España,P2,es
https://pixvo.tech/es/blog/por-que-un-sitio-wordpress-no-puede-quedar-librado-a-la-suerte-y-como-evitar-dolores-de-cabeza-despues/,https://pixvo.tech/es/soluciones/seo-wordpress/,editorial_to_money,mejorar el rastreo y la indexación de WordPress,P2,es
https://pixvo.tech/es/blog/por-que-un-sitio-wordpress-no-puede-quedar-librado-a-la-suerte-y-como-evitar-dolores-de-cabeza-despues/,https://pixvo.tech/es/auditoria-crecimiento-digital/,editorial_to_money,auditar el proceso de captación y conversión,P1,es
https://pixvo.tech/es/blog/por-que-un-sitio-wordpress-no-puede-quedar-librado-a-la-suerte-y-como-evitar-dolores-de-cabeza-despues/,https://pixvo.tech/proyectos/shortcodes-en-pestanas/,internal,"Ver el proyecto técnico relacionado, separado de los casos de éxito",P3,es
https://pixvo.tech/es/blog/por-que-un-sitio-wordpress-no-puede-quedar-librado-a-la-suerte-y-como-evitar-dolores-de-cabeza-despues/,https://pixvo.tech/es/soluciones/automatizacion-de-procesos/,editorial_to_money,Automatización,P1,es
https://pixvo.tech/es/blog/por-que-un-sitio-wordpress-no-puede-quedar-librado-a-la-suerte-y-como-evitar-dolores-de-cabeza-despues/,https://pixvo.tech/es/soluciones/seguimiento-de-leads/,editorial_to_money,Seguimiento de leads,P1,es
https://pixvo.tech/es/blog/por-que-un-sitio-wordpress-no-puede-quedar-librado-a-la-suerte-y-como-evitar-dolores-de-cabeza-despues/,https://pixvo.tech/es/nosotros/,internal,Nosotros,P3,es
https://pixvo.tech/es/blog/por-que-un-sitio-wordpress-no-puede-quedar-librado-a-la-suerte-y-como-evitar-dolores-de-cabeza-despues/,https://pixvo.tech/es/contacto/,internal,Contacto,P3,es
https://pixvo.tech/es/blog/por-que-un-sitio-wordpress-no-puede-quedar-librado-a-la-suerte-y-como-evitar-dolores-de-cabeza-despues/,https://pixvo.tech/mx/,internal,México,P1,es
https://pixvo.tech/es/blog/por-que-un-sitio-wordpress-no-puede-quedar-librado-a-la-suerte-y-como-evitar-dolores-de-cabeza-despues/,https://pixvo.tech/ar/,internal,Argentina,P1,es
https://pixvo.tech/es/blog/como-una-buena-automatizacion-puede-cambiar-por-completo-el-flujo-de-trabajo-de-tu-empresa/,https://pixvo.tech/es/sistema-crecimiento-digital/,editorial_to_money,Sistema de crecimiento,P1,es
https://pixvo.tech/es/blog/como-una-buena-automatizacion-puede-cambiar-por-completo-el-flujo-de-trabajo-de-tu-empresa/,https://pixvo.tech/es/soluciones/seo-para-pymes/,editorial_to_money,SEO para PyMEs,P1,es
https://pixvo.tech/es/blog/como-una-buena-automatizacion-puede-cambiar-por-completo-el-flujo-de-trabajo-de-tu-empresa/,https://pixvo.tech/es/auditoria-crecimiento-digital/,editorial_to_money,Auditoría,P1,es
https://pixvo.tech/es/blog/como-una-buena-automatizacion-puede-cambiar-por-completo-el-flujo-de-trabajo-de-tu-empresa/,https://pixvo.tech/es/planes/,conversion,Planes,P1,es
https://pixvo.tech/es/blog/como-una-buena-automatizacion-puede-cambiar-por-completo-el-flujo-de-trabajo-de-tu-empresa/,https://pixvo.tech/es/casos-de-exito/,internal,Casos de éxito,P1,es
https://pixvo.tech/es/blog/como-una-buena-automatizacion-puede-cambiar-por-completo-el-flujo-de-trabajo-de-tu-empresa/,https://pixvo.tech/es/recursos/,internal,Recursos,P2,es
https://pixvo.tech/es/blog/como-una-buena-automatizacion-puede-cambiar-por-completo-el-flujo-de-trabajo-de-tu-empresa/,https://pixvo.tech/es/blog/,child_to_parent,Blog,P2,es
https://pixvo.tech/es/blog/como-una-buena-automatizacion-puede-cambiar-por-completo-el-flujo-de-trabajo-de-tu-empresa/,https://pixvo.tech/es/solicitar-diagnostico/,conversion,Solicitar diagnóstico,P1,es
https://pixvo.tech/es/blog/como-una-buena-automatizacion-puede-cambiar-por-completo-el-flujo-de-trabajo-de-tu-empresa/,https://pixvo.tech/,internal,Inicio,P1,es
https://pixvo.tech/es/blog/como-una-buena-automatizacion-puede-cambiar-por-completo-el-flujo-de-trabajo-de-tu-empresa/,https://pixvo.tech/es/,internal,España,P1,es
https://pixvo.tech/es/blog/como-una-buena-automatizacion-puede-cambiar-por-completo-el-flujo-de-trabajo-de-tu-empresa/,https://pixvo.tech/es/soluciones/automatizacion-de-procesos/,editorial_to_money,España,P1,es
https://pixvo.tech/es/blog/como-una-buena-automatizacion-puede-cambiar-por-completo-el-flujo-de-trabajo-de-tu-empresa/,https://pixvo.tech/es/soluciones/seguimiento-de-leads/,editorial_to_money,automatizar el seguimiento de tus leads,P1,es
https://pixvo.tech/es/blog/como-una-buena-automatizacion-puede-cambiar-por-completo-el-flujo-de-trabajo-de-tu-empresa/,https://pixvo.tech/es/soluciones/analitica-digital/,editorial_to_money,medir qué acciones generan oportunidades,P2,es
https://pixvo.tech/es/blog/como-una-buena-automatizacion-puede-cambiar-por-completo-el-flujo-de-trabajo-de-tu-empresa/,https://pixvo.tech/es/soluciones/automatizacion-de-procesos/,editorial_to_money,Automatización,P1,es
https://pixvo.tech/es/blog/como-una-buena-automatizacion-puede-cambiar-por-completo-el-flujo-de-trabajo-de-tu-empresa/,https://pixvo.tech/es/soluciones/seguimiento-de-leads/,editorial_to_money,Seguimiento de leads,P1,es
https://pixvo.tech/es/blog/como-una-buena-automatizacion-puede-cambiar-por-completo-el-flujo-de-trabajo-de-tu-empresa/,https://pixvo.tech/es/nosotros/,internal,Nosotros,P3,es
https://pixvo.tech/es/blog/como-una-buena-automatizacion-puede-cambiar-por-completo-el-flujo-de-trabajo-de-tu-empresa/,https://pixvo.tech/es/contacto/,internal,Contacto,P3,es
https://pixvo.tech/es/blog/como-una-buena-automatizacion-puede-cambiar-por-completo-el-flujo-de-trabajo-de-tu-empresa/,https://pixvo.tech/mx/,internal,México,P1,es
https://pixvo.tech/es/blog/como-una-buena-automatizacion-puede-cambiar-por-completo-el-flujo-de-trabajo-de-tu-empresa/,https://pixvo.tech/ar/,internal,Argentina,P1,es
https://pixvo.tech/es/blog/por-que-geeksy-shop-es-hoy-una-de-las-mejores-fuentes-para-comprar-productos-del-fandom-y-como-aprovecharlo-desde-pixvo-tech/,https://pixvo.tech/es/sistema-crecimiento-digital/,editorial_to_money,Sistema de crecimiento,P1,es
https://pixvo.tech/es/blog/por-que-geeksy-shop-es-hoy-una-de-las-mejores-fuentes-para-comprar-productos-del-fandom-y-como-aprovecharlo-desde-pixvo-tech/,https://pixvo.tech/es/soluciones/seo-para-pymes/,editorial_to_money,SEO para PyMEs,P1,es
https://pixvo.tech/es/blog/por-que-geeksy-shop-es-hoy-una-de-las-mejores-fuentes-para-comprar-productos-del-fandom-y-como-aprovecharlo-desde-pixvo-tech/,https://pixvo.tech/es/auditoria-crecimiento-digital/,editorial_to_money,Auditoría,P1,es
https://pixvo.tech/es/blog/por-que-geeksy-shop-es-hoy-una-de-las-mejores-fuentes-para-comprar-productos-del-fandom-y-como-aprovecharlo-desde-pixvo-tech/,https://pixvo.tech/es/planes/,conversion,Planes,P1,es
https://pixvo.tech/es/blog/por-que-geeksy-shop-es-hoy-una-de-las-mejores-fuentes-para-comprar-productos-del-fandom-y-como-aprovecharlo-desde-pixvo-tech/,https://pixvo.tech/es/casos-de-exito/,internal,Casos de éxito,P1,es
https://pixvo.tech/es/blog/por-que-geeksy-shop-es-hoy-una-de-las-mejores-fuentes-para-comprar-productos-del-fandom-y-como-aprovecharlo-desde-pixvo-tech/,https://pixvo.tech/es/recursos/,internal,Recursos,P2,es
https://pixvo.tech/es/blog/por-que-geeksy-shop-es-hoy-una-de-las-mejores-fuentes-para-comprar-productos-del-fandom-y-como-aprovecharlo-desde-pixvo-tech/,https://pixvo.tech/es/blog/,child_to_parent,Blog,P2,es
https://pixvo.tech/es/blog/por-que-geeksy-shop-es-hoy-una-de-las-mejores-fuentes-para-comprar-productos-del-fandom-y-como-aprovecharlo-desde-pixvo-tech/,https://pixvo.tech/es/solicitar-diagnostico/,conversion,Solicitar diagnóstico,P1,es
https://pixvo.tech/es/blog/por-que-geeksy-shop-es-hoy-una-de-las-mejores-fuentes-para-comprar-productos-del-fandom-y-como-aprovecharlo-desde-pixvo-tech/,https://pixvo.tech/,internal,Inicio,P1,es
https://pixvo.tech/es/blog/por-que-geeksy-shop-es-hoy-una-de-las-mejores-fuentes-para-comprar-productos-del-fandom-y-como-aprovecharlo-desde-pixvo-tech/,https://pixvo.tech/es/,internal,España,P1,es
https://pixvo.tech/es/blog/por-que-geeksy-shop-es-hoy-una-de-las-mejores-fuentes-para-comprar-productos-del-fandom-y-como-aprovecharlo-desde-pixvo-tech/,https://pixvo.tech/es/soluciones/seo-para-pymes/,editorial_to_money,España,P1,es
https://pixvo.tech/es/blog/por-que-geeksy-shop-es-hoy-una-de-las-mejores-fuentes-para-comprar-productos-del-fandom-y-como-aprovecharlo-desde-pixvo-tech/,https://pixvo.tech/es/soluciones/contenido-seo/,editorial_to_money,conectar el contenido con intención comercial,P2,es
https://pixvo.tech/es/blog/por-que-geeksy-shop-es-hoy-una-de-las-mejores-fuentes-para-comprar-productos-del-fandom-y-como-aprovecharlo-desde-pixvo-tech/,https://pixvo.tech/es/soluciones/optimizacion-de-conversion/,editorial_to_money,mejorar la conversión de tu web,P2,es
https://pixvo.tech/es/blog/por-que-geeksy-shop-es-hoy-una-de-las-mejores-fuentes-para-comprar-productos-del-fandom-y-como-aprovecharlo-desde-pixvo-tech/,https://pixvo.tech/es/soluciones/automatizacion-de-procesos/,editorial_to_money,Automatización,P1,es
https://pixvo.tech/es/blog/por-que-geeksy-shop-es-hoy-una-de-las-mejores-fuentes-para-comprar-productos-del-fandom-y-como-aprovecharlo-desde-pixvo-tech/,https://pixvo.tech/es/soluciones/seguimiento-de-leads/,editorial_to_money,Seguimiento de leads,P1,es
https://pixvo.tech/es/blog/por-que-geeksy-shop-es-hoy-una-de-las-mejores-fuentes-para-comprar-productos-del-fandom-y-como-aprovecharlo-desde-pixvo-tech/,https://pixvo.tech/es/nosotros/,internal,Nosotros,P3,es
https://pixvo.tech/es/blog/por-que-geeksy-shop-es-hoy-una-de-las-mejores-fuentes-para-comprar-productos-del-fandom-y-como-aprovecharlo-desde-pixvo-tech/,https://pixvo.tech/es/contacto/,internal,Contacto,P3,es
https://pixvo.tech/es/blog/por-que-geeksy-shop-es-hoy-una-de-las-mejores-fuentes-para-comprar-productos-del-fandom-y-como-aprovecharlo-desde-pixvo-tech/,https://pixvo.tech/mx/,internal,México,P1,es
https://pixvo.tech/es/blog/por-que-geeksy-shop-es-hoy-una-de-las-mejores-fuentes-para-comprar-productos-del-fandom-y-como-aprovecharlo-desde-pixvo-tech/,https://pixvo.tech/ar/,internal,Argentina,P1,es
https://pixvo.tech/es/blog/black-friday-y-cyber-week-el-momento-del-ano-donde-tu-negocio-no-puede-improvisar/,https://pixvo.tech/es/sistema-crecimiento-digital/,editorial_to_money,Sistema de crecimiento,P1,es
https://pixvo.tech/es/blog/black-friday-y-cyber-week-el-momento-del-ano-donde-tu-negocio-no-puede-improvisar/,https://pixvo.tech/es/soluciones/seo-para-pymes/,editorial_to_money,SEO para PyMEs,P1,es
https://pixvo.tech/es/blog/black-friday-y-cyber-week-el-momento-del-ano-donde-tu-negocio-no-puede-improvisar/,https://pixvo.tech/es/auditoria-crecimiento-digital/,editorial_to_money,Auditoría,P1,es
https://pixvo.tech/es/blog/black-friday-y-cyber-week-el-momento-del-ano-donde-tu-negocio-no-puede-improvisar/,https://pixvo.tech/es/planes/,conversion,Planes,P1,es
https://pixvo.tech/es/blog/black-friday-y-cyber-week-el-momento-del-ano-donde-tu-negocio-no-puede-improvisar/,https://pixvo.tech/es/casos-de-exito/,internal,Casos de éxito,P1,es
https://pixvo.tech/es/blog/black-friday-y-cyber-week-el-momento-del-ano-donde-tu-negocio-no-puede-improvisar/,https://pixvo.tech/es/recursos/,internal,Recursos,P2,es
https://pixvo.tech/es/blog/black-friday-y-cyber-week-el-momento-del-ano-donde-tu-negocio-no-puede-improvisar/,https://pixvo.tech/es/blog/,child_to_parent,Blog,P2,es
https://pixvo.tech/es/blog/black-friday-y-cyber-week-el-momento-del-ano-donde-tu-negocio-no-puede-improvisar/,https://pixvo.tech/es/solicitar-diagnostico/,conversion,Solicitar diagnóstico,P1,es
https://pixvo.tech/es/blog/black-friday-y-cyber-week-el-momento-del-ano-donde-tu-negocio-no-puede-improvisar/,https://pixvo.tech/,internal,Inicio,P1,es
https://pixvo.tech/es/blog/black-friday-y-cyber-week-el-momento-del-ano-donde-tu-negocio-no-puede-improvisar/,https://pixvo.tech/es/,internal,España,P1,es
https://pixvo.tech/es/blog/black-friday-y-cyber-week-el-momento-del-ano-donde-tu-negocio-no-puede-improvisar/,https://pixvo.tech/es/soluciones/optimizacion-de-conversion/,editorial_to_money,España,P2,es
https://pixvo.tech/es/blog/black-friday-y-cyber-week-el-momento-del-ano-donde-tu-negocio-no-puede-improvisar/,https://pixvo.tech/es/soluciones/analitica-digital/,editorial_to_money,medir qué acciones generan oportunidades,P2,es
https://pixvo.tech/es/blog/black-friday-y-cyber-week-el-momento-del-ano-donde-tu-negocio-no-puede-improvisar/,https://pixvo.tech/es/soluciones/automatizacion-de-marketing/,editorial_to_money,organizar captación y comunicaciones automatizadas,P2,es
https://pixvo.tech/es/blog/black-friday-y-cyber-week-el-momento-del-ano-donde-tu-negocio-no-puede-improvisar/,https://pixvo.tech/es/soluciones/automatizacion-de-procesos/,editorial_to_money,Automatización,P1,es
https://pixvo.tech/es/blog/black-friday-y-cyber-week-el-momento-del-ano-donde-tu-negocio-no-puede-improvisar/,https://pixvo.tech/es/soluciones/seguimiento-de-leads/,editorial_to_money,Seguimiento de leads,P1,es
https://pixvo.tech/es/blog/black-friday-y-cyber-week-el-momento-del-ano-donde-tu-negocio-no-puede-improvisar/,https://pixvo.tech/es/nosotros/,internal,Nosotros,P3,es
https://pixvo.tech/es/blog/black-friday-y-cyber-week-el-momento-del-ano-donde-tu-negocio-no-puede-improvisar/,https://pixvo.tech/es/contacto/,internal,Contacto,P3,es
https://pixvo.tech/es/blog/black-friday-y-cyber-week-el-momento-del-ano-donde-tu-negocio-no-puede-improvisar/,https://pixvo.tech/mx/,internal,México,P1,es
https://pixvo.tech/es/blog/black-friday-y-cyber-week-el-momento-del-ano-donde-tu-negocio-no-puede-improvisar/,https://pixvo.tech/ar/,internal,Argentina,P1,es
https://pixvo.tech/es/blog/el-mal-uso-de-la-ia-y-sus-consecuencias-reales-el-ejemplo-critico-de-los-libros-de-foraging-en-amazon/,https://pixvo.tech/es/sistema-crecimiento-digital/,editorial_to_money,Sistema de crecimiento,P1,es
https://pixvo.tech/es/blog/el-mal-uso-de-la-ia-y-sus-consecuencias-reales-el-ejemplo-critico-de-los-libros-de-foraging-en-amazon/,https://pixvo.tech/es/soluciones/seo-para-pymes/,editorial_to_money,SEO para PyMEs,P1,es
https://pixvo.tech/es/blog/el-mal-uso-de-la-ia-y-sus-consecuencias-reales-el-ejemplo-critico-de-los-libros-de-foraging-en-amazon/,https://pixvo.tech/es/auditoria-crecimiento-digital/,editorial_to_money,Auditoría,P1,es
https://pixvo.tech/es/blog/el-mal-uso-de-la-ia-y-sus-consecuencias-reales-el-ejemplo-critico-de-los-libros-de-foraging-en-amazon/,https://pixvo.tech/es/planes/,conversion,Planes,P1,es
https://pixvo.tech/es/blog/el-mal-uso-de-la-ia-y-sus-consecuencias-reales-el-ejemplo-critico-de-los-libros-de-foraging-en-amazon/,https://pixvo.tech/es/casos-de-exito/,internal,Casos de éxito,P1,es
https://pixvo.tech/es/blog/el-mal-uso-de-la-ia-y-sus-consecuencias-reales-el-ejemplo-critico-de-los-libros-de-foraging-en-amazon/,https://pixvo.tech/es/recursos/,internal,Recursos,P2,es
https://pixvo.tech/es/blog/el-mal-uso-de-la-ia-y-sus-consecuencias-reales-el-ejemplo-critico-de-los-libros-de-foraging-en-amazon/,https://pixvo.tech/es/blog/,child_to_parent,Blog,P2,es
https://pixvo.tech/es/blog/el-mal-uso-de-la-ia-y-sus-consecuencias-reales-el-ejemplo-critico-de-los-libros-de-foraging-en-amazon/,https://pixvo.tech/es/solicitar-diagnostico/,conversion,Solicitar diagnóstico,P1,es
https://pixvo.tech/es/blog/el-mal-uso-de-la-ia-y-sus-consecuencias-reales-el-ejemplo-critico-de-los-libros-de-foraging-en-amazon/,https://pixvo.tech/,internal,Inicio,P1,es
https://pixvo.tech/es/blog/el-mal-uso-de-la-ia-y-sus-consecuencias-reales-el-ejemplo-critico-de-los-libros-de-foraging-en-amazon/,https://pixvo.tech/es/,internal,España,P1,es
https://pixvo.tech/es/blog/el-mal-uso-de-la-ia-y-sus-consecuencias-reales-el-ejemplo-critico-de-los-libros-de-foraging-en-amazon/,https://pixvo.tech/es/soluciones/contenido-seo/,editorial_to_money,España,P2,es
https://pixvo.tech/es/blog/el-mal-uso-de-la-ia-y-sus-consecuencias-reales-el-ejemplo-critico-de-los-libros-de-foraging-en-amazon/,https://pixvo.tech/es/soluciones/seo-para-pymes/,editorial_to_money,convertir esta idea en una estrategia SEO para PyMEs,P1,es
https://pixvo.tech/es/blog/el-mal-uso-de-la-ia-y-sus-consecuencias-reales-el-ejemplo-critico-de-los-libros-de-foraging-en-amazon/,https://pixvo.tech/es/soluciones/automatizacion-de-procesos/,editorial_to_money,Automatización,P1,es
https://pixvo.tech/es/blog/el-mal-uso-de-la-ia-y-sus-consecuencias-reales-el-ejemplo-critico-de-los-libros-de-foraging-en-amazon/,https://pixvo.tech/es/soluciones/seguimiento-de-leads/,editorial_to_money,Seguimiento de leads,P1,es
https://pixvo.tech/es/blog/el-mal-uso-de-la-ia-y-sus-consecuencias-reales-el-ejemplo-critico-de-los-libros-de-foraging-en-amazon/,https://pixvo.tech/es/nosotros/,internal,Nosotros,P3,es
https://pixvo.tech/es/blog/el-mal-uso-de-la-ia-y-sus-consecuencias-reales-el-ejemplo-critico-de-los-libros-de-foraging-en-amazon/,https://pixvo.tech/es/contacto/,internal,Contacto,P3,es
https://pixvo.tech/es/blog/el-mal-uso-de-la-ia-y-sus-consecuencias-reales-el-ejemplo-critico-de-los-libros-de-foraging-en-amazon/,https://pixvo.tech/mx/,internal,México,P1,es
https://pixvo.tech/es/blog/el-mal-uso-de-la-ia-y-sus-consecuencias-reales-el-ejemplo-critico-de-los-libros-de-foraging-en-amazon/,https://pixvo.tech/ar/,internal,Argentina,P1,es
https://pixvo.tech/es/blog/por-que-necesitas-un-sitio-web-profesional-en-2025-y-como-conseguir-hosting-premium-con-descuento/,https://pixvo.tech/es/sistema-crecimiento-digital/,editorial_to_money,Sistema de crecimiento,P1,es
https://pixvo.tech/es/blog/por-que-necesitas-un-sitio-web-profesional-en-2025-y-como-conseguir-hosting-premium-con-descuento/,https://pixvo.tech/es/soluciones/seo-para-pymes/,editorial_to_money,SEO para PyMEs,P1,es
https://pixvo.tech/es/blog/por-que-necesitas-un-sitio-web-profesional-en-2025-y-como-conseguir-hosting-premium-con-descuento/,https://pixvo.tech/es/auditoria-crecimiento-digital/,editorial_to_money,Auditoría,P1,es
https://pixvo.tech/es/blog/por-que-necesitas-un-sitio-web-profesional-en-2025-y-como-conseguir-hosting-premium-con-descuento/,https://pixvo.tech/es/planes/,conversion,Planes,P1,es
https://pixvo.tech/es/blog/por-que-necesitas-un-sitio-web-profesional-en-2025-y-como-conseguir-hosting-premium-con-descuento/,https://pixvo.tech/es/casos-de-exito/,internal,Casos de éxito,P1,es
https://pixvo.tech/es/blog/por-que-necesitas-un-sitio-web-profesional-en-2025-y-como-conseguir-hosting-premium-con-descuento/,https://pixvo.tech/es/recursos/,internal,Recursos,P2,es
https://pixvo.tech/es/blog/por-que-necesitas-un-sitio-web-profesional-en-2025-y-como-conseguir-hosting-premium-con-descuento/,https://pixvo.tech/es/blog/,child_to_parent,Blog,P2,es
https://pixvo.tech/es/blog/por-que-necesitas-un-sitio-web-profesional-en-2025-y-como-conseguir-hosting-premium-con-descuento/,https://pixvo.tech/es/solicitar-diagnostico/,conversion,Solicitar diagnóstico,P1,es
https://pixvo.tech/es/blog/por-que-necesitas-un-sitio-web-profesional-en-2025-y-como-conseguir-hosting-premium-con-descuento/,https://pixvo.tech/,internal,Inicio,P1,es
https://pixvo.tech/es/blog/por-que-necesitas-un-sitio-web-profesional-en-2025-y-como-conseguir-hosting-premium-con-descuento/,https://pixvo.tech/es/,internal,España,P1,es
https://pixvo.tech/es/blog/por-que-necesitas-un-sitio-web-profesional-en-2025-y-como-conseguir-hosting-premium-con-descuento/,https://pixvo.tech/es/soluciones/optimizacion-wordpress/,editorial_to_money,España,P2,es
https://pixvo.tech/es/blog/por-que-necesitas-un-sitio-web-profesional-en-2025-y-como-conseguir-hosting-premium-con-descuento/,https://pixvo.tech/es/soluciones/seo-wordpress/,editorial_to_money,mejorar el rastreo y la indexación de WordPress,P2,es
https://pixvo.tech/es/blog/por-que-necesitas-un-sitio-web-profesional-en-2025-y-como-conseguir-hosting-premium-con-descuento/,https://pixvo.tech/es/soluciones/optimizacion-de-conversion/,editorial_to_money,mejorar la conversión de tu web,P2,es
https://pixvo.tech/es/blog/por-que-necesitas-un-sitio-web-profesional-en-2025-y-como-conseguir-hosting-premium-con-descuento/,https://pixvo.tech/es/soluciones/automatizacion-de-procesos/,editorial_to_money,Automatización,P1,es
https://pixvo.tech/es/blog/por-que-necesitas-un-sitio-web-profesional-en-2025-y-como-conseguir-hosting-premium-con-descuento/,https://pixvo.tech/es/soluciones/seguimiento-de-leads/,editorial_to_money,Seguimiento de leads,P1,es
https://pixvo.tech/es/blog/por-que-necesitas-un-sitio-web-profesional-en-2025-y-como-conseguir-hosting-premium-con-descuento/,https://pixvo.tech/es/nosotros/,internal,Nosotros,P3,es
https://pixvo.tech/es/blog/por-que-necesitas-un-sitio-web-profesional-en-2025-y-como-conseguir-hosting-premium-con-descuento/,https://pixvo.tech/es/contacto/,internal,Contacto,P3,es
https://pixvo.tech/es/blog/por-que-necesitas-un-sitio-web-profesional-en-2025-y-como-conseguir-hosting-premium-con-descuento/,https://pixvo.tech/mx/,internal,México,P1,es
https://pixvo.tech/es/blog/por-que-necesitas-un-sitio-web-profesional-en-2025-y-como-conseguir-hosting-premium-con-descuento/,https://pixvo.tech/ar/,internal,Argentina,P1,es
https://pixvo.tech/es/blog/la-importancia-de-las-decisiones-y-resoluciones-eficientes-en-la-gestion-de-pequenas-y-medianas-empresas/,https://pixvo.tech/es/sistema-crecimiento-digital/,editorial_to_money,Sistema de crecimiento,P1,es
https://pixvo.tech/es/blog/la-importancia-de-las-decisiones-y-resoluciones-eficientes-en-la-gestion-de-pequenas-y-medianas-empresas/,https://pixvo.tech/es/soluciones/seo-para-pymes/,editorial_to_money,SEO para PyMEs,P1,es
https://pixvo.tech/es/blog/la-importancia-de-las-decisiones-y-resoluciones-eficientes-en-la-gestion-de-pequenas-y-medianas-empresas/,https://pixvo.tech/es/auditoria-crecimiento-digital/,editorial_to_money,Auditoría,P1,es
https://pixvo.tech/es/blog/la-importancia-de-las-decisiones-y-resoluciones-eficientes-en-la-gestion-de-pequenas-y-medianas-empresas/,https://pixvo.tech/es/planes/,conversion,Planes,P1,es
https://pixvo.tech/es/blog/la-importancia-de-las-decisiones-y-resoluciones-eficientes-en-la-gestion-de-pequenas-y-medianas-empresas/,https://pixvo.tech/es/casos-de-exito/,internal,Casos de éxito,P1,es
https://pixvo.tech/es/blog/la-importancia-de-las-decisiones-y-resoluciones-eficientes-en-la-gestion-de-pequenas-y-medianas-empresas/,https://pixvo.tech/es/recursos/,internal,Recursos,P2,es
https://pixvo.tech/es/blog/la-importancia-de-las-decisiones-y-resoluciones-eficientes-en-la-gestion-de-pequenas-y-medianas-empresas/,https://pixvo.tech/es/blog/,child_to_parent,Blog,P2,es
https://pixvo.tech/es/blog/la-importancia-de-las-decisiones-y-resoluciones-eficientes-en-la-gestion-de-pequenas-y-medianas-empresas/,https://pixvo.tech/es/solicitar-diagnostico/,conversion,Solicitar diagnóstico,P1,es
https://pixvo.tech/es/blog/la-importancia-de-las-decisiones-y-resoluciones-eficientes-en-la-gestion-de-pequenas-y-medianas-empresas/,https://pixvo.tech/,internal,Inicio,P1,es
https://pixvo.tech/es/blog/la-importancia-de-las-decisiones-y-resoluciones-eficientes-en-la-gestion-de-pequenas-y-medianas-empresas/,https://pixvo.tech/es/,internal,España,P1,es
https://pixvo.tech/es/blog/la-importancia-de-las-decisiones-y-resoluciones-eficientes-en-la-gestion-de-pequenas-y-medianas-empresas/,https://pixvo.tech/es/sistema-crecimiento-digital/,editorial_to_money,España,P1,es
https://pixvo.tech/es/blog/la-importancia-de-las-decisiones-y-resoluciones-eficientes-en-la-gestion-de-pequenas-y-medianas-empresas/,https://pixvo.tech/es/soluciones/automatizacion-de-procesos/,editorial_to_money,reducir tareas manuales con automatización,P1,es
https://pixvo.tech/es/blog/la-importancia-de-las-decisiones-y-resoluciones-eficientes-en-la-gestion-de-pequenas-y-medianas-empresas/,https://pixvo.tech/es/soluciones/analitica-digital/,editorial_to_money,medir qué acciones generan oportunidades,P2,es
https://pixvo.tech/es/blog/la-importancia-de-las-decisiones-y-resoluciones-eficientes-en-la-gestion-de-pequenas-y-medianas-empresas/,https://pixvo.tech/es/soluciones/automatizacion-de-procesos/,editorial_to_money,Automatización,P1,es
https://pixvo.tech/es/blog/la-importancia-de-las-decisiones-y-resoluciones-eficientes-en-la-gestion-de-pequenas-y-medianas-empresas/,https://pixvo.tech/es/soluciones/seguimiento-de-leads/,editorial_to_money,Seguimiento de leads,P1,es
https://pixvo.tech/es/blog/la-importancia-de-las-decisiones-y-resoluciones-eficientes-en-la-gestion-de-pequenas-y-medianas-empresas/,https://pixvo.tech/es/nosotros/,internal,Nosotros,P3,es
https://pixvo.tech/es/blog/la-importancia-de-las-decisiones-y-resoluciones-eficientes-en-la-gestion-de-pequenas-y-medianas-empresas/,https://pixvo.tech/es/contacto/,internal,Contacto,P3,es
https://pixvo.tech/es/blog/la-importancia-de-las-decisiones-y-resoluciones-eficientes-en-la-gestion-de-pequenas-y-medianas-empresas/,https://pixvo.tech/mx/,internal,México,P1,es
https://pixvo.tech/es/blog/la-importancia-de-las-decisiones-y-resoluciones-eficientes-en-la-gestion-de-pequenas-y-medianas-empresas/,https://pixvo.tech/ar/,internal,Argentina,P1,es
https://pixvo.tech/es/blog/crear-un-sitio-web-rapido-con-las-herramientas-de-ia-de-hostinger/,https://pixvo.tech/es/sistema-crecimiento-digital/,editorial_to_money,Sistema de crecimiento,P1,es
https://pixvo.tech/es/blog/crear-un-sitio-web-rapido-con-las-herramientas-de-ia-de-hostinger/,https://pixvo.tech/es/soluciones/seo-para-pymes/,editorial_to_money,SEO para PyMEs,P1,es
https://pixvo.tech/es/blog/crear-un-sitio-web-rapido-con-las-herramientas-de-ia-de-hostinger/,https://pixvo.tech/es/auditoria-crecimiento-digital/,editorial_to_money,Auditoría,P1,es
https://pixvo.tech/es/blog/crear-un-sitio-web-rapido-con-las-herramientas-de-ia-de-hostinger/,https://pixvo.tech/es/planes/,conversion,Planes,P1,es
https://pixvo.tech/es/blog/crear-un-sitio-web-rapido-con-las-herramientas-de-ia-de-hostinger/,https://pixvo.tech/es/casos-de-exito/,internal,Casos de éxito,P1,es
https://pixvo.tech/es/blog/crear-un-sitio-web-rapido-con-las-herramientas-de-ia-de-hostinger/,https://pixvo.tech/es/recursos/,internal,Recursos,P2,es
https://pixvo.tech/es/blog/crear-un-sitio-web-rapido-con-las-herramientas-de-ia-de-hostinger/,https://pixvo.tech/es/blog/,child_to_parent,Blog,P2,es
https://pixvo.tech/es/blog/crear-un-sitio-web-rapido-con-las-herramientas-de-ia-de-hostinger/,https://pixvo.tech/es/solicitar-diagnostico/,conversion,Solicitar diagnóstico,P1,es
https://pixvo.tech/es/blog/crear-un-sitio-web-rapido-con-las-herramientas-de-ia-de-hostinger/,https://pixvo.tech/,internal,Inicio,P1,es
https://pixvo.tech/es/blog/crear-un-sitio-web-rapido-con-las-herramientas-de-ia-de-hostinger/,https://pixvo.tech/es/,internal,España,P1,es
https://pixvo.tech/es/blog/crear-un-sitio-web-rapido-con-las-herramientas-de-ia-de-hostinger/,https://pixvo.tech/es/soluciones/optimizacion-wordpress/,editorial_to_money,España,P2,es
https://pixvo.tech/es/blog/crear-un-sitio-web-rapido-con-las-herramientas-de-ia-de-hostinger/,https://pixvo.tech/es/soluciones/seo-para-pymes/,editorial_to_money,convertir esta idea en una estrategia SEO para PyMEs,P1,es
https://pixvo.tech/es/blog/crear-un-sitio-web-rapido-con-las-herramientas-de-ia-de-hostinger/,https://pixvo.tech/es/soluciones/optimizacion-de-conversion/,editorial_to_money,mejorar la conversión de tu web,P2,es
https://pixvo.tech/es/blog/crear-un-sitio-web-rapido-con-las-herramientas-de-ia-de-hostinger/,https://pixvo.tech/es/soluciones/automatizacion-de-procesos/,editorial_to_money,Automatización,P1,es
https://pixvo.tech/es/blog/crear-un-sitio-web-rapido-con-las-herramientas-de-ia-de-hostinger/,https://pixvo.tech/es/soluciones/seguimiento-de-leads/,editorial_to_money,Seguimiento de leads,P1,es
https://pixvo.tech/es/blog/crear-un-sitio-web-rapido-con-las-herramientas-de-ia-de-hostinger/,https://pixvo.tech/es/nosotros/,internal,Nosotros,P3,es
https://pixvo.tech/es/blog/crear-un-sitio-web-rapido-con-las-herramientas-de-ia-de-hostinger/,https://pixvo.tech/es/contacto/,internal,Contacto,P3,es
https://pixvo.tech/es/blog/crear-un-sitio-web-rapido-con-las-herramientas-de-ia-de-hostinger/,https://pixvo.tech/mx/,internal,México,P1,es
https://pixvo.tech/es/blog/crear-un-sitio-web-rapido-con-las-herramientas-de-ia-de-hostinger/,https://pixvo.tech/ar/,internal,Argentina,P1,es
https://pixvo.tech/es/blog/la-ia-esta-matando-la-creatividad/,https://pixvo.tech/es/sistema-crecimiento-digital/,editorial_to_money,Sistema de crecimiento,P1,es
https://pixvo.tech/es/blog/la-ia-esta-matando-la-creatividad/,https://pixvo.tech/es/soluciones/seo-para-pymes/,editorial_to_money,SEO para PyMEs,P1,es
https://pixvo.tech/es/blog/la-ia-esta-matando-la-creatividad/,https://pixvo.tech/es/auditoria-crecimiento-digital/,editorial_to_money,Auditoría,P1,es
https://pixvo.tech/es/blog/la-ia-esta-matando-la-creatividad/,https://pixvo.tech/es/planes/,conversion,Planes,P1,es
https://pixvo.tech/es/blog/la-ia-esta-matando-la-creatividad/,https://pixvo.tech/es/casos-de-exito/,internal,Casos de éxito,P1,es
https://pixvo.tech/es/blog/la-ia-esta-matando-la-creatividad/,https://pixvo.tech/es/recursos/,internal,Recursos,P2,es
https://pixvo.tech/es/blog/la-ia-esta-matando-la-creatividad/,https://pixvo.tech/es/blog/,child_to_parent,Blog,P2,es
https://pixvo.tech/es/blog/la-ia-esta-matando-la-creatividad/,https://pixvo.tech/es/solicitar-diagnostico/,conversion,Solicitar diagnóstico,P1,es
https://pixvo.tech/es/blog/la-ia-esta-matando-la-creatividad/,https://pixvo.tech/,internal,Inicio,P1,es
https://pixvo.tech/es/blog/la-ia-esta-matando-la-creatividad/,https://pixvo.tech/es/,internal,España,P1,es
https://pixvo.tech/es/blog/la-ia-esta-matando-la-creatividad/,https://pixvo.tech/es/soluciones/contenido-seo/,editorial_to_money,España,P2,es
https://pixvo.tech/es/blog/la-ia-esta-matando-la-creatividad/,https://pixvo.tech/es/soluciones/seo-para-pymes/,editorial_to_money,convertir esta idea en una estrategia SEO para PyMEs,P1,es
https://pixvo.tech/es/blog/la-ia-esta-matando-la-creatividad/,https://pixvo.tech/es/soluciones/automatizacion-de-procesos/,editorial_to_money,Automatización,P1,es
https://pixvo.tech/es/blog/la-ia-esta-matando-la-creatividad/,https://pixvo.tech/es/soluciones/seguimiento-de-leads/,editorial_to_money,Seguimiento de leads,P1,es
https://pixvo.tech/es/blog/la-ia-esta-matando-la-creatividad/,https://pixvo.tech/es/nosotros/,internal,Nosotros,P3,es
https://pixvo.tech/es/blog/la-ia-esta-matando-la-creatividad/,https://pixvo.tech/es/contacto/,internal,Contacto,P3,es
https://pixvo.tech/es/blog/la-ia-esta-matando-la-creatividad/,https://pixvo.tech/mx/,internal,México,P1,es
https://pixvo.tech/es/blog/la-ia-esta-matando-la-creatividad/,https://pixvo.tech/ar/,internal,Argentina,P1,es
https://pixvo.tech/es/blog/redactar-sin-ia-reduce-productividad-evidencia-limites-y-como-implementarlo-en-marketing/,https://pixvo.tech/es/sistema-crecimiento-digital/,editorial_to_money,Sistema de crecimiento,P1,es
https://pixvo.tech/es/blog/redactar-sin-ia-reduce-productividad-evidencia-limites-y-como-implementarlo-en-marketing/,https://pixvo.tech/es/soluciones/seo-para-pymes/,editorial_to_money,SEO para PyMEs,P1,es
https://pixvo.tech/es/blog/redactar-sin-ia-reduce-productividad-evidencia-limites-y-como-implementarlo-en-marketing/,https://pixvo.tech/es/auditoria-crecimiento-digital/,editorial_to_money,Auditoría,P1,es
https://pixvo.tech/es/blog/redactar-sin-ia-reduce-productividad-evidencia-limites-y-como-implementarlo-en-marketing/,https://pixvo.tech/es/planes/,conversion,Planes,P1,es
https://pixvo.tech/es/blog/redactar-sin-ia-reduce-productividad-evidencia-limites-y-como-implementarlo-en-marketing/,https://pixvo.tech/es/casos-de-exito/,internal,Casos de éxito,P1,es
https://pixvo.tech/es/blog/redactar-sin-ia-reduce-productividad-evidencia-limites-y-como-implementarlo-en-marketing/,https://pixvo.tech/es/recursos/,internal,Recursos,P2,es
https://pixvo.tech/es/blog/redactar-sin-ia-reduce-productividad-evidencia-limites-y-como-implementarlo-en-marketing/,https://pixvo.tech/es/blog/,child_to_parent,Blog,P2,es
https://pixvo.tech/es/blog/redactar-sin-ia-reduce-productividad-evidencia-limites-y-como-implementarlo-en-marketing/,https://pixvo.tech/es/solicitar-diagnostico/,conversion,Solicitar diagnóstico,P1,es
https://pixvo.tech/es/blog/redactar-sin-ia-reduce-productividad-evidencia-limites-y-como-implementarlo-en-marketing/,https://pixvo.tech/,internal,Inicio,P1,es
https://pixvo.tech/es/blog/redactar-sin-ia-reduce-productividad-evidencia-limites-y-como-implementarlo-en-marketing/,https://pixvo.tech/es/,internal,España,P1,es
https://pixvo.tech/es/blog/redactar-sin-ia-reduce-productividad-evidencia-limites-y-como-implementarlo-en-marketing/,https://pixvo.tech/es/soluciones/contenido-seo/,editorial_to_money,España,P2,es
https://pixvo.tech/es/blog/redactar-sin-ia-reduce-productividad-evidencia-limites-y-como-implementarlo-en-marketing/,https://pixvo.tech/es/soluciones/automatizacion-de-marketing/,editorial_to_money,organizar captación y comunicaciones automatizadas,P2,es
https://pixvo.tech/es/blog/redactar-sin-ia-reduce-productividad-evidencia-limites-y-como-implementarlo-en-marketing/,https://pixvo.tech/es/soluciones/seo-para-pymes/,editorial_to_money,convertir esta idea en una estrategia SEO para PyMEs,P1,es
https://pixvo.tech/es/blog/redactar-sin-ia-reduce-productividad-evidencia-limites-y-como-implementarlo-en-marketing/,https://pixvo.tech/es/soluciones/automatizacion-de-procesos/,editorial_to_money,Automatización,P1,es
https://pixvo.tech/es/blog/redactar-sin-ia-reduce-productividad-evidencia-limites-y-como-implementarlo-en-marketing/,https://pixvo.tech/es/soluciones/seguimiento-de-leads/,editorial_to_money,Seguimiento de leads,P1,es
https://pixvo.tech/es/blog/redactar-sin-ia-reduce-productividad-evidencia-limites-y-como-implementarlo-en-marketing/,https://pixvo.tech/es/nosotros/,internal,Nosotros,P3,es
https://pixvo.tech/es/blog/redactar-sin-ia-reduce-productividad-evidencia-limites-y-como-implementarlo-en-marketing/,https://pixvo.tech/es/contacto/,internal,Contacto,P3,es
https://pixvo.tech/es/blog/redactar-sin-ia-reduce-productividad-evidencia-limites-y-como-implementarlo-en-marketing/,https://pixvo.tech/mx/,internal,México,P1,es
https://pixvo.tech/es/blog/redactar-sin-ia-reduce-productividad-evidencia-limites-y-como-implementarlo-en-marketing/,https://pixvo.tech/ar/,internal,Argentina,P1,es
https://pixvo.tech/es/blog/caso-de-exito-microcuotas-y-como-google-ads-desarrollo-a-medida-le-cambiaron-el-juego/,https://pixvo.tech/es/sistema-crecimiento-digital/,editorial_to_money,Sistema de crecimiento,P1,es
https://pixvo.tech/es/blog/caso-de-exito-microcuotas-y-como-google-ads-desarrollo-a-medida-le-cambiaron-el-juego/,https://pixvo.tech/es/soluciones/seo-para-pymes/,editorial_to_money,SEO para PyMEs,P1,es
https://pixvo.tech/es/blog/caso-de-exito-microcuotas-y-como-google-ads-desarrollo-a-medida-le-cambiaron-el-juego/,https://pixvo.tech/es/auditoria-crecimiento-digital/,editorial_to_money,Auditoría,P1,es
https://pixvo.tech/es/blog/caso-de-exito-microcuotas-y-como-google-ads-desarrollo-a-medida-le-cambiaron-el-juego/,https://pixvo.tech/es/planes/,conversion,Planes,P1,es
https://pixvo.tech/es/blog/caso-de-exito-microcuotas-y-como-google-ads-desarrollo-a-medida-le-cambiaron-el-juego/,https://pixvo.tech/es/casos-de-exito/,internal,Casos de éxito,P1,es
https://pixvo.tech/es/blog/caso-de-exito-microcuotas-y-como-google-ads-desarrollo-a-medida-le-cambiaron-el-juego/,https://pixvo.tech/es/recursos/,internal,Recursos,P2,es
https://pixvo.tech/es/blog/caso-de-exito-microcuotas-y-como-google-ads-desarrollo-a-medida-le-cambiaron-el-juego/,https://pixvo.tech/es/blog/,child_to_parent,Blog,P2,es
https://pixvo.tech/es/blog/caso-de-exito-microcuotas-y-como-google-ads-desarrollo-a-medida-le-cambiaron-el-juego/,https://pixvo.tech/es/solicitar-diagnostico/,conversion,Solicitar diagnóstico,P1,es
https://pixvo.tech/es/blog/caso-de-exito-microcuotas-y-como-google-ads-desarrollo-a-medida-le-cambiaron-el-juego/,https://pixvo.tech/,internal,Inicio,P1,es
https://pixvo.tech/es/blog/caso-de-exito-microcuotas-y-como-google-ads-desarrollo-a-medida-le-cambiaron-el-juego/,https://pixvo.tech/es/,internal,España,P1,es
https://pixvo.tech/es/blog/caso-de-exito-microcuotas-y-como-google-ads-desarrollo-a-medida-le-cambiaron-el-juego/,https://pixvo.tech/es/casos-de-exito/microcuotas/,internal,Ver el caso principal con su evidencia y limitaciones,P1,es
https://pixvo.tech/es/blog/caso-de-exito-microcuotas-y-como-google-ads-desarrollo-a-medida-le-cambiaron-el-juego/,https://pixvo.tech/es/soluciones/automatizacion-de-procesos/,editorial_to_money,España,P1,es
https://pixvo.tech/es/blog/caso-de-exito-microcuotas-y-como-google-ads-desarrollo-a-medida-le-cambiaron-el-juego/,https://pixvo.tech/es/soluciones/seguimiento-de-leads/,editorial_to_money,automatizar el seguimiento de tus leads,P1,es
https://pixvo.tech/es/blog/caso-de-exito-microcuotas-y-como-google-ads-desarrollo-a-medida-le-cambiaron-el-juego/,https://pixvo.tech/es/soluciones/analitica-digital/,editorial_to_money,medir qué acciones generan oportunidades,P2,es
https://pixvo.tech/es/blog/caso-de-exito-microcuotas-y-como-google-ads-desarrollo-a-medida-le-cambiaron-el-juego/,https://pixvo.tech/es/auditoria-crecimiento-digital/,editorial_to_money,auditar el proceso de captación y conversión,P1,es
https://pixvo.tech/es/blog/caso-de-exito-microcuotas-y-como-google-ads-desarrollo-a-medida-le-cambiaron-el-juego/,https://pixvo.tech/es/soluciones/automatizacion-de-procesos/,editorial_to_money,Automatización,P1,es
https://pixvo.tech/es/blog/caso-de-exito-microcuotas-y-como-google-ads-desarrollo-a-medida-le-cambiaron-el-juego/,https://pixvo.tech/es/soluciones/seguimiento-de-leads/,editorial_to_money,Seguimiento de leads,P1,es
https://pixvo.tech/es/blog/caso-de-exito-microcuotas-y-como-google-ads-desarrollo-a-medida-le-cambiaron-el-juego/,https://pixvo.tech/es/nosotros/,internal,Nosotros,P3,es
https://pixvo.tech/es/blog/caso-de-exito-microcuotas-y-como-google-ads-desarrollo-a-medida-le-cambiaron-el-juego/,https://pixvo.tech/es/contacto/,internal,Contacto,P3,es
https://pixvo.tech/es/blog/caso-de-exito-microcuotas-y-como-google-ads-desarrollo-a-medida-le-cambiaron-el-juego/,https://pixvo.tech/mx/,internal,México,P1,es
https://pixvo.tech/es/blog/caso-de-exito-microcuotas-y-como-google-ads-desarrollo-a-medida-le-cambiaron-el-juego/,https://pixvo.tech/ar/,internal,Argentina,P1,es
https://pixvo.tech/blog/,https://pixvo.tech/,child_to_parent,Pixvo,P1,global
https://pixvo.tech/blog/,https://pixvo.tech/blog/,internal,Blog,P3,global
https://pixvo.tech/blog/,https://pixvo.tech/mx/,internal,México,P1,global
https://pixvo.tech/blog/,https://pixvo.tech/ar/,internal,Argentina,P1,global
https://pixvo.tech/blog/,https://pixvo.tech/es/,internal,España,P1,global
https://pixvo.tech/blog/,https://pixvo.tech/,child_to_parent,Inicio,P1,global
https://pixvo.tech/blog/,https://pixvo.tech/blog/ataque-real-en-npm-como-el-compromiso-de-axios-expuso-miles-de-entornos-sin-que-nadie-lo-notara/,parent_to_child,Ataque real en NPM: cómo el compromiso de Axios expuso miles de entornos sin que nadie lo notara,P2,global
https://pixvo.tech/blog/,https://pixvo.tech/blog/matriz-objetivo-icp-canal-lead-magnet-pagina-evento-de-conversion-metricas/,parent_to_child,Matriz Objetivo / ICP / Canal / Lead Magnet / Página / Evento de Conversión / Métricas,P3,global
https://pixvo.tech/blog/,https://pixvo.tech/blog/por-que-un-sitio-wordpress-no-puede-quedar-librado-a-la-suerte-y-como-evitar-dolores-de-cabeza-despues/,parent_to_child,Por qué un sitio WordPress no puede quedar librado a la suerte (y cómo evitar dolores de cabeza después),P3,global
https://pixvo.tech/blog/,https://pixvo.tech/blog/como-una-buena-automatizacion-puede-cambiar-por-completo-el-flujo-de-trabajo-de-tu-empresa/,parent_to_child,Cómo una buena automatización puede cambiar por completo el flujo de trabajo de tu empresa,P3,global
https://pixvo.tech/blog/,https://pixvo.tech/blog/por-que-geeksy-shop-es-hoy-una-de-las-mejores-fuentes-para-comprar-productos-del-fandom-y-como-aprovecharlo-desde-pixvo-tech/,parent_to_child,Por qué Geeksy.shop es hoy una de las mejores fuentes para comprar productos del fandom,P3,global
https://pixvo.tech/blog/,https://pixvo.tech/blog/black-friday-y-cyber-week-el-momento-del-ano-donde-tu-negocio-no-puede-improvisar/,parent_to_child,Black Friday y Cyber Week: el momento del año donde tu negocio no puede improvisar,P3,global
https://pixvo.tech/blog/,https://pixvo.tech/blog/el-mal-uso-de-la-ia-y-sus-consecuencias-reales-el-ejemplo-critico-de-los-libros-de-foraging-en-amazon/,parent_to_child,El mal uso de la IA y sus consecuencias reales: el ejemplo crítico de los libros de foraging en Amazon,P3,global
https://pixvo.tech/blog/,https://pixvo.tech/blog/por-que-necesitas-un-sitio-web-profesional-en-2025-y-como-conseguir-hosting-premium-con-descuento/,parent_to_child,Por qué necesitás un sitio web profesional en 2025 (y cómo conseguir hosting premium con descuento),P3,global
https://pixvo.tech/blog/,https://pixvo.tech/blog/la-importancia-de-las-decisiones-y-resoluciones-eficientes-en-la-gestion-de-pequenas-y-medianas-empresas/,parent_to_child,La importancia de las decisiones y resoluciones eficientes en la gestión de pequeñas y medianas empresas,P3,global
https://pixvo.tech/blog/,https://pixvo.tech/blog/crear-un-sitio-web-rapido-con-las-herramientas-de-ia-de-hostinger/,parent_to_child,Crear un sitio web rápido con las herramientas de IA de Hostinger,P3,global
https://pixvo.tech/blog/,https://pixvo.tech/blog/la-ia-esta-matando-la-creatividad/,parent_to_child,La IA está matando la creatividad,P3,global
https://pixvo.tech/blog/,https://pixvo.tech/blog/redactar-sin-ia-reduce-productividad-evidencia-limites-y-como-implementarlo-en-marketing/,parent_to_child,"Redactar sin IA reduce productividad: evidencia, límites y cómo implementarlo en marketing",P3,global
https://pixvo.tech/blog/,https://pixvo.tech/blog/caso-de-exito-microcuotas-y-como-google-ads-desarrollo-a-medida-le-cambiaron-el-juego/,parent_to_child,"Google Ads, validación y Clientify: arquitectura del funnel de Microcuotas",P3,global
https://pixvo.tech/blog/ataque-real-en-npm-como-el-compromiso-de-axios-expuso-miles-de-entornos-sin-que-nadie-lo-notara/,https://pixvo.tech/,internal,Pixvo,P1,global
https://pixvo.tech/blog/ataque-real-en-npm-como-el-compromiso-de-axios-expuso-miles-de-entornos-sin-que-nadie-lo-notara/,https://pixvo.tech/blog/,child_to_parent,Blog,P3,global
https://pixvo.tech/blog/ataque-real-en-npm-como-el-compromiso-de-axios-expuso-miles-de-entornos-sin-que-nadie-lo-notara/,https://pixvo.tech/mx/,internal,México,P1,global
https://pixvo.tech/blog/ataque-real-en-npm-como-el-compromiso-de-axios-expuso-miles-de-entornos-sin-que-nadie-lo-notara/,https://pixvo.tech/ar/,internal,Argentina,P1,global
https://pixvo.tech/blog/ataque-real-en-npm-como-el-compromiso-de-axios-expuso-miles-de-entornos-sin-que-nadie-lo-notara/,https://pixvo.tech/es/,internal,España,P1,global
https://pixvo.tech/blog/ataque-real-en-npm-como-el-compromiso-de-axios-expuso-miles-de-entornos-sin-que-nadie-lo-notara/,https://pixvo.tech/,internal,Inicio,P1,global
https://pixvo.tech/blog/ataque-real-en-npm-como-el-compromiso-de-axios-expuso-miles-de-entornos-sin-que-nadie-lo-notara/,https://pixvo.tech/mx/sistema-crecimiento-digital/,editorial_to_money,México,P1,global
https://pixvo.tech/blog/ataque-real-en-npm-como-el-compromiso-de-axios-expuso-miles-de-entornos-sin-que-nadie-lo-notara/,https://pixvo.tech/ar/sistema-crecimiento-digital/,editorial_to_money,Argentina,P1,global
https://pixvo.tech/blog/ataque-real-en-npm-como-el-compromiso-de-axios-expuso-miles-de-entornos-sin-que-nadie-lo-notara/,https://pixvo.tech/es/sistema-crecimiento-digital/,editorial_to_money,España,P1,global
https://pixvo.tech/blog/ataque-real-en-npm-como-el-compromiso-de-axios-expuso-miles-de-entornos-sin-que-nadie-lo-notara/,https://pixvo.tech/mx/soluciones/optimizacion-wordpress/,editorial_to_money,mejorar rendimiento y estabilidad en WordPress en México,P2,global
https://pixvo.tech/blog/ataque-real-en-npm-como-el-compromiso-de-axios-expuso-miles-de-entornos-sin-que-nadie-lo-notara/,https://pixvo.tech/ar/soluciones/optimizacion-wordpress/,editorial_to_money,mejorar rendimiento y estabilidad en WordPress en Argentina,P2,global
https://pixvo.tech/blog/ataque-real-en-npm-como-el-compromiso-de-axios-expuso-miles-de-entornos-sin-que-nadie-lo-notara/,https://pixvo.tech/es/soluciones/optimizacion-wordpress/,editorial_to_money,mejorar rendimiento y estabilidad en WordPress en España,P2,global
https://pixvo.tech/blog/matriz-objetivo-icp-canal-lead-magnet-pagina-evento-de-conversion-metricas/,https://pixvo.tech/,internal,Pixvo,P1,global
https://pixvo.tech/blog/matriz-objetivo-icp-canal-lead-magnet-pagina-evento-de-conversion-metricas/,https://pixvo.tech/blog/,child_to_parent,Blog,P3,global
https://pixvo.tech/blog/matriz-objetivo-icp-canal-lead-magnet-pagina-evento-de-conversion-metricas/,https://pixvo.tech/mx/,internal,México,P1,global
https://pixvo.tech/blog/matriz-objetivo-icp-canal-lead-magnet-pagina-evento-de-conversion-metricas/,https://pixvo.tech/ar/,internal,Argentina,P1,global
https://pixvo.tech/blog/matriz-objetivo-icp-canal-lead-magnet-pagina-evento-de-conversion-metricas/,https://pixvo.tech/es/,internal,España,P1,global
https://pixvo.tech/blog/matriz-objetivo-icp-canal-lead-magnet-pagina-evento-de-conversion-metricas/,https://pixvo.tech/,internal,Inicio,P1,global
https://pixvo.tech/blog/matriz-objetivo-icp-canal-lead-magnet-pagina-evento-de-conversion-metricas/,https://pixvo.tech/mx/soluciones/analitica-digital/,editorial_to_money,México,P2,global
https://pixvo.tech/blog/matriz-objetivo-icp-canal-lead-magnet-pagina-evento-de-conversion-metricas/,https://pixvo.tech/ar/soluciones/analitica-digital/,editorial_to_money,Argentina,P2,global
https://pixvo.tech/blog/matriz-objetivo-icp-canal-lead-magnet-pagina-evento-de-conversion-metricas/,https://pixvo.tech/es/soluciones/analitica-digital/,editorial_to_money,España,P2,global
https://pixvo.tech/blog/matriz-objetivo-icp-canal-lead-magnet-pagina-evento-de-conversion-metricas/,https://pixvo.tech/mx/soluciones/optimizacion-de-conversion/,editorial_to_money,mejorar la conversión de tu web en México,P2,global
https://pixvo.tech/blog/matriz-objetivo-icp-canal-lead-magnet-pagina-evento-de-conversion-metricas/,https://pixvo.tech/ar/soluciones/optimizacion-de-conversion/,editorial_to_money,mejorar la conversión de tu web en Argentina,P2,global
https://pixvo.tech/blog/matriz-objetivo-icp-canal-lead-magnet-pagina-evento-de-conversion-metricas/,https://pixvo.tech/es/soluciones/optimizacion-de-conversion/,editorial_to_money,mejorar la conversión de tu web en España,P2,global
https://pixvo.tech/blog/matriz-objetivo-icp-canal-lead-magnet-pagina-evento-de-conversion-metricas/,https://pixvo.tech/mx/soluciones/seguimiento-de-leads/,editorial_to_money,automatizar el seguimiento de tus leads en México,P1,global
https://pixvo.tech/blog/matriz-objetivo-icp-canal-lead-magnet-pagina-evento-de-conversion-metricas/,https://pixvo.tech/ar/soluciones/seguimiento-de-leads/,editorial_to_money,automatizar el seguimiento de tus leads en Argentina,P1,global
https://pixvo.tech/blog/matriz-objetivo-icp-canal-lead-magnet-pagina-evento-de-conversion-metricas/,https://pixvo.tech/es/soluciones/seguimiento-de-leads/,editorial_to_money,automatizar el seguimiento de tus leads en España,P1,global
https://pixvo.tech/blog/por-que-un-sitio-wordpress-no-puede-quedar-librado-a-la-suerte-y-como-evitar-dolores-de-cabeza-despues/,https://pixvo.tech/,internal,Pixvo,P1,global
https://pixvo.tech/blog/por-que-un-sitio-wordpress-no-puede-quedar-librado-a-la-suerte-y-como-evitar-dolores-de-cabeza-despues/,https://pixvo.tech/blog/,child_to_parent,Blog,P3,global
https://pixvo.tech/blog/por-que-un-sitio-wordpress-no-puede-quedar-librado-a-la-suerte-y-como-evitar-dolores-de-cabeza-despues/,https://pixvo.tech/mx/,internal,México,P1,global
https://pixvo.tech/blog/por-que-un-sitio-wordpress-no-puede-quedar-librado-a-la-suerte-y-como-evitar-dolores-de-cabeza-despues/,https://pixvo.tech/ar/,internal,Argentina,P1,global
https://pixvo.tech/blog/por-que-un-sitio-wordpress-no-puede-quedar-librado-a-la-suerte-y-como-evitar-dolores-de-cabeza-despues/,https://pixvo.tech/es/,internal,España,P1,global
https://pixvo.tech/blog/por-que-un-sitio-wordpress-no-puede-quedar-librado-a-la-suerte-y-como-evitar-dolores-de-cabeza-despues/,https://pixvo.tech/,internal,Inicio,P1,global
https://pixvo.tech/blog/por-que-un-sitio-wordpress-no-puede-quedar-librado-a-la-suerte-y-como-evitar-dolores-de-cabeza-despues/,https://pixvo.tech/mx/soluciones/optimizacion-wordpress/,editorial_to_money,México,P2,global
https://pixvo.tech/blog/por-que-un-sitio-wordpress-no-puede-quedar-librado-a-la-suerte-y-como-evitar-dolores-de-cabeza-despues/,https://pixvo.tech/ar/soluciones/optimizacion-wordpress/,editorial_to_money,Argentina,P2,global
https://pixvo.tech/blog/por-que-un-sitio-wordpress-no-puede-quedar-librado-a-la-suerte-y-como-evitar-dolores-de-cabeza-despues/,https://pixvo.tech/es/soluciones/optimizacion-wordpress/,editorial_to_money,España,P2,global
https://pixvo.tech/blog/por-que-un-sitio-wordpress-no-puede-quedar-librado-a-la-suerte-y-como-evitar-dolores-de-cabeza-despues/,https://pixvo.tech/mx/soluciones/seo-wordpress/,editorial_to_money,mejorar el rastreo y la indexación de WordPress en México,P2,global
https://pixvo.tech/blog/por-que-un-sitio-wordpress-no-puede-quedar-librado-a-la-suerte-y-como-evitar-dolores-de-cabeza-despues/,https://pixvo.tech/ar/soluciones/seo-wordpress/,editorial_to_money,mejorar el rastreo y la indexación de WordPress en Argentina,P2,global
https://pixvo.tech/blog/por-que-un-sitio-wordpress-no-puede-quedar-librado-a-la-suerte-y-como-evitar-dolores-de-cabeza-despues/,https://pixvo.tech/es/soluciones/seo-wordpress/,editorial_to_money,mejorar el rastreo y la indexación de WordPress en España,P2,global
https://pixvo.tech/blog/por-que-un-sitio-wordpress-no-puede-quedar-librado-a-la-suerte-y-como-evitar-dolores-de-cabeza-despues/,https://pixvo.tech/mx/auditoria-crecimiento-digital/,editorial_to_money,auditar el proceso de captación y conversión en México,P1,global
https://pixvo.tech/blog/por-que-un-sitio-wordpress-no-puede-quedar-librado-a-la-suerte-y-como-evitar-dolores-de-cabeza-despues/,https://pixvo.tech/ar/auditoria-crecimiento-digital/,editorial_to_money,auditar el proceso de captación y conversión en Argentina,P1,global
https://pixvo.tech/blog/por-que-un-sitio-wordpress-no-puede-quedar-librado-a-la-suerte-y-como-evitar-dolores-de-cabeza-despues/,https://pixvo.tech/es/auditoria-crecimiento-digital/,editorial_to_money,auditar el proceso de captación y conversión en España,P1,global
https://pixvo.tech/blog/por-que-un-sitio-wordpress-no-puede-quedar-librado-a-la-suerte-y-como-evitar-dolores-de-cabeza-despues/,https://pixvo.tech/proyectos/shortcodes-en-pestanas/,internal,"Ver el proyecto técnico relacionado, separado de los casos de éxito",P3,global
https://pixvo.tech/blog/como-una-buena-automatizacion-puede-cambiar-por-completo-el-flujo-de-trabajo-de-tu-empresa/,https://pixvo.tech/,internal,Pixvo,P1,global
https://pixvo.tech/blog/como-una-buena-automatizacion-puede-cambiar-por-completo-el-flujo-de-trabajo-de-tu-empresa/,https://pixvo.tech/blog/,child_to_parent,Blog,P3,global
https://pixvo.tech/blog/como-una-buena-automatizacion-puede-cambiar-por-completo-el-flujo-de-trabajo-de-tu-empresa/,https://pixvo.tech/mx/,internal,México,P1,global
https://pixvo.tech/blog/como-una-buena-automatizacion-puede-cambiar-por-completo-el-flujo-de-trabajo-de-tu-empresa/,https://pixvo.tech/ar/,internal,Argentina,P1,global
https://pixvo.tech/blog/como-una-buena-automatizacion-puede-cambiar-por-completo-el-flujo-de-trabajo-de-tu-empresa/,https://pixvo.tech/es/,internal,España,P1,global
https://pixvo.tech/blog/como-una-buena-automatizacion-puede-cambiar-por-completo-el-flujo-de-trabajo-de-tu-empresa/,https://pixvo.tech/,internal,Inicio,P1,global
https://pixvo.tech/blog/como-una-buena-automatizacion-puede-cambiar-por-completo-el-flujo-de-trabajo-de-tu-empresa/,https://pixvo.tech/mx/soluciones/automatizacion-de-procesos/,editorial_to_money,México,P1,global
https://pixvo.tech/blog/como-una-buena-automatizacion-puede-cambiar-por-completo-el-flujo-de-trabajo-de-tu-empresa/,https://pixvo.tech/ar/soluciones/automatizacion-de-procesos/,editorial_to_money,Argentina,P1,global
https://pixvo.tech/blog/como-una-buena-automatizacion-puede-cambiar-por-completo-el-flujo-de-trabajo-de-tu-empresa/,https://pixvo.tech/es/soluciones/automatizacion-de-procesos/,editorial_to_money,España,P1,global
https://pixvo.tech/blog/como-una-buena-automatizacion-puede-cambiar-por-completo-el-flujo-de-trabajo-de-tu-empresa/,https://pixvo.tech/mx/soluciones/seguimiento-de-leads/,editorial_to_money,automatizar el seguimiento de tus leads en México,P1,global
https://pixvo.tech/blog/como-una-buena-automatizacion-puede-cambiar-por-completo-el-flujo-de-trabajo-de-tu-empresa/,https://pixvo.tech/ar/soluciones/seguimiento-de-leads/,editorial_to_money,automatizar el seguimiento de tus leads en Argentina,P1,global
https://pixvo.tech/blog/como-una-buena-automatizacion-puede-cambiar-por-completo-el-flujo-de-trabajo-de-tu-empresa/,https://pixvo.tech/es/soluciones/seguimiento-de-leads/,editorial_to_money,automatizar el seguimiento de tus leads en España,P1,global
https://pixvo.tech/blog/como-una-buena-automatizacion-puede-cambiar-por-completo-el-flujo-de-trabajo-de-tu-empresa/,https://pixvo.tech/mx/soluciones/analitica-digital/,editorial_to_money,medir qué acciones generan oportunidades en México,P2,global
https://pixvo.tech/blog/como-una-buena-automatizacion-puede-cambiar-por-completo-el-flujo-de-trabajo-de-tu-empresa/,https://pixvo.tech/ar/soluciones/analitica-digital/,editorial_to_money,medir qué acciones generan oportunidades en Argentina,P2,global
https://pixvo.tech/blog/como-una-buena-automatizacion-puede-cambiar-por-completo-el-flujo-de-trabajo-de-tu-empresa/,https://pixvo.tech/es/soluciones/analitica-digital/,editorial_to_money,medir qué acciones generan oportunidades en España,P2,global
https://pixvo.tech/blog/por-que-geeksy-shop-es-hoy-una-de-las-mejores-fuentes-para-comprar-productos-del-fandom-y-como-aprovecharlo-desde-pixvo-tech/,https://pixvo.tech/,internal,Pixvo,P1,global
https://pixvo.tech/blog/por-que-geeksy-shop-es-hoy-una-de-las-mejores-fuentes-para-comprar-productos-del-fandom-y-como-aprovecharlo-desde-pixvo-tech/,https://pixvo.tech/blog/,child_to_parent,Blog,P3,global
https://pixvo.tech/blog/por-que-geeksy-shop-es-hoy-una-de-las-mejores-fuentes-para-comprar-productos-del-fandom-y-como-aprovecharlo-desde-pixvo-tech/,https://pixvo.tech/mx/,internal,México,P1,global
https://pixvo.tech/blog/por-que-geeksy-shop-es-hoy-una-de-las-mejores-fuentes-para-comprar-productos-del-fandom-y-como-aprovecharlo-desde-pixvo-tech/,https://pixvo.tech/ar/,internal,Argentina,P1,global
https://pixvo.tech/blog/por-que-geeksy-shop-es-hoy-una-de-las-mejores-fuentes-para-comprar-productos-del-fandom-y-como-aprovecharlo-desde-pixvo-tech/,https://pixvo.tech/es/,internal,España,P1,global
https://pixvo.tech/blog/por-que-geeksy-shop-es-hoy-una-de-las-mejores-fuentes-para-comprar-productos-del-fandom-y-como-aprovecharlo-desde-pixvo-tech/,https://pixvo.tech/,internal,Inicio,P1,global
https://pixvo.tech/blog/por-que-geeksy-shop-es-hoy-una-de-las-mejores-fuentes-para-comprar-productos-del-fandom-y-como-aprovecharlo-desde-pixvo-tech/,https://pixvo.tech/mx/soluciones/seo-para-pymes/,editorial_to_money,México,P1,global
https://pixvo.tech/blog/por-que-geeksy-shop-es-hoy-una-de-las-mejores-fuentes-para-comprar-productos-del-fandom-y-como-aprovecharlo-desde-pixvo-tech/,https://pixvo.tech/ar/soluciones/seo-para-pymes/,editorial_to_money,Argentina,P1,global
https://pixvo.tech/blog/por-que-geeksy-shop-es-hoy-una-de-las-mejores-fuentes-para-comprar-productos-del-fandom-y-como-aprovecharlo-desde-pixvo-tech/,https://pixvo.tech/es/soluciones/seo-para-pymes/,editorial_to_money,España,P1,global
https://pixvo.tech/blog/por-que-geeksy-shop-es-hoy-una-de-las-mejores-fuentes-para-comprar-productos-del-fandom-y-como-aprovecharlo-desde-pixvo-tech/,https://pixvo.tech/mx/soluciones/contenido-seo/,editorial_to_money,conectar el contenido con intención comercial en México,P2,global
https://pixvo.tech/blog/por-que-geeksy-shop-es-hoy-una-de-las-mejores-fuentes-para-comprar-productos-del-fandom-y-como-aprovecharlo-desde-pixvo-tech/,https://pixvo.tech/ar/soluciones/contenido-seo/,editorial_to_money,conectar el contenido con intención comercial en Argentina,P2,global
https://pixvo.tech/blog/por-que-geeksy-shop-es-hoy-una-de-las-mejores-fuentes-para-comprar-productos-del-fandom-y-como-aprovecharlo-desde-pixvo-tech/,https://pixvo.tech/es/soluciones/contenido-seo/,editorial_to_money,conectar el contenido con intención comercial en España,P2,global
https://pixvo.tech/blog/por-que-geeksy-shop-es-hoy-una-de-las-mejores-fuentes-para-comprar-productos-del-fandom-y-como-aprovecharlo-desde-pixvo-tech/,https://pixvo.tech/mx/soluciones/optimizacion-de-conversion/,editorial_to_money,mejorar la conversión de tu web en México,P2,global
https://pixvo.tech/blog/por-que-geeksy-shop-es-hoy-una-de-las-mejores-fuentes-para-comprar-productos-del-fandom-y-como-aprovecharlo-desde-pixvo-tech/,https://pixvo.tech/ar/soluciones/optimizacion-de-conversion/,editorial_to_money,mejorar la conversión de tu web en Argentina,P2,global
https://pixvo.tech/blog/por-que-geeksy-shop-es-hoy-una-de-las-mejores-fuentes-para-comprar-productos-del-fandom-y-como-aprovecharlo-desde-pixvo-tech/,https://pixvo.tech/es/soluciones/optimizacion-de-conversion/,editorial_to_money,mejorar la conversión de tu web en España,P2,global
https://pixvo.tech/blog/black-friday-y-cyber-week-el-momento-del-ano-donde-tu-negocio-no-puede-improvisar/,https://pixvo.tech/,internal,Pixvo,P1,global
https://pixvo.tech/blog/black-friday-y-cyber-week-el-momento-del-ano-donde-tu-negocio-no-puede-improvisar/,https://pixvo.tech/blog/,child_to_parent,Blog,P3,global
https://pixvo.tech/blog/black-friday-y-cyber-week-el-momento-del-ano-donde-tu-negocio-no-puede-improvisar/,https://pixvo.tech/mx/,internal,México,P1,global
https://pixvo.tech/blog/black-friday-y-cyber-week-el-momento-del-ano-donde-tu-negocio-no-puede-improvisar/,https://pixvo.tech/ar/,internal,Argentina,P1,global
https://pixvo.tech/blog/black-friday-y-cyber-week-el-momento-del-ano-donde-tu-negocio-no-puede-improvisar/,https://pixvo.tech/es/,internal,España,P1,global
https://pixvo.tech/blog/black-friday-y-cyber-week-el-momento-del-ano-donde-tu-negocio-no-puede-improvisar/,https://pixvo.tech/,internal,Inicio,P1,global
https://pixvo.tech/blog/black-friday-y-cyber-week-el-momento-del-ano-donde-tu-negocio-no-puede-improvisar/,https://pixvo.tech/mx/soluciones/optimizacion-de-conversion/,editorial_to_money,México,P2,global
https://pixvo.tech/blog/black-friday-y-cyber-week-el-momento-del-ano-donde-tu-negocio-no-puede-improvisar/,https://pixvo.tech/ar/soluciones/optimizacion-de-conversion/,editorial_to_money,Argentina,P2,global
https://pixvo.tech/blog/black-friday-y-cyber-week-el-momento-del-ano-donde-tu-negocio-no-puede-improvisar/,https://pixvo.tech/es/soluciones/optimizacion-de-conversion/,editorial_to_money,España,P2,global
https://pixvo.tech/blog/black-friday-y-cyber-week-el-momento-del-ano-donde-tu-negocio-no-puede-improvisar/,https://pixvo.tech/mx/soluciones/analitica-digital/,editorial_to_money,medir qué acciones generan oportunidades en México,P2,global
https://pixvo.tech/blog/black-friday-y-cyber-week-el-momento-del-ano-donde-tu-negocio-no-puede-improvisar/,https://pixvo.tech/ar/soluciones/analitica-digital/,editorial_to_money,medir qué acciones generan oportunidades en Argentina,P2,global
https://pixvo.tech/blog/black-friday-y-cyber-week-el-momento-del-ano-donde-tu-negocio-no-puede-improvisar/,https://pixvo.tech/es/soluciones/analitica-digital/,editorial_to_money,medir qué acciones generan oportunidades en España,P2,global
https://pixvo.tech/blog/black-friday-y-cyber-week-el-momento-del-ano-donde-tu-negocio-no-puede-improvisar/,https://pixvo.tech/mx/soluciones/automatizacion-de-marketing/,editorial_to_money,organizar captación y comunicaciones automatizadas en México,P2,global
https://pixvo.tech/blog/black-friday-y-cyber-week-el-momento-del-ano-donde-tu-negocio-no-puede-improvisar/,https://pixvo.tech/ar/soluciones/automatizacion-de-marketing/,editorial_to_money,organizar captación y comunicaciones automatizadas en Argentina,P2,global
https://pixvo.tech/blog/black-friday-y-cyber-week-el-momento-del-ano-donde-tu-negocio-no-puede-improvisar/,https://pixvo.tech/es/soluciones/automatizacion-de-marketing/,editorial_to_money,organizar captación y comunicaciones automatizadas en España,P2,global
https://pixvo.tech/blog/el-mal-uso-de-la-ia-y-sus-consecuencias-reales-el-ejemplo-critico-de-los-libros-de-foraging-en-amazon/,https://pixvo.tech/,internal,Pixvo,P1,global
https://pixvo.tech/blog/el-mal-uso-de-la-ia-y-sus-consecuencias-reales-el-ejemplo-critico-de-los-libros-de-foraging-en-amazon/,https://pixvo.tech/blog/,child_to_parent,Blog,P3,global
https://pixvo.tech/blog/el-mal-uso-de-la-ia-y-sus-consecuencias-reales-el-ejemplo-critico-de-los-libros-de-foraging-en-amazon/,https://pixvo.tech/mx/,internal,México,P1,global
https://pixvo.tech/blog/el-mal-uso-de-la-ia-y-sus-consecuencias-reales-el-ejemplo-critico-de-los-libros-de-foraging-en-amazon/,https://pixvo.tech/ar/,internal,Argentina,P1,global
https://pixvo.tech/blog/el-mal-uso-de-la-ia-y-sus-consecuencias-reales-el-ejemplo-critico-de-los-libros-de-foraging-en-amazon/,https://pixvo.tech/es/,internal,España,P1,global
https://pixvo.tech/blog/el-mal-uso-de-la-ia-y-sus-consecuencias-reales-el-ejemplo-critico-de-los-libros-de-foraging-en-amazon/,https://pixvo.tech/,internal,Inicio,P1,global
https://pixvo.tech/blog/el-mal-uso-de-la-ia-y-sus-consecuencias-reales-el-ejemplo-critico-de-los-libros-de-foraging-en-amazon/,https://pixvo.tech/mx/soluciones/contenido-seo/,editorial_to_money,México,P2,global
https://pixvo.tech/blog/el-mal-uso-de-la-ia-y-sus-consecuencias-reales-el-ejemplo-critico-de-los-libros-de-foraging-en-amazon/,https://pixvo.tech/ar/soluciones/contenido-seo/,editorial_to_money,Argentina,P2,global
https://pixvo.tech/blog/el-mal-uso-de-la-ia-y-sus-consecuencias-reales-el-ejemplo-critico-de-los-libros-de-foraging-en-amazon/,https://pixvo.tech/es/soluciones/contenido-seo/,editorial_to_money,España,P2,global
https://pixvo.tech/blog/el-mal-uso-de-la-ia-y-sus-consecuencias-reales-el-ejemplo-critico-de-los-libros-de-foraging-en-amazon/,https://pixvo.tech/mx/soluciones/seo-para-pymes/,editorial_to_money,convertir esta idea en una estrategia SEO para PyMEs en México,P1,global
https://pixvo.tech/blog/el-mal-uso-de-la-ia-y-sus-consecuencias-reales-el-ejemplo-critico-de-los-libros-de-foraging-en-amazon/,https://pixvo.tech/ar/soluciones/seo-para-pymes/,editorial_to_money,convertir esta idea en una estrategia SEO para PyMEs en Argentina,P1,global
https://pixvo.tech/blog/el-mal-uso-de-la-ia-y-sus-consecuencias-reales-el-ejemplo-critico-de-los-libros-de-foraging-en-amazon/,https://pixvo.tech/es/soluciones/seo-para-pymes/,editorial_to_money,convertir esta idea en una estrategia SEO para PyMEs en España,P1,global
https://pixvo.tech/blog/por-que-necesitas-un-sitio-web-profesional-en-2025-y-como-conseguir-hosting-premium-con-descuento/,https://pixvo.tech/,internal,Pixvo,P1,global
https://pixvo.tech/blog/por-que-necesitas-un-sitio-web-profesional-en-2025-y-como-conseguir-hosting-premium-con-descuento/,https://pixvo.tech/blog/,child_to_parent,Blog,P3,global
https://pixvo.tech/blog/por-que-necesitas-un-sitio-web-profesional-en-2025-y-como-conseguir-hosting-premium-con-descuento/,https://pixvo.tech/mx/,internal,México,P1,global
https://pixvo.tech/blog/por-que-necesitas-un-sitio-web-profesional-en-2025-y-como-conseguir-hosting-premium-con-descuento/,https://pixvo.tech/ar/,internal,Argentina,P1,global
https://pixvo.tech/blog/por-que-necesitas-un-sitio-web-profesional-en-2025-y-como-conseguir-hosting-premium-con-descuento/,https://pixvo.tech/es/,internal,España,P1,global
https://pixvo.tech/blog/por-que-necesitas-un-sitio-web-profesional-en-2025-y-como-conseguir-hosting-premium-con-descuento/,https://pixvo.tech/,internal,Inicio,P1,global
https://pixvo.tech/blog/por-que-necesitas-un-sitio-web-profesional-en-2025-y-como-conseguir-hosting-premium-con-descuento/,https://pixvo.tech/mx/soluciones/optimizacion-wordpress/,editorial_to_money,México,P2,global
https://pixvo.tech/blog/por-que-necesitas-un-sitio-web-profesional-en-2025-y-como-conseguir-hosting-premium-con-descuento/,https://pixvo.tech/ar/soluciones/optimizacion-wordpress/,editorial_to_money,Argentina,P2,global
https://pixvo.tech/blog/por-que-necesitas-un-sitio-web-profesional-en-2025-y-como-conseguir-hosting-premium-con-descuento/,https://pixvo.tech/es/soluciones/optimizacion-wordpress/,editorial_to_money,España,P2,global
https://pixvo.tech/blog/por-que-necesitas-un-sitio-web-profesional-en-2025-y-como-conseguir-hosting-premium-con-descuento/,https://pixvo.tech/mx/soluciones/seo-wordpress/,editorial_to_money,mejorar el rastreo y la indexación de WordPress en México,P2,global
https://pixvo.tech/blog/por-que-necesitas-un-sitio-web-profesional-en-2025-y-como-conseguir-hosting-premium-con-descuento/,https://pixvo.tech/ar/soluciones/seo-wordpress/,editorial_to_money,mejorar el rastreo y la indexación de WordPress en Argentina,P2,global
https://pixvo.tech/blog/por-que-necesitas-un-sitio-web-profesional-en-2025-y-como-conseguir-hosting-premium-con-descuento/,https://pixvo.tech/es/soluciones/seo-wordpress/,editorial_to_money,mejorar el rastreo y la indexación de WordPress en España,P2,global
https://pixvo.tech/blog/por-que-necesitas-un-sitio-web-profesional-en-2025-y-como-conseguir-hosting-premium-con-descuento/,https://pixvo.tech/mx/soluciones/optimizacion-de-conversion/,editorial_to_money,mejorar la conversión de tu web en México,P2,global
https://pixvo.tech/blog/por-que-necesitas-un-sitio-web-profesional-en-2025-y-como-conseguir-hosting-premium-con-descuento/,https://pixvo.tech/ar/soluciones/optimizacion-de-conversion/,editorial_to_money,mejorar la conversión de tu web en Argentina,P2,global
https://pixvo.tech/blog/por-que-necesitas-un-sitio-web-profesional-en-2025-y-como-conseguir-hosting-premium-con-descuento/,https://pixvo.tech/es/soluciones/optimizacion-de-conversion/,editorial_to_money,mejorar la conversión de tu web en España,P2,global
https://pixvo.tech/blog/la-importancia-de-las-decisiones-y-resoluciones-eficientes-en-la-gestion-de-pequenas-y-medianas-empresas/,https://pixvo.tech/,internal,Pixvo,P1,global
https://pixvo.tech/blog/la-importancia-de-las-decisiones-y-resoluciones-eficientes-en-la-gestion-de-pequenas-y-medianas-empresas/,https://pixvo.tech/blog/,child_to_parent,Blog,P3,global
https://pixvo.tech/blog/la-importancia-de-las-decisiones-y-resoluciones-eficientes-en-la-gestion-de-pequenas-y-medianas-empresas/,https://pixvo.tech/mx/,internal,México,P1,global
https://pixvo.tech/blog/la-importancia-de-las-decisiones-y-resoluciones-eficientes-en-la-gestion-de-pequenas-y-medianas-empresas/,https://pixvo.tech/ar/,internal,Argentina,P1,global
https://pixvo.tech/blog/la-importancia-de-las-decisiones-y-resoluciones-eficientes-en-la-gestion-de-pequenas-y-medianas-empresas/,https://pixvo.tech/es/,internal,España,P1,global
https://pixvo.tech/blog/la-importancia-de-las-decisiones-y-resoluciones-eficientes-en-la-gestion-de-pequenas-y-medianas-empresas/,https://pixvo.tech/,internal,Inicio,P1,global
https://pixvo.tech/blog/la-importancia-de-las-decisiones-y-resoluciones-eficientes-en-la-gestion-de-pequenas-y-medianas-empresas/,https://pixvo.tech/mx/sistema-crecimiento-digital/,editorial_to_money,México,P1,global
https://pixvo.tech/blog/la-importancia-de-las-decisiones-y-resoluciones-eficientes-en-la-gestion-de-pequenas-y-medianas-empresas/,https://pixvo.tech/ar/sistema-crecimiento-digital/,editorial_to_money,Argentina,P1,global
https://pixvo.tech/blog/la-importancia-de-las-decisiones-y-resoluciones-eficientes-en-la-gestion-de-pequenas-y-medianas-empresas/,https://pixvo.tech/es/sistema-crecimiento-digital/,editorial_to_money,España,P1,global
https://pixvo.tech/blog/la-importancia-de-las-decisiones-y-resoluciones-eficientes-en-la-gestion-de-pequenas-y-medianas-empresas/,https://pixvo.tech/mx/soluciones/automatizacion-de-procesos/,editorial_to_money,reducir tareas manuales con automatización en México,P1,global
https://pixvo.tech/blog/la-importancia-de-las-decisiones-y-resoluciones-eficientes-en-la-gestion-de-pequenas-y-medianas-empresas/,https://pixvo.tech/ar/soluciones/automatizacion-de-procesos/,editorial_to_money,reducir tareas manuales con automatización en Argentina,P1,global
https://pixvo.tech/blog/la-importancia-de-las-decisiones-y-resoluciones-eficientes-en-la-gestion-de-pequenas-y-medianas-empresas/,https://pixvo.tech/es/soluciones/automatizacion-de-procesos/,editorial_to_money,reducir tareas manuales con automatización en España,P1,global
https://pixvo.tech/blog/la-importancia-de-las-decisiones-y-resoluciones-eficientes-en-la-gestion-de-pequenas-y-medianas-empresas/,https://pixvo.tech/mx/soluciones/analitica-digital/,editorial_to_money,medir qué acciones generan oportunidades en México,P2,global
https://pixvo.tech/blog/la-importancia-de-las-decisiones-y-resoluciones-eficientes-en-la-gestion-de-pequenas-y-medianas-empresas/,https://pixvo.tech/ar/soluciones/analitica-digital/,editorial_to_money,medir qué acciones generan oportunidades en Argentina,P2,global
https://pixvo.tech/blog/la-importancia-de-las-decisiones-y-resoluciones-eficientes-en-la-gestion-de-pequenas-y-medianas-empresas/,https://pixvo.tech/es/soluciones/analitica-digital/,editorial_to_money,medir qué acciones generan oportunidades en España,P2,global
https://pixvo.tech/blog/crear-un-sitio-web-rapido-con-las-herramientas-de-ia-de-hostinger/,https://pixvo.tech/,internal,Pixvo,P1,global
https://pixvo.tech/blog/crear-un-sitio-web-rapido-con-las-herramientas-de-ia-de-hostinger/,https://pixvo.tech/blog/,child_to_parent,Blog,P3,global
https://pixvo.tech/blog/crear-un-sitio-web-rapido-con-las-herramientas-de-ia-de-hostinger/,https://pixvo.tech/mx/,internal,México,P1,global
https://pixvo.tech/blog/crear-un-sitio-web-rapido-con-las-herramientas-de-ia-de-hostinger/,https://pixvo.tech/ar/,internal,Argentina,P1,global
https://pixvo.tech/blog/crear-un-sitio-web-rapido-con-las-herramientas-de-ia-de-hostinger/,https://pixvo.tech/es/,internal,España,P1,global
https://pixvo.tech/blog/crear-un-sitio-web-rapido-con-las-herramientas-de-ia-de-hostinger/,https://pixvo.tech/,internal,Inicio,P1,global
https://pixvo.tech/blog/crear-un-sitio-web-rapido-con-las-herramientas-de-ia-de-hostinger/,https://pixvo.tech/mx/soluciones/optimizacion-wordpress/,editorial_to_money,México,P2,global
https://pixvo.tech/blog/crear-un-sitio-web-rapido-con-las-herramientas-de-ia-de-hostinger/,https://pixvo.tech/ar/soluciones/optimizacion-wordpress/,editorial_to_money,Argentina,P2,global
https://pixvo.tech/blog/crear-un-sitio-web-rapido-con-las-herramientas-de-ia-de-hostinger/,https://pixvo.tech/es/soluciones/optimizacion-wordpress/,editorial_to_money,España,P2,global
https://pixvo.tech/blog/crear-un-sitio-web-rapido-con-las-herramientas-de-ia-de-hostinger/,https://pixvo.tech/mx/soluciones/seo-para-pymes/,editorial_to_money,convertir esta idea en una estrategia SEO para PyMEs en México,P1,global
https://pixvo.tech/blog/crear-un-sitio-web-rapido-con-las-herramientas-de-ia-de-hostinger/,https://pixvo.tech/ar/soluciones/seo-para-pymes/,editorial_to_money,convertir esta idea en una estrategia SEO para PyMEs en Argentina,P1,global
https://pixvo.tech/blog/crear-un-sitio-web-rapido-con-las-herramientas-de-ia-de-hostinger/,https://pixvo.tech/es/soluciones/seo-para-pymes/,editorial_to_money,convertir esta idea en una estrategia SEO para PyMEs en España,P1,global
https://pixvo.tech/blog/crear-un-sitio-web-rapido-con-las-herramientas-de-ia-de-hostinger/,https://pixvo.tech/mx/soluciones/optimizacion-de-conversion/,editorial_to_money,mejorar la conversión de tu web en México,P2,global
https://pixvo.tech/blog/crear-un-sitio-web-rapido-con-las-herramientas-de-ia-de-hostinger/,https://pixvo.tech/ar/soluciones/optimizacion-de-conversion/,editorial_to_money,mejorar la conversión de tu web en Argentina,P2,global
https://pixvo.tech/blog/crear-un-sitio-web-rapido-con-las-herramientas-de-ia-de-hostinger/,https://pixvo.tech/es/soluciones/optimizacion-de-conversion/,editorial_to_money,mejorar la conversión de tu web en España,P2,global
https://pixvo.tech/blog/la-ia-esta-matando-la-creatividad/,https://pixvo.tech/,internal,Pixvo,P1,global
https://pixvo.tech/blog/la-ia-esta-matando-la-creatividad/,https://pixvo.tech/blog/,child_to_parent,Blog,P3,global
https://pixvo.tech/blog/la-ia-esta-matando-la-creatividad/,https://pixvo.tech/mx/,internal,México,P1,global
https://pixvo.tech/blog/la-ia-esta-matando-la-creatividad/,https://pixvo.tech/ar/,internal,Argentina,P1,global
https://pixvo.tech/blog/la-ia-esta-matando-la-creatividad/,https://pixvo.tech/es/,internal,España,P1,global
https://pixvo.tech/blog/la-ia-esta-matando-la-creatividad/,https://pixvo.tech/,internal,Inicio,P1,global
https://pixvo.tech/blog/la-ia-esta-matando-la-creatividad/,https://pixvo.tech/mx/soluciones/contenido-seo/,editorial_to_money,México,P2,global
https://pixvo.tech/blog/la-ia-esta-matando-la-creatividad/,https://pixvo.tech/ar/soluciones/contenido-seo/,editorial_to_money,Argentina,P2,global
https://pixvo.tech/blog/la-ia-esta-matando-la-creatividad/,https://pixvo.tech/es/soluciones/contenido-seo/,editorial_to_money,España,P2,global
https://pixvo.tech/blog/la-ia-esta-matando-la-creatividad/,https://pixvo.tech/mx/soluciones/seo-para-pymes/,editorial_to_money,convertir esta idea en una estrategia SEO para PyMEs en México,P1,global
https://pixvo.tech/blog/la-ia-esta-matando-la-creatividad/,https://pixvo.tech/ar/soluciones/seo-para-pymes/,editorial_to_money,convertir esta idea en una estrategia SEO para PyMEs en Argentina,P1,global
https://pixvo.tech/blog/la-ia-esta-matando-la-creatividad/,https://pixvo.tech/es/soluciones/seo-para-pymes/,editorial_to_money,convertir esta idea en una estrategia SEO para PyMEs en España,P1,global
https://pixvo.tech/blog/redactar-sin-ia-reduce-productividad-evidencia-limites-y-como-implementarlo-en-marketing/,https://pixvo.tech/,internal,Pixvo,P1,global
https://pixvo.tech/blog/redactar-sin-ia-reduce-productividad-evidencia-limites-y-como-implementarlo-en-marketing/,https://pixvo.tech/blog/,child_to_parent,Blog,P3,global
https://pixvo.tech/blog/redactar-sin-ia-reduce-productividad-evidencia-limites-y-como-implementarlo-en-marketing/,https://pixvo.tech/mx/,internal,México,P1,global
https://pixvo.tech/blog/redactar-sin-ia-reduce-productividad-evidencia-limites-y-como-implementarlo-en-marketing/,https://pixvo.tech/ar/,internal,Argentina,P1,global
https://pixvo.tech/blog/redactar-sin-ia-reduce-productividad-evidencia-limites-y-como-implementarlo-en-marketing/,https://pixvo.tech/es/,internal,España,P1,global
https://pixvo.tech/blog/redactar-sin-ia-reduce-productividad-evidencia-limites-y-como-implementarlo-en-marketing/,https://pixvo.tech/,internal,Inicio,P1,global
https://pixvo.tech/blog/redactar-sin-ia-reduce-productividad-evidencia-limites-y-como-implementarlo-en-marketing/,https://pixvo.tech/mx/soluciones/contenido-seo/,editorial_to_money,México,P2,global
https://pixvo.tech/blog/redactar-sin-ia-reduce-productividad-evidencia-limites-y-como-implementarlo-en-marketing/,https://pixvo.tech/ar/soluciones/contenido-seo/,editorial_to_money,Argentina,P2,global
https://pixvo.tech/blog/redactar-sin-ia-reduce-productividad-evidencia-limites-y-como-implementarlo-en-marketing/,https://pixvo.tech/es/soluciones/contenido-seo/,editorial_to_money,España,P2,global
https://pixvo.tech/blog/redactar-sin-ia-reduce-productividad-evidencia-limites-y-como-implementarlo-en-marketing/,https://pixvo.tech/mx/soluciones/automatizacion-de-marketing/,editorial_to_money,organizar captación y comunicaciones automatizadas en México,P2,global
https://pixvo.tech/blog/redactar-sin-ia-reduce-productividad-evidencia-limites-y-como-implementarlo-en-marketing/,https://pixvo.tech/ar/soluciones/automatizacion-de-marketing/,editorial_to_money,organizar captación y comunicaciones automatizadas en Argentina,P2,global
https://pixvo.tech/blog/redactar-sin-ia-reduce-productividad-evidencia-limites-y-como-implementarlo-en-marketing/,https://pixvo.tech/es/soluciones/automatizacion-de-marketing/,editorial_to_money,organizar captación y comunicaciones automatizadas en España,P2,global
https://pixvo.tech/blog/redactar-sin-ia-reduce-productividad-evidencia-limites-y-como-implementarlo-en-marketing/,https://pixvo.tech/mx/soluciones/seo-para-pymes/,editorial_to_money,convertir esta idea en una estrategia SEO para PyMEs en México,P1,global
https://pixvo.tech/blog/redactar-sin-ia-reduce-productividad-evidencia-limites-y-como-implementarlo-en-marketing/,https://pixvo.tech/ar/soluciones/seo-para-pymes/,editorial_to_money,convertir esta idea en una estrategia SEO para PyMEs en Argentina,P1,global
https://pixvo.tech/blog/redactar-sin-ia-reduce-productividad-evidencia-limites-y-como-implementarlo-en-marketing/,https://pixvo.tech/es/soluciones/seo-para-pymes/,editorial_to_money,convertir esta idea en una estrategia SEO para PyMEs en España,P1,global
https://pixvo.tech/blog/caso-de-exito-microcuotas-y-como-google-ads-desarrollo-a-medida-le-cambiaron-el-juego/,https://pixvo.tech/,internal,Pixvo,P1,global
https://pixvo.tech/blog/caso-de-exito-microcuotas-y-como-google-ads-desarrollo-a-medida-le-cambiaron-el-juego/,https://pixvo.tech/blog/,child_to_parent,Blog,P3,global
https://pixvo.tech/blog/caso-de-exito-microcuotas-y-como-google-ads-desarrollo-a-medida-le-cambiaron-el-juego/,https://pixvo.tech/mx/,internal,México,P1,global
https://pixvo.tech/blog/caso-de-exito-microcuotas-y-como-google-ads-desarrollo-a-medida-le-cambiaron-el-juego/,https://pixvo.tech/ar/,internal,Argentina,P1,global
https://pixvo.tech/blog/caso-de-exito-microcuotas-y-como-google-ads-desarrollo-a-medida-le-cambiaron-el-juego/,https://pixvo.tech/es/,internal,España,P1,global
https://pixvo.tech/blog/caso-de-exito-microcuotas-y-como-google-ads-desarrollo-a-medida-le-cambiaron-el-juego/,https://pixvo.tech/,internal,Inicio,P1,global
https://pixvo.tech/blog/caso-de-exito-microcuotas-y-como-google-ads-desarrollo-a-medida-le-cambiaron-el-juego/,https://pixvo.tech/mx/casos-de-exito/microcuotas/,internal,México,P1,global
https://pixvo.tech/blog/caso-de-exito-microcuotas-y-como-google-ads-desarrollo-a-medida-le-cambiaron-el-juego/,https://pixvo.tech/ar/casos-de-exito/microcuotas/,internal,Argentina,P1,global
https://pixvo.tech/blog/caso-de-exito-microcuotas-y-como-google-ads-desarrollo-a-medida-le-cambiaron-el-juego/,https://pixvo.tech/es/casos-de-exito/microcuotas/,internal,España,P1,global
https://pixvo.tech/blog/caso-de-exito-microcuotas-y-como-google-ads-desarrollo-a-medida-le-cambiaron-el-juego/,https://pixvo.tech/mx/soluciones/automatizacion-de-procesos/,editorial_to_money,México,P1,global
https://pixvo.tech/blog/caso-de-exito-microcuotas-y-como-google-ads-desarrollo-a-medida-le-cambiaron-el-juego/,https://pixvo.tech/ar/soluciones/automatizacion-de-procesos/,editorial_to_money,Argentina,P1,global
https://pixvo.tech/blog/caso-de-exito-microcuotas-y-como-google-ads-desarrollo-a-medida-le-cambiaron-el-juego/,https://pixvo.tech/es/soluciones/automatizacion-de-procesos/,editorial_to_money,España,P1,global
https://pixvo.tech/blog/caso-de-exito-microcuotas-y-como-google-ads-desarrollo-a-medida-le-cambiaron-el-juego/,https://pixvo.tech/mx/soluciones/seguimiento-de-leads/,editorial_to_money,automatizar el seguimiento de tus leads en México,P1,global
https://pixvo.tech/blog/caso-de-exito-microcuotas-y-como-google-ads-desarrollo-a-medida-le-cambiaron-el-juego/,https://pixvo.tech/ar/soluciones/seguimiento-de-leads/,editorial_to_money,automatizar el seguimiento de tus leads en Argentina,P1,global
https://pixvo.tech/blog/caso-de-exito-microcuotas-y-como-google-ads-desarrollo-a-medida-le-cambiaron-el-juego/,https://pixvo.tech/es/soluciones/seguimiento-de-leads/,editorial_to_money,automatizar el seguimiento de tus leads en España,P1,global
https://pixvo.tech/blog/caso-de-exito-microcuotas-y-como-google-ads-desarrollo-a-medida-le-cambiaron-el-juego/,https://pixvo.tech/mx/soluciones/analitica-digital/,editorial_to_money,medir qué acciones generan oportunidades en México,P2,global
https://pixvo.tech/blog/caso-de-exito-microcuotas-y-como-google-ads-desarrollo-a-medida-le-cambiaron-el-juego/,https://pixvo.tech/ar/soluciones/analitica-digital/,editorial_to_money,medir qué acciones generan oportunidades en Argentina,P2,global
https://pixvo.tech/blog/caso-de-exito-microcuotas-y-como-google-ads-desarrollo-a-medida-le-cambiaron-el-juego/,https://pixvo.tech/es/soluciones/analitica-digital/,editorial_to_money,medir qué acciones generan oportunidades en España,P2,global
https://pixvo.tech/blog/caso-de-exito-microcuotas-y-como-google-ads-desarrollo-a-medida-le-cambiaron-el-juego/,https://pixvo.tech/mx/auditoria-crecimiento-digital/,editorial_to_money,auditar el proceso de captación y conversión en México,P1,global
https://pixvo.tech/blog/caso-de-exito-microcuotas-y-como-google-ads-desarrollo-a-medida-le-cambiaron-el-juego/,https://pixvo.tech/ar/auditoria-crecimiento-digital/,editorial_to_money,auditar el proceso de captación y conversión en Argentina,P1,global
https://pixvo.tech/blog/caso-de-exito-microcuotas-y-como-google-ads-desarrollo-a-medida-le-cambiaron-el-juego/,https://pixvo.tech/es/auditoria-crecimiento-digital/,editorial_to_money,auditar el proceso de captación y conversión en España,P1,global
https://pixvo.tech/proyectos/shortcodes-en-pestanas/,https://pixvo.tech/,child_to_parent,Pixvo,P1,global
https://pixvo.tech/proyectos/shortcodes-en-pestanas/,https://pixvo.tech/blog/,internal,Blog,P3,global
https://pixvo.tech/proyectos/shortcodes-en-pestanas/,https://pixvo.tech/mx/,internal,México,P1,global
https://pixvo.tech/proyectos/shortcodes-en-pestanas/,https://pixvo.tech/ar/,internal,Argentina,P1,global
https://pixvo.tech/proyectos/shortcodes-en-pestanas/,https://pixvo.tech/es/,internal,España,P1,global
https://pixvo.tech/proyectos/shortcodes-en-pestanas/,https://pixvo.tech/,child_to_parent,Inicio,P1,global
https://pixvo.tech/proyectos/shortcodes-en-pestanas/,https://pixvo.tech/mx/soluciones/seo-wordpress/,internal,SEO técnico para WordPress en México,P2,global
https://pixvo.tech/proyectos/shortcodes-en-pestanas/,https://pixvo.tech/mx/soluciones/optimizacion-wordpress/,internal,Rendimiento y estabilidad de WordPress en México,P2,global
https://pixvo.tech/proyectos/shortcodes-en-pestanas/,https://pixvo.tech/ar/soluciones/seo-wordpress/,internal,SEO técnico para WordPress en Argentina,P2,global
https://pixvo.tech/proyectos/shortcodes-en-pestanas/,https://pixvo.tech/ar/soluciones/optimizacion-wordpress/,internal,Rendimiento y estabilidad de WordPress en Argentina,P2,global
https://pixvo.tech/proyectos/shortcodes-en-pestanas/,https://pixvo.tech/es/soluciones/seo-wordpress/,internal,SEO técnico para WordPress en España,P2,global
https://pixvo.tech/proyectos/shortcodes-en-pestanas/,https://pixvo.tech/es/soluciones/optimizacion-wordpress/,internal,Rendimiento y estabilidad de WordPress en España,P2,global
https://pixvo.tech/proyectos/shortcodes-en-pestanas/,https://pixvo.tech/mx/solicitar-diagnostico/,conversion,Compartir el contexto para México,P1,global
https://pixvo.tech/proyectos/shortcodes-en-pestanas/,https://pixvo.tech/ar/solicitar-diagnostico/,conversion,Compartir el contexto para Argentina,P1,global
https://pixvo.tech/proyectos/shortcodes-en-pestanas/,https://pixvo.tech/es/solicitar-diagnostico/,conversion,Compartir el contexto para España,P1,global
https://pixvo.tech/,https://pixvo.tech/,child_to_parent,Pixvo,P1,global
https://pixvo.tech/,https://pixvo.tech/blog/,parent_to_child,Blog,P3,global
https://pixvo.tech/,https://pixvo.tech/mx/,parent_to_child,México,P1,global
https://pixvo.tech/,https://pixvo.tech/ar/,parent_to_child,Argentina,P1,global
https://pixvo.tech/,https://pixvo.tech/es/,parent_to_child,España,P1,global
https://pixvo.tech/,https://pixvo.tech/mx/,parent_to_child,Pixvo en México,P1,global
https://pixvo.tech/,https://pixvo.tech/ar/,parent_to_child,Pixvo en Argentina,P1,global
https://pixvo.tech/,https://pixvo.tech/es/,parent_to_child,Pixvo en España,P1,global
